{"speaker": 0.7922323140900595, "thank": 0.16160661756882463, "now": 0.02199057271804645, "read": 0.05434001505226932, "order": 0.021088249219772592, "presid": 0.178206388563611, "exercis": 0.5847562245063699, "power": 0.039836836861834625, "confer": 0.43444608134200985, "claus": 0.4075874211080716, "articl": 0.21863465113726777, "constitut": 0.05010770212758062, "islam": 0.13095238936428263, "republ": 0.6041664578339753, "pakistan": 0.002455083148234893, "herebi": 1.3874108064742179, "prorogu": 4.038080218481027, "nation": 0.09718995476199986, "assembl": 0.002008704394010367, "conclus": 0.5891712427154866, "it": 0.015744814681203395, "sit": 0.04636062514379203, "monday": 1.951651118262388, "march": 1.446771090061454, "gener": 0.038444402197309976, "pervaiz": 1.4577450597853705, "musharraf": 1.4228851946678776, "hous": 0.009823621996952067, "prime": 0.49845128817416134, "minist": 0.037668439808430806, "polici": 0.17138709311143782, "statement": 0.1689572543968165, "iraq": 14.288266351008115, "war": 0.3697352800765253, "will": 0.0335120782824366, "help": 0.13349951249381128, "take": 0.07867359298593238, "parliament": 1.752900796676104, "confid": 3.5212637302886844, "should": 0.09083849684296787, "know": 0.1196012087540184, "fact": 0.03728551923066561, "done": 0.05888106413092595, "into": 0.16562137528650273, "surpris": 0.4973778076887985, "see": 0.033586093046233514, "your": 0.052680327091167795, "attitud": 0.7635163412704791, "one": 0.008741510331770265, "worri": 0.5692581992290265, "desol": 4.973614310300997, "guy": 2.444428998411453, "are": 0.032178790232297486, "go": 0.04239468036778725, "just": 0.03589663011851132, "think": 0.028521625499539915, "when": 0.04307872016435817, "make": 0.022893303493923378, "these": 0.039471053628934216, "decis": 0.2724024471207919, "owner": 0.6420324336888268, "whole": 0.04425904818816593, "world": 0.051281548957990586, "consciou": 1.2592557708860757, "even": 0.04285717161661925, "though": 0.5275870760293165, "enthusiasm": 1.6231444521484995, "come": 0.026508306737502832, "pakistani": 0.24973126916877775, "peopl": 0.04849632821600778, "govern": 0.05120788633588959, "all": 0.012536418928881275, "togeth": 0.16353024449035686, "can": 0.04033183419069049, "get": 0.029670390703413315, "rid": 1.1331219560122723, "extern": 0.8616833635768202, "ambit": 1.6529974152981808, "ani": 0.03433995524088507, "way": 0.044681989261462544, "addit": 0.1327346941008894, "seen": 0.11030714451922634, "treat": 0.29597343647840335, "today": 0.1771846008429494, "tomorrow": 0.1370764197310725, "same": 0.06360184085978687, "issu": 0.035202908273139, "front": 0.6417745464927077, "say": 0.09582927807150851, "clear": 0.08715340082958438, "word": 0.22949090019931265, "speak": 0.16071781465670246, "parliamentarian": 1.365426150926139, "which": 0.013884279251714265, "consid": 0.04706213341528235, "onli": 0.029676803496165104, "graduat": 1.4173450142922621, "their": 0.030466097101786747, "beast": 1.870909917194838, "they": 0.03895681434424597, "want": 0.09120847439895204, "talk": 0.46167027119385495, "lfo": 14.792285253895235, "sad": 0.5249093084971175, "muslim": 0.42354012540476826, "devoid": 2.987066515513857, "interrupt": 0.559174262583219, "mir": 3.1506009997804627, "zafarullah": 19.51711389656343, "khan": 0.12591316921657858, "jamali": 17.843160126449515, "tell": 0.0576442427458194, "floor": 0.8294917752816224, "what": 0.07759067206374987, "too": 0.07529316256702503, "noth": 0.11155387202144224, "new": 0.11185655769199682, "that": 1.032541514248509, "few": 0.151549020700171, "god": 0.3489169886422093, "guid": 0.7522108699599909, "pray": 0.585557506600524, "allah": 0.36259105354126986, "put": 0.03728551923066561, "intellect": 3.8096229377410387, "them": 0.009417109952107702, "blind": 1.5778077772737178, "great": 0.06809554714303293, "slogan": 1.8633910908374915, "america": 0.7785976251331858, "nowaday": 0.8142273216648522, "era": 0.7952646776183975, "unit": 0.32867956024373385, "state": 0.054725084639371216, "stand": 0.08487609219987566, "off": 0.4833387549291159, "about": 0.057453597787893336, "mna": 0.3765413345455248, "character": 4.313256952564043, "shape": 0.9774873762243422, "right": 0.022112814367333946, "countri": 0.08439493711927266, "listen": 0.6678106056449226, "intervent": 1.0661176624229822, "brother": 0.2574222451038172, "privileg": 0.2551154390059022, "breach": 1.2475323071900164, "po": 2.874212026058623, "extra": 0.750318721807953, "member": 0.06983009857480085, "allow": 0.03705390371139045, "made": 0.025603943167944794, "promis": 0.30380480180435027, "whenev": 0.26089246258282445, "there": 0.016111025518761424, "first": 0.018468993437423205, "then": 0.02063724008492627, "regard": 0.027144846943376565, "relat": 0.05882697499486884, "wonder": 0.9339644062899368, "without": 0.06857850904138423, "understand": 0.11907457275575409, "anyon": 0.41407743555515863, "wisdom": 0.9581035094032938, "burn": 0.7631607532295773, "kill": 0.32674509514515704, "request": 0.09689352333432781, "leader": 0.8211624649327931, "doe": 0.02416831354942992, "against": 0.0616409541733012, "advisori": 5.422153984213368, "committe": 0.3119179405485795, "decorum": 2.316291632708445, "maintain": 0.34485361369978856, "accord": 0.03914037717030493, "support": 0.061908641532276945, "anoth": 0.11339812618266529, "hurt": 2.2213297784009867, "our": 0.08223923828639501, "aspect": 0.5355275349192694, "speech": 0.1128021557935694, "intent": 0.5871521448587729, "ha": 0.012747419380995682, "been": 0.011189466358046221, "said": 0.03739268734287312, "repeat": 0.22169403330381846, "purpos": 0.0873969172072642, "keep": 0.09599648788935308, "choos": 1.2671484716849846, "continu": 0.051516483764662786, "honesti": 1.5375481029880174, "parti": 0.10726676894574355, "decid": 0.17719106820013675, "iraqi": 3.0094388132683902, "much": 0.029670390703413315, "would": 0.008966659494040768, "like": 0.013706539714399169, "complaint": 0.4490246109722447, "yesterday": 0.21863465113726777, "sahib": 0.11230265528368341, "did": 0.027144846943376565, "whi": 0.04123121310448916, "honour": 0.18211359371348879, "give": 0.028771006379233192, "given": 0.03693798687484641, "meet": 0.013028036917816312, "postpon": 0.6458565301272302, "irel": 6.0097062419877725, "lead": 0.7905037509166976, "mani": 0.08625381897495087, "chant": 2.0394143284356505, "nine": 0.39757398630440915, "stage": 0.1980210313105654, "opposit": 0.395638391788981, "stood": 1.0475565997879803, "dai": 3.3641763978668964, "lander": 5.842652157324606, "kept": 0.1294272238424055, "place": 0.01869634367143656, "precaut": 2.4465961751628695, "good": 0.026228046512440355, "tradit": 0.842193152464296, "requir": 0.051516483764662786, "set": 0.06905663479756417, "own": 0.035202908273139, "seat": 0.7097567460290666, "bismillah": 1.1961203802654654, "rahman": 0.517155293468746, "rahim": 0.813833460542789, "household": 1.831131945737919, "durat": 1.4958542145344687, "visit": 0.39514753593535945, "topic": 1.6867260792313044, "beat": 1.5200489431215254, "alreadi": 0.05811716779601484, "happen": 0.05481137966151531, "move": 0.03705390371139045, "further": 0.07939202303741066, "novic": 4.296727650612832, "convers": 0.75838519496551, "veri": 0.030129855938922822, "bad": 0.21281987634278426, "establish": 0.08959123723927184, "although": 0.5170189801296066, "object": 0.10236468529355097, "instruct": 0.4358253919055153, "per": 0.1637930911208621, "amir": 0.6058011128771705, "hussain": 0.23092874283768786, "chair": 0.0017869113532948794, "name": 0.01892374560533286, "merci": 0.4200770349373762, "assembiy": 5.842652157324606, "debat": 0.026056073835632625, "met": 0.0035770214755437148, "hall": 0.43306867065591476, "islamabad": 0.1658983550563245, "recit": 0.10558370503493847, "holi": 0.07939202303741066, "quran": 0.09081238771462585, "zanobak": 8.407601514786142, "wamnun": 8.407601514786142, "yat": 4.3822498240509935, "allahu": 4.103536421581973, "warisulhhhhhhhhhhhhhhhhhhhhhhhhhhhhhhhhh": 8.407601514786142, "surah": 1.7495904689153947,