{"constitu": 6.5806348304892275, "assembl": 0.016069635152082935, "pakistan": 0.005802923804918838, "aug": 13.042544301628086, "resolut": 4.3162454154875025, "nomin": 17.48256995660297, "panel": 11.56286440415949, "chairmen": 16.184270444568863, "honour": 3.278044686842798, "liaquat": 14.02948192221339, "ali": 0.6256176450264248, "khan": 0.3205062489149273, "east": 4.802771544763492, "bengal": 14.027195250732834, "muslim": 1.5529804598174834, "sir": 0.22937258274893776, "beg": 1.5220582966696898, "move": 0.4817007482480759, "assembi": 4.248718431426471, "resolv": 1.5270326825409581, "soon": 0.402794748844971, "may": 0.3711162943250397, "after": 0.042176498439545185, "first": 0.16622094093680884, "meet": 0.16936447993161205, "presid": 3.5641277712722204, "shall": 5.273090747684884, "among": 0.9442514617432773, "member": 0.25604369477426975, "more": 0.26174881140011186, "than": 0.32849014131675686, "four": 0.15948772401399433, "ani": 0.25182633843315716, "one": 0.20979624796248636, "whom": 0.4522039974354941, "over": 0.08936397852292509, "absenc": 0.7173452929783836, "when": 0.04307872016435817, "request": 0.09689352333432781, "time": 0.17933318988081537, "offic": 0.4895731548014984, "fall": 0.4975980481842824, "vacant": 2.444428998411453, "there": 0.04833307655628427, "person": 0.1468088537371553, "author": 0.10434439393320229, "abl": 0.2542877695163785, "appoint": 1.7755720466002776, "behalf": 0.7246675963566794, "until": 1.2257849279451631, "ha": 0.08073365607963931, "been": 0.09511046404339288, "duli": 11.770070231616748, "elect": 4.4223206473548835, "chairman": 9.552053143047289, "under": 0.12958663542564317, "subparagraph": 6.1209879681373485, "hold": 0.35831526356421833, "new": 0.14914207692266243, "object": 0.3070940558806529, "provid": 0.09646481712694556, "those": 0.0821258197669634, "occas": 1.3552863579482102, "absent": 1.4800436085078263, "would": 0.17933318988081537, "notic": 0.5371653109297936, "give": 0.07192751594808298, "power": 0.11951051058550388, "who": 0.07252400362596158, "him": 0.13916499640788957, "sardar": 0.7666637234797995, "bahadur": 4.815620254385497, "doe": 0.04833662709885984, "visualis": 3.0094388132683902, "ghairmen": 8.407601514786142, "session": 0.2685820074798384, "will": 0.05808760235622344, "carri": 0.22197262363853576, "life": 0.14195134920581332, "everi": 0.1667766634491932, "befor": 0.24305246772867528, "put": 0.07457103846133122, "motion": 0.5953352768611276, "like": 0.12335885742959252, "declar": 1.8249706354180124, "secretari": 0.40202914975953485, "receiv": 0.1900024755704936, "paper": 1.7447890128526267, "till": 0.4937729102013675, "today": 0.2531208583470706, "known": 0.2539640284008603, "accor": 3.76321061564477, "ding": 2.671029217306951, "which": 0.041652837755142794, "are": 0.04826818534844623, "sent": 0.223606808299997, "temporari": 20.730013414460174, "question": 0.1702388678575823, "tha": 2.3299592714371085, "authoriz": 7.714454334226198, "wa": 0.026148191373465683, "adopt": 1.1615134178348736, "then": 0.04127448016985254, "adjourn": 0.08617992788826462, "ten": 0.18995097822235982, "clock": 0.660929752495378, "monday": 0.6505503727541293, "august": 0.7412498019259138, "rule": 0.8901117211023994, "usual": 0.7036913051698316, "such": 0.24297494142308093, "case": 0.09246143125995179, "hope": 0.8966289194911452, "hous": 0.0053583392710647645, "agre": 0.2908218266367555, "just": 0.07179326023702264, "now": 0.10995286359023224, "dhirendra": 14.572700357227973, "nath": 23.503893876186943, "datta": 15.779695149380917, "gener": 0.23066641318385986, "probabl": 0.2136484912224006, "some": 0.04285717161661925, "mistak": 0.48425330285598855, "subrul": 6.051725901410646, "where": 0.1916192491014415, "candid": 26.378092442366885, "exclud": 10.198097604110451, "speak": 0.16071781465670246, "exclus": 2.5743142847873104, "chang": 0.337914508793633, "made": 0.05120788633588959, "elec": 4.847330468197905, "ted": 3.759287194327185, "accord": 0.11742113151091478, "follow": 0.2049934100120335, "anoth": 0.22679625236533058, "deliv": 1.2857619400293314, "sign": 2.9507375130750564, "himself": 0.17542727840220274, "propos": 1.42104144554919, "third": 0.39495421924375324, "second": 0.4483337584671839, "state": 0.2736254231968561, "name": 0.24600869286932717, "ascertain": 2.9620489631268363, "serv": 0.5039044888402837, "fix": 0.9246809186414291, "read": 0.3260400903136159, "out": 0.15824053508578256, "togeth": 0.3270604889807137, "their": 0.08378176702991355, "onli": 0.1780608209769906, "proceed": 0.939489639682684, "ballot": 24.248666345081975, "date": 0.391698475193665, "purpos": 0.1747938344145284, "deem": 5.433386694121226, "nomi": 3.209104483520317, "nate": 2.572790777723538, "entitl": 1.4064806937516612, "vote": 6.458673593446502, "roll": 2.155030527347832, "two": 0.06740160479949903, "obtain": 9.02004602613874, "larger": 2.521658670667012, "number": 0.484666280281809, "they": 0.03895681434424597, "equal": 1.6229887508810505, "draw": 1.2055059781554522, "lot": 0.4223348201397539, "manner": 1.097230614254038, "determin": 2.5547743013096964, "aggreg": 10.950882367222492, "other": 0.04044096287969942, "smallest": 11.658160285782378, "each": 0.4258285628939815, "be": 0.12946952870654937, "remain": 0.3359722897702841, "three": 0.057502545983300575, "them": 0.07533687961686161, "between": 0.1709008891464809, "whose": 0.21017559254397197, "withdraw": 0.7485349978121638, "candidatur": 8.207072843163946, "writi": 7.308989226118033, "abdur": 4.547926853201669, "rab": 4.877787909601555, "nishtar": 4.75383250904976, "west": 0.8565252390476312, "punjab": 0.2993946426409374, "day": 0.16008527429762393, "himsel": 7.021307153666252, "nomina": 4.2804671297410515, "candi": 3.313851313979381, "write": 0.29597343647840335, "though": 0.26379353801465827, "veri": 0.04519478390838423, "import": 0.020744825097908925, "less": 0.31083215756562843, "uncontroversi": 6.0097062419877725, "absolut": 0.8637157854866795, "essenti": 0.5447194801446528, "assem": 2.5468152913202773, "bli": 2.5640570977547834, "fram": 4.536400503878252, "ing": 1.8386159992534301, "special": 0.0859367076511419, "necessari": 0.668772910008174, "these": 0.029603290221700662, "provision": 2.0224071157884174, "central": 2.8475337643387166, "legisl": 3.0562078293295, "stand": 0.3677963995327945, "order": 0.16870599375818074, "went": 0.1606434822179659, "desir": 0.4560421836308913, "should": 0.21195649263359168, "indic": 1.2531064195296109, "what": 0.07759067206374987, "item": 0.8873073225877244, "agenda": 6.406591718082437, "taken": 0.0506369622715636, "all": 0.03760925678664383, "morn": 0.20156375200732868, "afternoon": 1.180665496292854, "intend": 0.34296503901192055, "take": 0.01748302066354053, "no": 0.7883680985593373, "see": 0.033586093046233514, "formal": 1.5494320187820196, "natur": 0.3481967491042983, "modif": 5.350608860958748, "discret": 2.1257649212729413, "permit": 1.1599239368394414, "pend": 1.0191236480430492, "frame": 6.643836671275713, "it": 0.047234444043610185, "own": 0.070405816546278, "procedur": 0.6837496786947763, "must": 0.17648092498460652, "function": 1.421220060989986, "submit": 0.21712866634615272, "easiest": 3.3771635933937074, "way": 0.022340994630731272, "requir": 0.10303296752932557, "resolu": 2.8316524116398267, "tion": 2.0707507278024417, "later": 0.15411348644023817, "recommend": 0.258577646734373, "commit": 0.19476193010965853, "tee": 3.0557433813100765, "precedur": 5.188725689917942, "matter": 0.05658406146658377, "connect": 0.3754735457469839, "therewith": 3.1872456897078183, "accept": 0.21613388890709118, "think": 0.1996513784967794, "suppli": 1.250451021929472, "know": 0.1794018131310276, "becaus": 0.08115697689770275, "copi": 3.384704329039086, "regard": 0.027144846943376565, "point": 0.1801444797505158, "rais": 0.22829804320598415, "say": 0.031943092690502835, "few": 0.151549020700171, "whi": 0.04123121310448916, "could": 0.03589663011851132, "circul": 5.034904687075041, "mem": 1.6276796073138908, "ber": 1.3661898509913324,