{"assembl": 0.0015623256397858409, "debat": 0.013028036917816312, "nation": 0.013884279251714265, "pakistan": 0.0006695681313367889, "tuesday": 0.8223204361470174, "decemb": 0.801801338691552, "met": 0.0035770214755437148, "provinci": 0.08885926209374392, "chamber": 0.35339661772173614, "dacca": 1.5681250765573005, "nine": 0.7951479726088183, "clock": 0.660929752495378, "morn": 0.40312750401465736, "act": 0.5141612793343134, "speaker": 0.250178625502124, "muhammad": 0.10915133916763638, "afzal": 1.4346309882187505, "cheema": 1.977641264070698, "chair": 0.003573822706589759, "recit": 0.10558370503493847, "holi": 0.07939202303741066, "quran": 0.09081238771462585, "adjourn": 0.4308996394413231, "lack": 0.762862639679433, "quorum": 6.160334875332161, "question": 0.03404777357151646, "hour": 0.10483993408209395, "begin": 0.220302244630996, "farid": 1.2871571423936552, "ahmad": 0.09448481196688957, "east": 0.48027715447634917, "sir": 0.015291505516595852, "there": 0.005370341839587141, "hous": 0.0044652827258873035, "after": 0.03163237382965889, "count": 1.1607212260666633, "secretari": 0.13400971658651162, "ye": 0.03174149948654943, "are": 0.0026815658526914573, "just": 0.03589663011851132, "member": 0.005819174881233404, "withdrew": 2.177120067207661, "again": 0.02508322669650723, "fallen": 1.1612334346836821, "short": 0.18424261530688454, "stand": 0.05658406146658377, "fifteen": 0.7472375602058458, "minut": 0.31451980224628184, "querum": 5.635012792546362, "reassembl": 1.9372598447805625, "want": 0.018241694879790406, "tomorrow": 0.1370764197310725, "till": 0.08229548503356125, "wednesday": 0.9476867485450381, "gppkl": 2.935330841114668}