{"doubt": 0.7679396034491799, "will": 0.0335120782824366, "rise": 0.9876702334788722, "dream": 3.9802008542860836, "our": 0.28783733400238254, "found": 0.09276933550158675, "father": 0.7209801798415232, "had": 0.07387597374969282, "about": 0.07660479705052445, "pakistan": 0.003347840656683945, "wish": 2.684368314463999, "new": 0.14914207692266243, "govern": 0.08961380108780678, "parliament": 2.483276128624481, "good": 0.10491218604976142, "luck": 4.065153389916093, "thank": 0.21547549009176617, "paindabad": 5.411869241232152, "speaker": 0.6671430013389974, "exercis": 0.5847562245063699, "power": 0.27885785803284235, "confer": 0.43444608134200985, "claus": 0.4075874211080716, "articl": 0.8745386045490711, "constitut": 0.8518309361688705, "islam": 0.6547619468214132, "republ": 3.0208322891698765, "herebi": 1.3874108064742179, "prorogu": 2.0190401092405135, "both": 0.2580945744670436, "hous": 0.006251395816242225, "assembl": 0.0013391362626735779, "togeth": 1.4717722004132117, "summon": 1.4145863918531825, "monday": 1.3011007455082586, "june": 0.6909678640628087, "conclus": 0.5891712427154866, "it": 0.06297925872481358, "busi": 0.056699063091332644, "sign": 0.5901475026150113, "asif": 2.3445562701412874, "ali": 0.12512352900528495, "zardar": 5.574388170729927, "presid": 0.356412777127222, "august": 0.7412498019259138, "devis": 1.3411345446491851, "appropri": 0.26932887625595775, "wise": 0.661733284993875, "polici": 0.2570806396671567, "assur": 0.17489550492516742, "support": 0.061908641532276945, "can": 0.04839820102882858, "achiev": 0.9132292875010688, "lot": 0.21116741006987694, "keep": 0.04799824394467654, "asid": 1.37321358487064, "prejudic": 1.5375481029880174, "ego": 2.339175926542033, "let": 0.31144637126834473, "renew": 1.5724169286388414, "commit": 0.38952386021931706, "principl": 0.2690367775245102, "democraci": 4.502896402339711, "rule": 0.029670390703413315, "law": 0.13065348380310743, "vow": 2.910433289492941, "uphold": 3.882913581097047, "supremaci": 1.532369427509566, "each": 0.14194285429799383, "pillar": 4.209965078082476, "state": 0.12769186415853284, "must": 0.41178882496408187, "oper": 0.17091619207368616, "within": 0.08618682207110785, "limit": 0.1580263647859449, "organ": 0.2357195086583228, "trespass": 3.7071211489937266, "into": 0.05520712509550091, "domain": 2.343816306098535, "other": 0.053921283839599224, "need": 0.741078074227809, "reconcili": 8.793084823806835, "confront": 3.8858222102256947, "forward": 0.6995820197006697, "democrat": 2.9168023618637253, "forc": 0.6803056441849573, "challeng": 1.7308984569090682, "one": 0.043707551658851325, "anoth": 0.17009718927399792, "come": 0.03976246010625425, "join": 0.48824532412552607, "rank": 0.913727628002584, "are": 0.04022348779037186, "seriou": 0.509654924084138, "econom": 0.5648262626401556, "hardship": 1.570268700100552, "caus": 0.37499698955174293, "pain": 0.8274120968416023, "shortag": 0.4784750274793435, "milit": 15.212335523474401, "extrem": 1.174323999047925, "compound": 2.276375025303002, "woe": 3.8858129377371027, "find": 0.09276933550158675, "solut": 0.5065944627937226, "problem": 0.1290472872335218, "basha": 3.6284780216746135, "dam": 0.9232328715000122, "ha": 0.05948795711131318, "alreadi": 0.23246867118405937, "been": 0.07273153132730044, "launch": 1.3011007455082586, "gener": 0.038444402197309976, "mw": 5.922694864998142, "store": 0.8792697480788961, "over": 0.044681989261462544, "million": 0.11781093160449888, "acr": 0.8162444680875921, "feet": 0.7636395657836137, "water": 0.396586206278412, "work": 0.06086773267327707, "energi": 1.4706181183147755, "project": 0.25915584854290724, "like": 0.041119619143197506, "thar": 1.72800232894176, "coal": 1.3317926508077562, "step": 0.15299393346620843, "face": 0.20923712481852327, "huge": 0.3801249839256611, "task": 0.5069649017681384, "confid": 1.0563791190866054, "overcom": 2.174149105026807, "peac": 2.3223124254733554, "balochistan": 0.46595026185558747, "receiv": 0.06333415852349787, "high": 0.24398018216813533, "prioriti": 0.5222722755129523, "address": 1.0640993817139213, "issu": 0.176014541365695, "miss": 1.1173355768441438, "person": 0.08389077356408875, "commiss": 0.3684852306137691, "set": 0.2071699043926925, "also": 0.0829136402662234, "made": 0.07681182950383439, "some": 0.04285717161661925, "progress": 1.232188929639115, "more": 0.03739268734287312, "done": 0.05888106413092595, "cycl": 1.5745697819999425, "poverti": 1.990882359681876, "broken": 0.7086653149726952, "program": 0.9918219881556091, "allevi": 2.1692768897466355, "women": 1.5204999357026443, "empower": 5.772281193847793, "poor": 0.15229270300054595, "expect": 0.3071858484425982, "continu": 0.15454945129398837, "strengthen": 3.183501714982471, "further": 0.3969601151870533, "minor": 0.40993838776604263, "most": 0.12052106618017204, "vulner": 2.3841539218251104, "group": 0.6659048794389814, "effort": 0.34925944838541156, "protect": 0.38751976676121624, "empow": 3.9079081995489027, "them": 0.037668439808430806, "kept": 0.1294272238424055, "interfaith": 2.504968181384777, "harmoni": 1.6163800520599574, "take": 0.043707551658851325, "measur": 0.24651200194034592, "prevent": 0.7812475360477615, "misus": 1.2887752657240654, "blasphemi": 2.8430811074634494, "settl": 0.527553313814566, "polit": 0.6975427866058672, "score": 1.403627378063463, "dictat": 1.9011388513275251, "they": 0.08440643107919961, "were": 0.09191859359872548, "meant": 0.8228284371739443, "peopl": 0.1576130667020253, "outgo": 6.1209879681373485, "last": 0.056124977337401794, "contribut": 0.586359431262585, "truli": 1.4018124955326405, "provinci": 0.08885926209374392, "right": 0.06633844310200183, "well": 0.05199795535250759, "parliamentari": 0.117058014013403, "sovereignti": 5.259802059059448, "restor": 0.4663059438796111, "abolish": 0.7251190682516377, "concurr": 1.8869803872274469, "legisl": 0.30562078293295, "list": 0.172240871032795, "transfer": 0.9672683001348195, "all": 0.08775493250216893, "subject": 0.1606434822179659, "provinc": 0.22949090019931265, "banish": 3.8858129377371027, "hung": 2.7071579413954567, "sword": 1.894371403873836, "council": 0.3261264746490908, "common": 0.25223939445800864, "interest": 0.15058632513405007, "oil": 0.5374355683162977, "ga": 0.6070288601154931, "natur": 0.17409837455214916, "resourc": 0.27401409712517655, "now": 0.010995286359023224, "belong": 0.1388696826684053, "jointli": 1.870909917194838, "feder": 0.1256244559183845, "oversight": 2.7728119116168934, "role": 0.2681609929115342, "select": 0.7401166593348929, "chief": 0.16195461391228286, "elect": 1.2060874492786047, "commission": 0.6756707928376565, "think": 0.028521625499539915, "subvert": 9.815409233207642, "suspens": 1.2459795118469557, "abrog": 8.529243322390348, "act": 0.08569354655571891, "treason": 2.608508860325617, "court": 0.1294272238424055, "shall": 0.18183071543740978, "valid": 0.9237948271203079, "these": 0.029603290221700662, "small": 0.14917905232726655, "wa": 0.017432127582310455, "consensu": 0.9459611225775683, "compliment": 4.565836247783877, "everi": 0.03335533268983864, "singl": 0.6064004137290616, "member": 0.04073422416863383, "commend": 4.293760333015183, "previou": 0.18049328043799692, "coalit": 1.8241922926273784, "partner": 1.1449729138119018, "inde": 1.493090264848627, "parti": 0.2145335378914871, "who": 0.018131000906490394, "possibl": 0.09032374856490814, "root": 4.39623486898781, "freedom": 1.2545968537555394, "constitution": 4.0508926880965515, "lead": 0.3952518754583488, "nation": 0.07636353588442846, "greater": 0.7923031749603284, "glori": 3.372351627990999, "first": 0.14775194749938564, "given": 0.03693798687484641, "leader": 0.2346178471236552, "time": 0.026899978482122305, "led": 0.6871398201864214, "shahe": 2.241450206070887, "zulfikar": 2.693868709276774, "bhutto": 1.0460500083796371, "fundament": 0.815235386266347, "introduc": 0.2974747128450438, "felt": 0.7118435242313819, "result": 0.17674315230763427, "great": 0.23833441500061525,