{"constitu": 1.5186080378052065, "assembl": 0.0015623256397858409, "pakistan": 0.004686976919357523, "nov": 4.467630821768413, "hope": 0.2988763064970484, "hous": 0.01160973508730699, "will": 0.00670241565648732, "excus": 0.9900211123715987, "strike": 1.0739251191284591, "person": 0.06291808017306656, "note": 0.26176190184930204, "occas": 0.6776431789741051, "hajj": 1.037370872979062, "year": 0.1484042953395027, "had": 0.09234496718711602, "honour": 0.5463407811404664, "interview": 1.0950480166835455, "late": 5.502487806278458, "majesti": 43.44552157463233, "wa": 0.05520173734398311, "clear": 0.08715340082958438, "what": 0.015518134412749974, "said": 0.03739268734287312, "entertain": 1.3661898509913324, "great": 0.4766688300012305, "love": 0.5736051730766828, "her": 0.3101752161889297, "part": 0.13434437218493406, "highest": 0.6094888859563554, "esteem": 1.6789729017014414, "rever": 3.0416254997642915, "such": 0.03239665885641079, "grief": 3.494052729892914, "today": 0.10124834333882823, "all": 0.04387746625108446, "more": 0.01869634367143656, "genuin": 1.191626512134677, "deep": 5.269395921932558, "doubt": 0.2559798678163933, "unanim": 0.6673719900229615, "desir": 0.9120843672617825, "accord": 0.07828075434060985, "motion": 0.9525364429778042, "move": 0.11116171113417136, "brohi": 14.782815306102213, "messag": 1.4173306299453905, "condol": 16.791518305404836, "should": 0.020186332631770637, "sent": 0.1118034041499985, "king": 27.54353705255335, "saud": 68.09912635811521, "son": 1.1345770629319578, "successor": 2.572790777723538, "token": 4.120424610260265, "heartfelt": 7.2634485285051165, "sympathi": 5.438682924885865, "sorrow": 10.345037182914801, "peopl": 0.06062041027000972, "sad": 1.5747279254913524, "loss": 1.268381913891408, "suffer": 0.535071294150693, "other": 0.053921283839599224, "member": 0.029095874406167017, "royal": 5.638930791490777, "famili": 1.1125270000076515, "saudi": 15.992128028093756, "arabia": 18.086237682221224, "signifi": 3.3641763978668964, "their": 0.038082621377233436, "assent": 2.5468152913202773, "kindli": 0.330464876247689, "rise": 0.32922341115962406, "seat": 0.42585404761743995, "remain": 0.08399307244257102, "stand": 0.05658406146658377, "silenc": 1.582141478530836, "two": 0.06740160479949903, "minut": 0.2096798681641879, "those": 0.01642516395339268, "them": 0.018834219904215403, "who": 0.012087333937660262, "may": 0.053016613475005664, "offer": 0.32495909661507794, "prayer": 0.34422369241911666, "soul": 1.4118353584812926, "then": 0.02063724008492627, "stood": 0.5237782998939902, "presid": 0.6237223599726386, "thank": 0.10773774504588308, "gentlemen": 0.6761094855404587, "secretari": 0.13400971658651162, "take": 0.008741510331770265, "necessari": 0.1337545820016348, "action": 0.0578806773136544, "adjourn": 0.17235985577652924, "till": 0.1645909700671225, "thursday": 0.8418082323576287, "next": 0.05646290769998822, "gppkl": 2.935330841114668, "ca2254340": 6.798163602352043, "demis": 19.12347413824691, "ibn": 50.76609203304737, "inde": 0.7465451324243135, "muslim": 1.411800418015894, "over": 0.1563869624151189, "world": 0.7692232343698588, "grievou": 4.038153662319122, "our": 0.10965231771519335, "express": 0.48035853150135055, "fratern": 6.3962307238894445, "nation": 0.0069421396258571326, "ha": 0.04249139793665227, "been": 0.033568399074138666, "bereav": 6.208593213454135, "it": 0.06297925872481358, "monarch": 11.657438813211307, "sir": 0.04587451654978755, "after": 0.07380887226920407, "leader": 0.2346178471236552, "opposit": 0.09890959794724526, "ani": 0.011446651746961689, "wish": 0.20648987034338454, "speak": 0.08035890732835123, "paid": 0.1912431823999871, "tribut": 2.112886576710899, "would": 0.017933318988081537, "request": 0.05813611400059669, "through": 0.03404777357151646, "pass": 0.08618682207110785, "might": 1.224733171567941, "proceed": 0.234872409920671, "mark": 0.7141198739509675, "respect": 0.06532674190155371, "memori": 1.1255278566926783, "also": 0.03316545610648936, "copi": 0.4835291898627265, "speech": 0.1128021557935694, "made": 0.025603943167944794, "floor": 0.1658983550563245, "august": 0.24708326730863794, "forward": 0.34979100985033484, "anibassador": 8.407601514786142, "here": 0.028062488668700897, "transmit": 2.272036623704404, "countri": 0.16878987423854533, "he": 2.543970339188046, "lost": 0.7420562101576609, "belov": 1.9003238024011313, "these": 0.039471053628934216, "word": 0.15299393346620843, "resum": 0.8522195705458699, "shri": 2.651859301199231, "sri": 1.5028507448243047, "chandra": 2.416136967678161, "chattopadhyaya": 9.283186607233066, "east": 0.9605543089526983, "bengal": 1.4027195250732833, "gener": 0.07688880439461995, "support": 0.18572592459683085, "wholeheartedli": 2.413640087479574, "brilliant": 2.787200649068993, "man": 0.06977425233822773, "good": 0.10491218604976142, "fighter": 2.4186400978962794, "age": 0.43928201477342615, "left": 0.22610399928492847, "kuwait": 3.7680784172732613, "where": 0.08212253532918921, "taken": 0.016878987423854533, "refug": 2.0023730567553018, "order": 0.05272062304943148, "captur": 5.824370371645571, "riyadh": 13.54199247803918, "capit": 1.6445664277813508, "ancient": 4.725192401500262, "kingdom": 2.5153693573080687, "stori": 0.7027895918535492, "given": 0.018468993437423205, "timemay": 7.714454334226198, "dare": 1.2767026844897962, "enterpris": 1.5119188170382751, "dead": 0.8172545691835774, "night": 0.39359652000668505, "onli": 0.04451520524424765, "swordsmen": 8.407601514786142, "enter": 0.7524323683212167, "dynasti": 13.48673552807399, "cours": 0.11230265528368341, "father": 2.1629405395245698, "turn": 0.4748317238130027, "out": 0.014385503189616596, "place": 0.13087440570005593, "time": 0.026899978482122305, "onward": 1.734303547018489, "retiv": 8.407601514786142, "brought": 0.43698458603632095, "peac": 0.8708671595525083, "prosper": 0.9419462046520866, "coun": 1.840929084982902, "dure": 0.16944298603247662, "first": 0.07387597374969282, "war": 1.8486764003826264, "use": 0.03013026654504301, "sub": 0.49554462660713755, "idi": 5.411869241232152, "british": 1.395689300663957, "rate": 0.254827462042069, "per": 0.1637930911208621, "month": 0.1138705485304388, "hedjaz": 25.201528423998347, "becam": 1.2187394668783216, "ruler": 1.561088195534419, "accept": 0.10806694445354559, "ind": 2.336863786783653, "pendenc": 2.995955462931103, "formal": 2.3241480281730293, "friend": 0.23010600162076517, "death": 1.9588037138329069, "sever": 0.14375338341723665, "thirtysix": 5.2721072988569935, "con": 0.8569402716808074, "larg": 0.14840215211986169, "number": 0.0484666280281809, "daughter": 1.1612334346836821, "profound": 8.39438915880355, "send": 0.19503311655199854, "abdul": 0.6603307654615509, "aziz": 5.318124474843153, "few": 0.0757745103500855, "meet": 0.013028036917816312, "under": 0.08099164714102698, "shadow": 1.5098965716575075, "away": 0.14272325198439523, "associ": 0.3553050152474965, "myself": 0.28197052630907854, "sentiment": 1.2336431950293492, "solemn": 2.7908304171195715, "sure": 0.1432381850544757, "be": 0.014385503189616596, "mourn": 2.285108705271757, "special": 0.0859367076511419, "poignanc": 7.021307153666252, "islam": 0.7857143361856957, "custodian": 1.2616170470717554, "foremost": 4.908716360996718, "holi": 0.6351361842992853, "distinguish": 1.2775030046605653, "career": 1.8104558128994914, "briefli": 0.8532666910603954, "trace": 2.042850757934232, "mere": 0.815235386266347, "field": 0.306833271714412, "conquest": 10.529285144505694, "redempt": 4.00088226752189, "glori": 1.6861758139954994, "illustri": 7.095578220848942, "which": 0.06247925663271419, "belong": 0.1388696826684053, "credit": 0.5839555839511906, "lie": 0.27460129620253027, "prove": 0.31934678766371205, "himself": 0.7017091136088109, "one": 0.026224530995310795, "ablest": 4.9110939533196625, "administr": 0.7986182949501086, "rescu": 1.5574753486406423, "land": 0.6446709145031149, "state": 0.03648338975958081, "disord": 4.430478050622542, "chao": 1.6288166171009661,