{"nation": 0.041652837755142794, "assembl": 0.0015623256397858409, "pakistan": 0.0013391362626735779, "feb": 2.1499339269035045, "shabir": 2.4363396749956805, "ahm": 0.09620323634950226, "khan": 0.12591316921657858, "chandio": 4.455169722267141, "speaker": 0.7505358765063721, "sir": 0.030583011033191703, "would": 0.008966659494040768, "like": 0.013706539714399169, "draw": 0.24110119563109045, "your": 0.017560109030389265, "attent": 0.07385050783256324, "quem": 7.714454334226198, "hous": 0.01250279163248445, "be": 0.014385503189616596, "such": 0.016198329428205396, "big": 0.12108014110490693, "cabinet": 0.31078404421382416, "still": 0.04682824264120715, "lack": 0.3814313198397165, "quorum": 2.0534449584440537, "fcppklitho12899192n": 8.407601514786142, "book": 0.2766592125542656, "mohammad": 0.21414581717281245, "afzal": 2.1519464823281256, "today": 0.02531208583470706, "problem": 0.0645236436167609, "go": 0.0847893607355745, "all": 0.012536418928881275, "over": 0.022340994630731272, "world": 0.10256309791598117, "era": 0.7952646776183975, "privat": 0.34024445234501943, "ideolog": 0.8012141250134909, "ha": 0.05523881731764795, "chang": 0.08447862719840825, "secur": 0.32495909661507794, "which": 0.0069421396258571326, "more": 0.03739268734287312, "weapon": 1.046861611727865, "who": 0.018131000906490394, "arma": 5.006404133123988, "minut": 0.10483993408209395, "deputi": 0.9874922747813654, "take": 0.008741510331770265, "grant": 2.372871454259513, "motion": 0.11906705537222552, "after": 0.010544124609886296, "want": 0.018241694879790406, "say": 0.047914639035754256, "then": 0.010318620042463134, "give": 0.014385503189616596, "opportun": 0.09644896678445304, "point": 0.10808668785030948, "order": 0.06326474765931778, "belt": 1.6682648874289692, "veri": 0.015064927969461411, "sorri": 0.21088910757307266, "check": 0.28404367972449274, "out": 0.028771006379233192, "play": 0.19774903348487105, "bell": 1.503854257201545, "ring": 1.3026360665163008, "adjourn": 0.17235985577652924, "meet": 0.026056073835632625, "till": 0.08229548503356125, "tomorrow": 0.1370764197310725, "goe": 0.1520328615023969, "ten": 0.18995097822235982, "clock": 0.660929752495378, "morn": 0.40312750401465736, "thursday": 0.8418082323576287, "februari": 7.875414467403217, "wazir": 1.2847348561870604, "ali": 0.09384264675396371, "bhatti": 1.0990587172469526, "mna": 3.388872010909723, "request": 0.17440834200179006, "leav": 1.5621973031653047, "doe": 0.21751482194486926, "him": 0.3618289906605129, "wa": 0.026148191373465683, "malik": 0.18236619068447518, "ghulam": 0.2681609929115342, "muhammad": 0.27287834791909094, "tiwana": 2.926962591444152, "byram": 4.669931896502774, "avari": 4.1734950101888835, "rao": 1.08047822252685, "quiser": 4.217946772759717, "tim": 2.7835840085988046, "inform": 0.1247671762194318, "mir": 0.2864182727073148, "hazar": 2.2961341752834645, "bijarani": 2.816614534275286, "feder": 0.1256244559183845, "minist": 0.009417109952107702, "will": 0.00223413855216244, "attend": 0.3270545489616448, "session": 0.1342910037399192, "due": 0.10726676894574355, "sation": 2.7981297196011834, "ye": 0.03174149948654943, "sahib": 0.11230265528368341, "bill": 0.11931846957845248, "someth": 0.08302266964929242, "about": 0.019151199262631112, "interrupt": 0.186391420861073, "let": 0.04449233875262068, "speak": 0.08035890732835123, "reb": 6.46169136573083, "absenc": 0.7173452929783836, "kishin": 5.0403056847996695, "chand": 1.894371403873836, "parwani": 2.8982131781581657, "both": 0.0645236436167609, "maulvi": 1.182848109018172, "akbar": 0.7251190682516377, "leas": 1.418266248811583, "sardar": 0.1533327446959599, "yousuf": 0.9810524423888385, "urgent": 0.6009051422649639, "work": 0.020289244224425688, "giant": 2.7172420604620826, "hiin": 6.328159973106307, "abdul": 0.07337008505128344, "matin": 2.346144595858126, "ashiq": 1.9492632314413532, "dayal": 5.188725689917942, "translat": 0.17675795058790786, "those": 0.01642516395339268, "believ": 0.39859587806049557, "honor": 0.27695354662555904, "help": 0.13349951249381128, "follow": 0.0819973640048134, "light": 0.2920806332393737, "came": 0.0645236436167609, "becam": 0.4062464889594405, "onli": 0.014838401748082552, "one": 0.008741510331770265, "peopl": 0.012124082054001945, "messeng": 2.208862927098686, "allah": 0.5438865803119048, "kingdom": 1.2576846786540343, "heaven": 1.438751136444195, "earth": 1.036112219571866, "belong": 0.1388696826684053, "ami": 2.8861405969238967, "there": 0.005370341839587141, "god": 0.2326113257614729, "except": 0.208687069799154, "kill": 0.32674509514515704, "unseen": 2.741174826673711, "word": 0.07649696673310422, "enslav": 3.0277041612456834, "find": 0.09276933550158675, "way": 0.022340994630731272, "nawaz": 0.48824532412552607, "khokhar": 1.5574753486406423, "chair": 0.0017869113532948794, "debat": 0.026056073835632625, "wednesday": 1.8953734970900762, "niet": 6.615842045558088, "parliament": 0.14607506638967535, "islamabad": 0.1658983550563245, "five": 0.049169615754847185, "past": 0.08302266964929242, "recit": 0.21116741006987694, "holi": 0.15878404607482133, "quran": 0.1816247754292517, "name": 0.01892374560533286, "most": 0.06026053309008602, "graciou": 1.1734243350362945, "merci": 0.4200770349373762, "may": 0.013254153368751416, "guid": 0.7522108699599909, "araaf": 5.842652157324606, "volum": 1.3002454964039278, "nap": 1.9876065866390005, "i592": 8.407601514786142, "offici": 0.117058014013403, "report": 0.03937247650986376, "contain": 0.22588105965803504, "no": 0.7883680985593373, "content": 0.37816867420490013, "page": 0.35657930659546483, "publish": 0.3830666431804473, "manag": 0.3819460433054003, "public": 0.028751272991650288, "karachi": 0.12714388475818925, "print": 0.8044688949389596, "corpor": 0.3723226036414763, "press": 0.15541607878281422, "price": 0.1759593348127325}