{"count": 2.3214424521333266, "wa": 0.04358031895577614, "made": 0.07681182950383439, "deputi": 7.570774106657135, "speaker": 2.3766969422701782, "hous": 0.007144452361419686, "order": 0.03163237382965889, "adjourn": 0.17235985577652924, "meet": 0.026056073835632625, "again": 0.1504993601790434, "monday": 1.3011007455082586, "august": 0.9883330692345518, "proceed": 0.469744819841342, "are": 0.026815658526914574, "suspend": 1.166311167817048, "till": 0.1645909700671225, "quorum": 5.133612396110134, "complet": 0.14048472792362143, "were": 0.027575578079617646, "reassembl": 0.9686299223902812, "chair": 0.003573822706589759, "give": 0.11508402551693277, "abdul": 0.2201102551538503, "ghaffar": 7.1163602467841605, "dogar": 6.33700654003949, "sahib": 1.4599345186878843, "supplementari": 7.118272440202637, "malik": 0.36473238136895036, "thank": 0.3770821076605908, "minist": 0.13183953932950782, "commun": 0.3652680717431184, "one": 0.008741510331770265, "minut": 0.2096798681641879, "ye": 0.3808979938385932, "would": 0.04483329747020384, "like": 0.041119619143197506, "ask": 0.6294919421026492, "our": 0.10965231771519335, "motorbik": 4.64640139909258, "go": 0.04239468036778725, "becom": 0.20150706472261293, "khanew": 2.0778806092634468, "gojra": 2.758627276624937, "request": 0.07751481866746225, "keep": 0.04799824394467654, "punjab": 0.1496973213204687, "speed": 2.338209347783556, "veri": 0.07532463984730706, "much": 0.08901117211023994, "what": 0.23277201619124963, "posit": 0.10162368972585899, "time": 0.1434665519046523, "make": 0.057233258734808445, "question": 1.0895287542885268, "mushta": 7.021307153666252, "zeb": 5.674225316229537, "open": 0.07385050783256324, "mic": 1.0923831250331686, "sir": 0.1834980661991502, "point": 0.10808668785030948, "reg": 2.411370394509032, "out": 0.07192751594808298, "masrat": 6.875576430420285, "ahm": 0.38481294539800903, "anybodi": 0.6630317054316477, "assembl": 0.001785515016898104, "petroleum": 4.003563138434011, "answer": 1.0320962994863385, "taken": 0.11815291196698173, "pleas": 0.25127641082957924, "read": 0.3260400903136159, "govern": 0.21763351692753075, "feder": 0.502497823673538, "which": 0.041652837755142794, "constitut": 0.10021540425516123, "said": 0.03739268734287312, "provinci": 0.7997333588436953, "matter": 0.08487609219987566, "do": 0.07025295028896769, "someth": 0.16604533929858484, "find": 0.46384667750793374, "them": 0.12242242937740012, "about": 0.09575599631315557, "they": 0.07142082629778429, "been": 0.033568399074138666, "want": 0.12769186415853284, "abl": 0.06357194237909462, "anyth": 0.23712883301531917, "shahid": 9.254825912340275, "khaqan": 18.973431742629934, "abbasi": 7.326747180547465, "resourc": 0.5480281942503531, "who": 0.04230566878181092, "own": 0.035202908273139, "their": 0.015233048550893373, "job": 0.8084396066636275, "exploor": 4.669931896502774, "now": 0.0879622908721858, "may": 0.026508306737502832, "provincu": 4.557453913076085, "also": 0.058039548186356385, "write": 0.29597343647840335, "come": 0.053016613475005664, "will": 0.0335120782824366, "present": 0.031943092690502835, "becaus": 0.06086773267327707, "domain": 4.68763261219707, "noth": 0.22310774404288447, "sher": 1.0848271211973515, "akbar": 1.4502381365032755, "khan": 0.022893303493923378, "ha": 0.08073365607963931, "all": 0.02507283785776255, "miner": 3.0585500929896363, "except": 0.208687069799154, "nuclear": 1.280710705887335, "topic": 0.8433630396156522, "uranium": 4.330064070880423, "whose": 0.10508779627198599, "larg": 0.14840215211986169, "quantiti": 0.7829825286267447, "discov": 1.2191887782891895, "district": 0.9185306730366112, "buner": 2.1970014377614904, "far": 0.07503437681623569, "step": 0.07649696673310422, "central": 0.5177334116979485, "use": 0.06026053309008602, "fresh": 0.5621854781936584, "inform": 0.0623835881097159, "right": 0.022112814367333946, "next": 0.3952403538999175, "sajda": 15.963328785885786, "begum": 2.7312985959307703, "shakeela": 8.669302678461493, "luqman": 14.430702984619483, "told": 0.3174952550069318, "state": 0.018241694879790406, "two": 0.13480320959899805, "year": 0.04240122723985791, "work": 0.040578488448851376, "experi": 0.7259504700376119, "then": 0.0928675803821682, "vehicl": 0.626045555550803, "close": 0.2517550487495044, "reason": 0.11533320659192993, "seven": 0.2340260281519899, "eight": 0.25655656910111957, "after": 0.08435299687909037, "happen": 0.10962275932303062, "him": 0.08349899784473375, "whi": 0.247387278626935, "did": 0.19001392860363595, "level": 0.9890710144299955, "consid": 0.04706213341528235, "ga": 1.2140577202309861, "there": 0.04296273471669713, "rare": 1.6518325928018878, "other": 0.013480320959899806, "countri": 0.06751594969541813, "be": 0.04315650956884979, "done": 0.08832159619638892, "natur": 0.3481967491042983, "foundat": 0.6947105532960134, "fuel": 2.4218298879035864, "world": 0.20512619583196234, "well": 0.05199795535250759, "wide": 0.8808839534334373, "avail": 0.5791383084608558, "decreas": 0.6651994929703612, "sell": 1.5837948005455618, "apart": 0.6479873640892398, "three": 0.028751272991650288, "product": 0.46073325855190056, "difficult": 0.47087412534847845, "petrol": 2.5921787965799727, "pump": 3.2508189175587034, "it": 0.047234444043610185, "storag": 1.321700050420532, "separ": 0.29266672841698993, "mani": 0.057502545983300575, "difficulti": 0.30865476584280316, "within": 0.12928023310666178, "worth": 0.585557506600524, "same": 0.08480245447971582, "price": 0.351918669625465, "sold": 0.6505503727541293, "pakistan": 0.0013391362626735779, "effort": 0.17462972419270578, "cheapest": 2.922804581295488, "today": 0.05062417166941412, "think": 0.14260812749769958, "neither": 0.2696210603340043, "demand": 0.10856433317307636, "nor": 0.12410738862363206, "even": 0.04285717161661925, "privat": 0.17012222617250972, "sector": 0.35562343588384393, "obstacl": 1.4118353584812926, "review": 5.6075444235267575, "more": 0.07478537468574624, "grade": 0.6638982566123894, "report": 0.07874495301972752, "reserv": 0.3623337981783397, "gold": 1.3267336180953613, "silver": 2.332255483697459, "just": 0.03589663011851132, "aisha": 5.7189355327372615, "sy": 0.5965923478922623, "press": 0.15541607878281422, "shakila": 3.487620588958018, "belm": 11.75689543516201, "hassanin": 8.478971818497435, "scheme": 0.2885006771486569, "bar": 4.4849231736732875, "council": 1.9567588478945446, "free": 0.3889816343789348, "legal": 1.1290657122874126, "aid": 1.3230444514432227, "procedur": 0.19535705105565038, "poor": 0.3045854060010919, "man": 0.13954850467645546, "need": 0.03705390371139045, "how": 0.2964312296911236, "can": 0.05646456786696668, "reach": 0.2973221035953667, "mean": 0.2258794877010751, "zahid": 6.975959810694817, "hamid": 3.5013330235791056, "law": 0.1633168547538843, "tell": 0.1152884854916388, "fund": 0.47936430365665494, "where": 0.10949671377225229, "found": 0.1855386710031735, "alloc": 0.4177021398432036, "empower": 2.8861405969238967, "committe": 0.1247671762194318, "session": 0.1342910037399192, "judg": 0.5610115394949564, "chairman": 0.21226784762327308, "approach": 0.5493473326001138, "case": 0.0308204770866506, "second": 0.12809535956205254, "way": 0.022340994630731272, "creat": 0.059537286377877044, "thanksg": 4.456357796204716, "sherri": 2.6115437640207713, "mazari": 4.093324796393409, "listen": 0.16695265141123064, "mir": 0.2864182727073148, "parliamentari": 0.351174042040209, "secretari": 0.40202914975953485, "under": 0.048594988284616183, "rule": 0.05934078140682663, "busi": 0.11339812618266529, "respons": 0.20383102479233883, "ministri": 1.1205740690130523, "connect": 0.3754735457469839, "let": 0.08898467750524136, "convent": 1.0229911316091687, "send": 0.3900662331039971, "relev": 0.2899907683199145, "convey": 2.2017401565552395, "secretariat": 0.9106764122581942, "didnt": 1.055106627629132, "littl": 0.1337545820016348, "should": 0.06055899789531191, "futur": 0.08690994373769423, "your": 0.08780054515194632, "defens": 2.180892261675621,