{"act": 1.1997096517800647, "speaker": 1.0841073771758707, "thank": 0.70029534279824, "hous": 0.006251395816242225, "adjourn": 0.17235985577652924, "meet": 0.05211214767126525, "again": 0.05016645339301446, "friday": 1.4855714590008158, "januari": 1.410680455868543, "wa": 0.11911953847912143, "there": 0.026851709197935704, "were": 0.16545346847770587, "collerag": 3.1553280867395133, "young": 5.328623896143329, "parent": 5.87434189304264, "onli": 0.13354561573274296, "son": 3.4037311887958737, "door": 0.7059491521439177, "famili": 6.397030250043996, "also": 0.15753591650582446, "close": 0.2517550487495044, "friend": 0.805371005672678, "said": 0.07478537468574624, "are": 0.05363131705382915, "equal": 1.081992500587367, "involv": 0.4212279865619943, "grief": 8.735131824732285, "them": 0.20717641894636943, "just": 0.14358652047404527, "sad": 3.674365159479822, "love": 2.868025865383414, "one": 0.09615661364947292, "khurram": 1.9352552202852424, "jahangir": 1.508886980456155, "wattoo": 1.6588419672944639, "tariq": 1.6784444938992413, "fazal": 0.5932018809816563, "chaudhari": 1.6982971745278443, "attiya": 2.9651838042643495, "inayuatullah": 7.714454334226198, "abdul": 0.07337008505128344, "rashid": 0.5447194801446528, "godil": 3.579287777483842, "bushra": 2.7004912500372673, "gohar": 1.0317193665711306, "absenc": 0.23911509765946118, "deputi": 0.4937461373906827, "nation": 0.09024781513614272, "assembl": 0.0013391362626735779, "member": 0.029095874406167017, "have": 0.22672057278975333, "preced": 1.7117785988696648, "amongst": 0.5427975114576832, "those": 0.03285032790678536, "present": 0.06388618538100567, "sit": 0.09272125028758406, "shall": 0.18183071543740978, "take": 0.043707551658851325, "chair": 0.003573822706589759, "honour": 0.09105679685674439, "prime": 0.49845128817416134, "minist": 0.06591976966475391, "ye": 0.03174149948654943, "khurshid": 1.1993697717194691, "shah": 0.8687517203654245, "sahib": 3.818290279645236, "point": 0.01801444797505158, "order": 0.021088249219772592, "fateha": 1.67658341430406, "prayer": 1.03267107725735, "religi": 1.0763996044181074, "affair": 0.07385050783256324, "sy": 0.5965923478922623, "ahm": 0.19240647269900452, "sir": 0.07645752758297926, "mna": 1.1296240036365743, "our": 0.3152504134311809, "martyr": 1.6681405040803854, "accid": 3.710949534484467, "hamid": 1.1671110078597018, "saeed": 1.9290462808752555, "kazmi": 4.284600604096866, "should": 0.05046583157942659, "conquer": 2.1104921948522075, "sure": 0.1432381850544757, "today": 0.3037450300164847, "veri": 0.256103775480844, "tragedi": 5.672544593933104, "dear": 0.674641242784487, "who": 0.06648033665713145, "schedul": 0.5447194801446528, "get": 0.029670390703413315, "marri": 2.7819836617838476, "next": 0.05646290769998822, "month": 0.0569352742652194, "greater": 0.7923031749603284, "khan": 0.11446651746961689, "dultana": 34.09267199123432, "fell": 1.3200278092281699, "victim": 0.7512643483559601, "pir": 19.59444069199158, "pagar": 5.411869241232152, "companion": 1.2267703157415872, "obvious": 1.1495879965225562, "about": 0.13405839483841778, "great": 0.5788121507157798, "glori": 1.6861758139954994, "say": 0.047914639035754256, "anyth": 0.23712883301531917, "certainli": 1.4142924720028764, "all": 0.08775493250216893, "pray": 4.684460052804192, "deepli": 3.280516779041502, "lord": 1.3760550510531242, "court": 0.1294272238424055, "win": 1.0937146831526812, "tributari": 3.864306732516139, "speechch": 3.7071211489937266, "honor": 0.8308606398766771, "pagara": 42.804671297410515, "azeem": 2.8430811074634494, "daultana": 2.454358180498359, "their": 0.2361122525388473, "death": 3.9176074276658137, "pakistan": 0.004240598165132997, "debat": 0.013028036917816312, "thursday": 0.8418082323576287, "met": 0.010731064426631144, "parliament": 0.7303753319483768, "islamabad": 0.1658983550563245, "faisal": 1.4577450597853705, "karim": 0.8928017542974724, "kundi": 2.207092340743453, "panel": 4.336074151559808, "chairperson": 5.062144078952544, "pursuanc": 1.3749772537581366, "subrul": 1.5129314753526615, "rule": 0.05934078140682663, "procedur": 0.09767852552782519, "conduct": 0.16932889015311378, "busi": 0.11339812618266529, "follow": 0.24599209201444022, "nomin": 1.248754996900212, "form": 0.05481137966151531, "session": 0.1342910037399192, "nawab": 1.5301547611064823, "muhammad": 0.21830267833527275, "yusuf": 1.0155699472715518, "talpur": 1.0398929424117718, "recit": 0.10558370503493847, "holi": 0.07939202303741066, "quran": 0.09081238771462585, "translat": 0.17675795058790786, "believ": 0.4982448475756195, "brother": 0.7722667353114516, "sister": 0.815235386266347, "make": 0.011446651746961689, "peac": 0.8708671595525083, "between": 0.25635133371972135, "your": 0.14048087224311412, "two": 0.026960641919799612, "fear": 0.49115865466388337, "god": 0.2326113257614729, "tell": 0.1152884854916388, "punish": 0.3404524748760373, "ridicul": 1.5437981233331888, "possibl": 0.09032374856490814, "they": 0.14284165259556858, "better": 0.14674017010256687, "than": 0.05474835688612614, "women": 0.7602499678513222, "mockeri": 2.6268579989938137, "may": 0.053016613475005664, "defect": 0.8223204361470174, "nor": 0.12410738862363206, "name": 0.0946187280266643, "each": 0.07097142714899692, "other": 0.04044096287969942, "sin": 0.9924264051728482, "bad": 0.21281987634278426, "after": 0.03163237382965889, "whoever": 0.7674783420907794, "doe": 0.09667325419771967, "repent": 2.575719037502626, "inde": 0.7465451324243135, "wrong": 0.1383569936030866, "wama": 3.5324041915849915, "alina": 3.654011323679778, "balagh": 3.744162420674076, "mabin": 4.824082576330033, "bismillah": 1.1961203802654654, "rahman": 0.517155293468746, "rahim": 0.813833460542789, "far": 0.037517188408117845, "groom": 11.37744299383465, "concern": 0.04636062514379203, "fact": 0.07457103846133122, "father": 12.256663057305895, "ha": 0.05523881731764795, "eight": 0.25655656910111957, "then": 0.04127448016985254, "pain": 0.8274120968416023, "same": 0.10600306809964477, "man": 0.4186455140293664, "think": 0.08556487649861974, "helpless": 1.0538791843865116, "show": 0.15926731296130942, "day": 0.10672351619841594, "mother": 2.8491935192903055, "three": 0.057502545983300575, "befor": 0.03739268734287312, "when": 0.0753877602876268, "here": 0.14031244334350448, "told": 0.3174952550069318, "now": 0.02199057271804645, "keep": 0.04799824394467654, "free": 0.1944908171894674, "februari": 1.211602225754341, "come": 0.013254153368751416, "wed": 2.1123355133464967, "put": 0.03728551923066561, "smile": 4.243206840554556, "face": 0.41847424963704655, "front": 0.21392484883090257, "him": 0.30616299209735703, "way": 0.08936397852292509, "use": 0.2711723989053871, "talk": 0.46167027119385495, "regret": 1.9023934496990345, "whole": 0.35407238550532744, "especi": 1.2746889205345775, "express": 0.8005975525022508, "sympathi": 1.087736584977173, "behalf": 0.3623337981783397, "parti": 0.2681669223643589, "partner": 2.2899458276238036, "kamran": 4.065153389916093, "mani": 0.08625381897495087, "yearn": 3.8226340361155713, "live": 0.3812804497020927, "digniti": 1.5291957584508507, "die": 1.6772310329894657, "human": 0.21033814337180723, "be": 0.028771006379233192, "mirror": 1.9990727237266448, "like": 0.054826158857596674, "polit": 1.096138664666363, "fata": 1.8850375567731912, "parliamentarian": 2.730852301852278, "peopl": 0.06062041027000972, "ask": 0.06994354912251659, "allah": 1.9942507944769843, "almighti": 3.7540321802391574, "give": 0.11508402551693277, "merci": 0.8401540698747524, "becaus": 0.020289244224425688, "been": 0.011189466358046221, "tradit": 1.263289728696444, "ani": 0.057233258734808445, "will": 0.02010724696946196, "offer": 0.16247954830753897, "privat": 0.17012222617250972, "ghau": 3.3013382510771794, "bakhsh": 3.1847739146185523, "mahar": 3.4889376375906798, "minut": 0.10483993408209395, "too": 0.30117265026810014, "ghosh": 4.881240990169982, "want": 0.018241694879790406, "issu": 0.070405816546278, "spoken": 0.40190083612360006,