{"report": 0.8268220067071389, "basic": 1.4825315273074096, "principl": 2.1522942201960817, "committe": 0.4990687048777272, "left": 0.6783119978547854, "anybodi": 0.6630317054316477, "there": 0.06981444391463283, "should": 0.20186332631770637, "ani": 0.1030198657226552, "doubt": 0.7679396034491799, "mi": 1.9778820367470058, "give": 0.11508402551693277, "point": 0.01801444797505158, "entir": 0.38579586713781217, "necessari": 1.337545820016348, "absolut": 1.727431570973359, "justifi": 1.3260634108632954, "they": 0.09089923346990728, "also": 0.07462227623960106, "elev": 7.0105913603509595, "when": 0.04307872016435817, "courtschief": 8.407601514786142, "court": 9.577614564338006, "sind": 6.978438498736436, "judici": 7.674686943709208, "commission": 5.405366342701252, "frontierar": 7.714454334226198, "rais": 0.36527686912957463, "statu": 3.0330717735296258, "high": 3.822356187300787, "agre": 0.19388121775783698, "him": 0.11133199712631166, "support": 0.18572592459683085, "amend": 3.7237301889405767, "wholeheartedli": 2.413640087479574, "hope": 0.7471907662426209, "hous": 0.008037508906597147, "will": 0.02680966262594928, "accept": 0.5403347222677279, "honour": 1.639022343421399, "brohi": 32.522193673424866, "sir": 0.30583011033191704, "welcom": 0.46169191617301036, "fact": 0.07457103846133122, "it": 0.015744814681203395, "would": 0.15243321139869306, "mean": 0.2258794877010751, "take": 0.03496604132708106, "step": 0.22949090019931265, "right": 0.06633844310200183, "direct": 0.21017559254397197, "chief": 3.077137664333374, "karachi": 0.12714388475818925, "peshawar": 0.41668605169481787, "are": 0.05094975120113769, "all": 0.03760925678664383, "practic": 0.347134614188204, "purpos": 0.43698458603632095, "far": 0.11255156522435353, "matter": 0.14146015366645942, "jurisdict": 0.9534604366394644, "enjoy": 1.026099620279436, "power": 0.7967367372366925, "which": 0.08330567551028559, "normal": 0.4227981250517368, "associ": 0.3553050152474965, "variou": 0.4811443861227401, "lack": 0.3814313198397165, "sens": 0.6203504323778594, "whatsoev": 1.4444115289159054, "origin": 0.39690997565584185, "subparagraph": 21.42345788848072, "para": 8.787113192747043, "had": 0.03693798687484641, "been": 0.03916313225316177, "state": 0.21890033855748486, "present": 0.07985773172625708, "least": 0.1968339741996903, "judg": 19.074392342828517, "who": 0.03626200181298079, "occupi": 0.5132834509445192, "posit": 0.25405922431464745, "bench": 0.4437935615546922, "felt": 0.7118435242313819, "odiou": 5.635012792546362, "invidi": 4.744039868656497, "distinct": 1.2537677132073002, "wa": 0.06972851032924182, "be": 0.12946952870654937, "drawn": 0.945386575017954, "relat": 0.11765394998973767, "their": 0.038082621377233436, "tenur": 2.0797858848235435, "offic": 0.3059832217509365, "visavi": 2.334556980685738, "other": 0.08088192575939884, "provinci": 0.3554370483749757, "pakistan": 0.002901461902459419, "say": 0.031943092690502835, "deal": 0.2864763701089514, "ing": 0.9193079996267151, "judiciari": 7.782029116593147, "ought": 1.815927782777485, "just": 0.03589663011851132, "presid": 2.405786245608749, "question": 0.3404777357151646, "paragraph": 63.55591530979478, "follow": 0.1639947280096268, "substitut": 7.053547098728309, "case": 0.308204770866506, "provis": 3.8352234343765494, "made": 0.05120788633588959, "continu": 0.4121318701173023, "anc": 3.4236051954553024, "respect": 0.09799011285233057, "exist": 0.5636922859209896, "unless": 0.5286764076365222, "desir": 2.2802109181544563, "otherwis": 0.5143375593090538, "motion": 1.4288046644667063, "adopt": 1.5189021617840657, "ad": 3.8315782062854367, "now": 0.06597171815413935, "prof": 4.606420240341472, "chakraverti": 6.208593213454135, "move": 0.4817007482480759, "next": 0.22585163079995288, "datta": 5.2598983831269726, "gazder": 17.31684358154338, "rise": 0.9876702334788722, "oppos": 1.1089918694196206, "then": 0.04127448016985254, "put": 0.03728551923066561, "vote": 0.29357607242938644, "paragroph": 8.407601514786142, "negativ": 3.926940516171405, "delet": 1.7812485803636438, "constitu": 1.5186080378052065, "assembl": 0.0013391362626735779, "april": 2.532972313968613, "sardar": 0.3066654893919198, "abdur": 3.0319512354677793, "rab": 4.877787909601555, "khan": 0.03433995524088507, "nishtar": 4.75383250904976, "some": 0.0857143432332385, "appear": 0.2914830831767771, "objection": 1.6299549211510265, "can": 0.06453093470510478, "two": 0.026960641919799612, "opinion": 0.3792466232708217, "about": 0.019151199262631112, "ha": 0.03824225814298705, "word": 0.7649696673310422, "such": 0.06479331771282158, "way": 0.06702298389219381, "time": 0.008966659494040768, "use": 0.09039079963512903, "caus": 0.18749849477587147, "hardship": 1.570268700100552, "execut": 1.0383439437444502, "affect": 0.4827704923880004, "independ": 2.059677323252042, "begin": 0.440604489261992, "could": 0.07179326023702264, "avoid": 0.9786736573817384, "may": 0.19881230053127125, "after": 0.042176498439545185, "gain": 0.8841202022126454, "exper": 4.852253453296729, "ienc": 6.0097062419877725, "prove": 0.6386935753274241, "innocu": 4.330064070880423, "shall": 0.18183071543740978, "feel": 0.1465917287623155, "veri": 0.16571420766407552, "happi": 0.281674712078257, "new": 0.03728551923066561, "muslim": 1.1294403344127153, "got": 0.12841173759113925, "beg": 0.5073527655565633, "subsect": 1.6437166062237079, "provid": 0.2893944513808367, "head": 0.6351361842992853, "decid": 0.23625475760018233, "whether": 0.17051014538966663, "these": 0.059206580443401324, "frontier": 1.2917130602544604, "alreadi": 0.11623433559202968, "taken": 0.08439493711927266, "decis": 0.06810061178019798, "work": 0.12173546534655413, "along": 0.32057604411844187, "therefor": 0.1885762811057915, "secur": 0.4874386449226169, "servic": 0.07673790156139908, "long": 0.08665285958923663, "discret": 1.0628824606364706, "pro": 2.730852301852278, "vide": 2.5106653175072076, "conting": 2.081452041631044, "submit": 0.10856433317307636, "member": 0.017457524643700213, "jurig": 7.714454334226198, "ahmad": 0.09448481196688957, "jaffer": 2.480675488815732, "whole": 0.04425904818816593, "heartedli": 4.025574880112261, "friend": 0.11505300081038258, "think": 0.11408650199815966, "perfectli": 1.7105672671196586, "correct": 0.3122901477400808, "fulli": 0.25195224442014186, "provinc": 0.07649696673310422, "go": 0.0847893607355745, "fair": 0.527553313814566, "accordingli": 0.559838977312535, "speech": 0.2256043115871388, "like": 0.054826158857596674, "brief": 0.3768665906876018, "reason": 0.1922220109865499, "whi": 0.2061560655224458, "inclus": 1.7292594001318111, "briefli": 1.7065333821207909, "kind": 0.17381988747538846, "contain": 0.22588105965803504, "unnc": 8.407601514786142, "sari": 4.228364471879323, "requir": 0.15454945129398837, "constitut": 0.3006462127654837, "countri": 0.0506369622715636, "repres": 0.09767852552782519, "fundament": 0.815235386266347, "law": 0.13065348380310743, "make": 0.057233258734808445, "type": 0.588349749684977, "gradat": 3.2896077023693877, "administr": 1.5972365899002172, "justic": 3.326028911504697, "even": 0.021428585808309624, "soy": 4.515781216675516, "creat": 0.11907457275575409, "complic": 1.3811747060865074, "one": 0.1486056756400945, "onli": 0.05935360699233021, "futur": 0.2607298312130827, "legisla": 2.6905738133799213, "ture": 1.7406447223569363, "either": 0.23543706267423922, "central": 0.5177334116979485, "compet": 0.5447194801446528, "ordinari": 0.6556961817075333, "abl": 0.12714388475818925, "interfer": 0.7145757663682549, "arrang": 0.19720525968136868, "know": 0.0299003021885046, "author": 0.20868878786640457, "both": 0.0645236436167609, "well": 0.05199795535250759, "subject": 0.1606434822179659, "leav": 0.05386887252294154, "unnecessarili": 1.9602956522449297, "impos": 0.22784102108624305, "clog": 4.475775882061817, "lawmak": 2.2895043167447953, "legislatur": 1.887329820634436, "realli": 0.42067628674361446, "want": 0.12769186415853284, "real": 0.3388853220713611,