{"speaker": 1.584464628180119, "hous": 0.008037508906597147, "order": 0.06326474765931778, "proceed": 0.469744819841342, "are": 0.04022348779037186, "suspend": 1.166311167817048, "till": 0.1645909700671225, "quorum": 5.133612396110134, "complet": 0.0936564852824143, "were": 0.027575578079617646, "reassembl": 0.9686299223902812, "deputi": 0.4937461373906827, "chair": 0.005360734059884638, "assalamoalaikum": 4.578960118297048, "count": 2.3214424521333266, "made": 0.14082168742369636, "wa": 0.15688914824079409, "exercis": 0.5847562245063699, "power": 0.11951051058550388, "confer": 0.43444608134200985, "claus": 0.8151748422161432, "articl": 1.7490772090981421, "constitut": 2.1546311914859664, "islam": 0.26190477872856527, "republ": 1.2083329156679505, "pakistan": 0.004017408788020734, "herebi": 1.3874108064742179, "prorogu": 4.038080218481027, "nation": 0.034710698129285664, "assembl": 0.002455083148234893, "session": 0.2685820074798384, "summon": 1.4145863918531825, "tuesday": 0.8223204361470174, "april": 12.15826710704934, "conclus": 0.5891712427154866, "it": 0.047234444043610185, "busi": 0.17009718927399792, "sign": 2.0655162591525396, "mamnoon": 4.025574880112261, "hussain": 0.23092874283768786, "presid": 0.178206388563611, "what": 0.20173574736574967, "will": 0.02457552407378684, "give": 0.057542012758466383, "here": 0.16837493201220538, "whi": 0.08246242620897833, "should": 0.040372665263541274, "first": 0.03693798687484641, "they": 0.08440643107919961, "privat": 0.17012222617250972, "member": 0.034915049287400426, "dont": 0.17118098752075178, "maulana": 1.2749309024966102, "amir": 1.211602225754341, "zaman": 2.8569090873085576, "point": 0.14411558380041264, "reg": 2.411370394509032, "out": 0.04315650956884979, "shireen": 1.7217405677177837, "mahar": 1.7444688187953399, "doe": 0.04833662709885984, "mazari": 1.364441598797803, "navig": 1.63109452241396, "muhammad": 0.4366053566705455, "mumzammil": 8.407601514786142, "qureshi": 0.7937828299775143, "ha": 0.13597247339728727, "request": 0.42633150267104236, "grant": 5.273047676132251, "leav": 3.3937389689453172, "kishwar": 3.6891026434910485, "zehra": 3.1872456897078183, "hamza": 1.4072670545109127, "shehbaz": 4.437309601234022, "sharif": 0.587965212418551, "sardar": 0.45999823408787965, "amjad": 1.4081790472781823, "farooq": 0.7737479551043748, "khan": 0.08012656222873182, "khosa": 3.3386973125659116, "jamshaid": 3.2371175197479913, "ahm": 0.2886097090485068, "dasti": 2.209122798293835, "molvi": 3.555571250866526, "agha": 1.6231444521484995, "rana": 0.5080770427539454, "shamim": 1.860816104025619, "sahibzada": 2.982415823536999, "faizulhassan": 4.103536421581973, "shahibzada": 5.411869241232152, "yaqub": 1.6529974152981808, "sy": 0.3579554087353574, "imran": 2.2210210192514506, "ahmad": 0.09448481196688957, "shah": 0.24821477724726412, "abdul": 0.14674017010256687, "hakeem": 2.7105080282807386, "baloch": 1.3610140600126026, "shehryar": 4.076868174499812, "afridi": 1.6163800520599574, "saman": 2.801799448490146, "sultana": 2.325382604409697, "jafri": 2.5553990350116687, "khattak": 1.14217179153219, "khawaja": 0.886283534586903, "sohail": 1.7508749906077514, "mansoor": 1.399096332703863, "salman": 1.847986277292901, "chaudhari": 1.6982971745278443, "armaghan": 4.6009390250158235, "subhani": 3.9649502582958265, "mansab": 2.1850252467147744, "ali": 0.21896617575924865, "dogar": 2.1123355133464967, "shakila": 3.487620588958018, "luqman": 2.8861405969238967, "molana": 4.159106272736784, "ameer": 3.0943955357443556, "feder": 0.753746735510307, "minist": 0.018834219904215403, "postal": 1.8395236033741673, "servic": 0.07673790156139908, "inform": 0.2495343524388636, "unabl": 0.8739078049375109, "attend": 0.6541090979232896, "salahuddin": 1.2199443506711873, "tirmizi": 5.0403056847996695, "narcot": 1.831131945737919, "control": 0.12259261933626443, "would": 0.07173327595232615, "abl": 0.06357194237909462, "like": 0.041119619143197506, "annualc": 2.922804581295488, "our": 0.15077193685839085, "date": 0.09792461879841625, "honor": 1.9386748263789133, "privileg": 0.2551154390059022, "day": 0.12451076889815194, "have": 0.22672057278975333, "one": 0.06993208265416212, "site": 0.9780806719996809, "who": 0.07856767059479171, "signatori": 2.558276734839284, "document": 0.6210497083574315, "nazir": 1.9945088339302377, "sultan": 2.1649051136611357, "sahib": 0.8984212422694673, "did": 0.2985933163771422, "sahabzada": 3.1981153619447222, "say": 0.14374391710726275, "someth": 0.16604533929858484, "call": 0.068557387579215, "attent": 0.07385050783256324, "zahira": 5.2721072988569935, "wadood": 3.248546215571614, "bismillah": 1.1961203802654654, "haman": 2.6678086026069088, "rahim": 0.813833460542789, "thank": 0.32321323513764927, "sir": 0.030583011033191703, "want": 0.07296677951916163, "press": 0.15541607878281422, "button": 1.7534489946029244, "didnt": 0.527553313814566, "see": 0.23510265132363461, "great": 0.13619109428606585, "onli": 0.014838401748082552, "top": 0.37784299434532065, "leadership": 2.1300785039513994, "present": 0.015971546345251417, "parliament": 1.314675597507078, "time": 0.08069993544636692, "achiev": 0.6088195250007126, "zulfiqar": 4.590464283319447, "bhutto": 3.1381500251389114, "unanim": 1.334743980045923, "there": 0.016111025518761424, "greater": 0.7923031749603284, "repres": 0.09767852552782519, "area": 0.06666828878526493, "even": 0.06428575742492887, "now": 0.02199057271804645, "been": 0.016784199537069333, "sinc": 0.037980687837041345, "peopl": 0.08486857437801361, "trust": 0.4588630599725327, "announc": 0.42012555012991826, "retir": 2.6991759374564883, "after": 0.03163237382965889, "son": 1.1345770629319578, "contest": 1.2727106632202587, "next": 0.05646290769998822, "elect": 0.13400971658651162, "veri": 0.04519478390838423, "proud": 0.7781115983921482, "almighti": 0.5362903114627368, "allah": 0.5438865803119048, "given": 0.055406980312269614, "habib": 1.283123252292719, "much": 0.029670390703413315, "happi": 0.563349424156514, "your": 0.052680327091167795, "also": 0.0414568201331117, "lot": 0.10558370503493847, "senior": 0.9092694477260231, "sit": 0.18544250057516812, "visit": 0.26343169062357297, "think": 0.11408650199815966, "unless": 0.17622546921217408, "presss": 4.2804671297410515, "item": 0.29576910752924146, "fatemi": 3.611810969189402, "move": 0.0741078074227809, "captain": 4.997702460402266, "safdar": 5.9280252707027, "mohammad": 0.32121872575921867, "rahman": 0.258577646734373, "gave": 0.3474132292122274, "chanc": 0.5770013542973138, "symbol": 1.700739178183396, "mahmud": 1.05004531387579, "achakzai": 1.6063184803145227, "voluntarili": 1.7848651908363031, "today": 0.22780877251236353, "ppp": 0.7395078057037373, "person": 0.041945386782044375, "muslim": 0.1411800418015894, "leagu": 0.5080770427539454, "histori": 1.0544455378653632, "got": 0.2568234751822785, "ayub": 1.3148347050566123, "impos": 0.6835230632587291, "martial": 3.7769538770644884, "law": 0.1633168547538843, "argu": 0.9534604366394644, "justic": 0.9238969198624158, "munir": 5.450785590627089, "endor": 3.0845915356477347, "east": 0.48027715447634917, "under": 0.048594988284616183, "ideolog": 0.8012141250134909, "necess": 1.0131084075671053, "two": 0.026960641919799612, "when": 0.06461808024653726, "akbari": 3.1764928979315563, "noorani": 2.22345262384866, "mufti": 1.4968507268242075, "mahmood": 0.46169191617301036, "sattar": 0.7967487243908926, "niazi": 2.273185953010302, "real": 0.3388853220713611, "all": 0.04387746625108446, "them": 0.028251329856323105, "sat": 2.0634387331422612, "down": 0.06523801440556473, "saw": 2.4267022821644795, "question": 0.03404777357151646, "over": 0.022340994630731272, "applic": 0.5254840689474198, "pervez": 0.8733731885120535, "elahi": 1.3051021590114942, "februari": 0.6058011128771705, "march": 0.3616927725153635, "approach": 0.5493473326001138, "forward": 0.17489550492516742, "distanc": 1.0386311125913497, "bow": 1.330947699342192, "less": 0.15541607878281422,