{"constitu": 0.5062026792684021, "assembl": 0.000892757508449052, "pakistan": 0.000446378754224526, "monday": 0.6505503727541293, "septemb": 1.8408072758464429, "met": 0.0035770214755437148, "cham": 3.3641763978668964, "ber": 1.3661898509913324, "karachi": 0.06357194237909462, "half": 0.10038888815783441, "past": 0.08302266964929242, "ten": 0.09497548911117991, "clock": 0.660929752495378, "morn": 0.20156375200732868, "presi": 2.3673468035087293, "dent": 1.860816104025619, "honour": 0.18211359371348879, "tamizuddin": 2.1556976316202543, "khan": 0.011446651746961689, "chair": 0.0017869113532948794, "adjourn": 0.4308996394413231, "hous": 0.0044652827258873035, "presid": 0.2673095828454165, "can": 0.008066366838138097, "take": 0.008741510331770265, "ani": 0.011446651746961689, "busi": 0.056699063091332644, "today": 0.05062417166941412, "ghyasuddin": 3.7536411646286196, "pathan": 1.4673790456665043, "east": 1.4408314634290476, "bengal": 4.20815857521985, "muslim": 0.2823600836031788, "sir": 0.030583011033191703, "may": 0.013254153368751416, "make": 0.011446651746961689, "submiss": 0.7018886908917156, "accord": 0.03914037717030493, "programm": 0.43306867065591476, "were": 0.009191859359872549, "discuss": 0.19071582713728386, "some": 0.021428585808309624, "import": 0.020744825097908925, "outstand": 1.3067496058420929, "claus": 0.4075874211080716, "report": 0.03937247650986376, "day": 0.01778725269973599, "sorri": 0.21088910757307266, "bring": 0.04030141294452259, "your": 0.017560109030389265, "kind": 0.08690994373769423, "notic": 0.07673790156139908, "member": 0.011638349762466808, "lea": 3.6035804700528864, "side": 0.08983534806679931, "are": 0.0053631317053829146, "them": 0.018834219904215403, "amongst": 0.5427975114576832, "selv": 2.311776952353918, "even": 0.021428585808309624, "now": 0.010995286359023224, "result": 0.08837157615381713, "posit": 0.050811844862929494, "here": 0.028062488668700897, "request": 0.019378704666865563, "most": 0.03013026654504301, "respect": 0.03266337095077686, "think": 0.028521625499539915, "there": 0.010740683679174282, "object": 0.4094587411742039, "sever": 0.14375338341723665, "shri": 5.303718602398462, "dhirendra": 5.829080142891189, "nath": 5.2230875280415425, "datta": 5.2598983831269726, "gener": 0.038444402197309976, "objec": 2.7481192990265217, "sy": 0.11931846957845248, "shamsur": 3.119334484091608, "rahman": 0.258577646734373, "technic": 0.6809049497520746, "whi": 0.04123121310448916, "practic": 0.173567307094102, "stand": 0.028292030733291885, "till": 0.1645909700671225, "wednesday": 1.8953734970900762, "then": 0.010318620042463134, "four": 0.053162574671331446, "after": 0.010544124609886296, "noon": 1.4201112677851524, "gppkl": 2.935330841114668, "ca131054340": 8.407601514786142}