{"constitu": 1.5186080378052065, "assembl": 0.002008704394010367, "legislatur": 6.605654372220526, "mar": 4.471801834750456, "main": 0.17782376470425576, "peopl": 0.1333649025940214, "reciproc": 2.3231021017109716, "affect": 0.4827704923880004, "fullest": 2.636160391656127, "measur": 0.24651200194034592, "tain": 1.997426632819976, "all": 0.056413885179965734, "throughout": 1.7626905759821692, "highest": 1.8284666578690663, "tradit": 0.421096576232148, "constitut": 0.10021540425516123, "monarchi": 3.5954171594137256, "therebi": 2.8926109377519524, "consider": 0.18692934448889081, "enhanc": 1.6538035251231602, "prestig": 1.955552560348917, "throne": 6.49030384236722, "countri": 0.06751594969541813, "most": 0.12052106618017204, "outstand": 1.3067496058420929, "event": 0.803134672074268, "reign": 19.59341457405089, "ha": 0.03824225814298705, "been": 0.027973665895115553, "their": 0.04569914565268012, "attain": 1.6885883604008833, "freedom": 0.6272984268777697, "which": 0.04859497738099993, "recognis": 1.5469378433378564, "grace": 0.6535488757503859, "such": 0.03239665885641079, "statesmanlik": 5.768544185170884, "vision": 0.9816478577086022, "british": 4.88491255232385, "nation": 0.041652837755142794, "creat": 0.059537286377877044, "new": 0.07457103846133122, "bond": 1.5220918447513256, "mutual": 1.1255278566926783, "friendship": 2.8439193942938696, "equal": 0.5409962502936835, "between": 0.08545044457324046, "two": 0.04044096287969942, "also": 0.024874092079867023, "greatli": 1.1400760869579711, "regard": 0.027144846943376565, "pakistani": 0.12486563458438887, "late": 1.1004975612556915, "king": 24.23831260624695, "whose": 0.10508779627198599, "memori": 2.2510557133853566, "will": 0.01340483131297464, "ever": 0.7224516771899746, "associ": 1.421220060989986, "birth": 1.2592557708860757, "pakistan": 0.0015623256397858409, "fulli": 0.7558567332604256, "confid": 0.35212637302886846, "resolut": 2.9881699030298092, "move": 0.22232342226834273, "prime": 0.12461282204354034, "minist": 0.018834219904215403, "unanim": 0.6673719900229615, "support": 0.061908641532276945, "hous": 0.009823621996952067, "hope": 0.2988763064970484, "honour": 0.45528398428372197, "member": 0.04655339904986723, "signifi": 3.3641763978668964, "accept": 0.21613388890709118, "kindli": 0.330464876247689, "rise": 0.6584468223192481, "seat": 0.28390269841162663, "remain": 0.08399307244257102, "stand": 0.08487609219987566, "minut": 0.2096798681641879, "silenc": 3.164282957061672, "then": 0.02063724008492627, "rose": 1.2663563924356518, "observ": 0.3952518754583488, "presid": 0.6237223599726386, "thank": 0.05386887252294154, "gentlemen": 1.3522189710809174, "action": 0.0578806773136544, "taken": 0.033757974847709066, "direct": 0.10508779627198599, "text": 1.2561160508814078, "think": 0.05704325099907983, "met": 0.0071540429510874295, "per": 0.3275861822417242, "adjourn": 0.25853978366479385, "today": 0.10124834333882823, "till": 0.1645909700671225, "tomorrow": 0.1370764197310725, "four": 0.10632514934266289, "clock": 0.660929752495378, "even": 0.06428575742492887, "saturday": 1.4548728701612748, "march": 1.446771090061454, "gppk257": 8.407601514786142, "ca293521270": 8.407601514786142, "motion": 0.23813411074445104, "convey": 2.2017401565552395, "condol": 9.595153317374193, "death": 1.46910278537468, "majesti": 33.79096122471403, "georg": 26.45550132005966, "record": 0.12790438090851586, "man": 0.3488712616911387, "whom": 0.30146933162366274, "success": 0.3932657774867194, "passednot": 8.407601514786142, "automat": 1.0317193665711306, "deliber": 0.6889160195876772, "act": 0.08569354655571891, "burden": 0.6587101775306113, "sonal": 3.248546215571614, "ground": 0.32643573706071, "wa": 0.0755392195233453, "dispos": 0.6365344287207375, "recoil": 4.881240990169982, "courag": 1.4182374538103935, "determin": 0.31934678766371205, "were": 0.027575578079617646, "inde": 0.7465451324243135, "keynot": 5.574388170729927, "life": 0.5678053968232533, "long": 0.043326429794618315, "list": 0.172240871032795, "ailment": 3.555571250866526, "ill": 0.696052535156997, "ad": 1.0449758744414828, "crippl": 3.209104483520317, "handicap": 2.215239025311271, "person": 0.06291808017306656, "high": 0.1626534547787569, "positionan": 8.407601514786142, "impedi": 2.7981297196011834, "speech": 0.1128021557935694, "noth": 0.11155387202144224, "could": 0.03589663011851132, "daunt": 5.699551313683933, "spirit": 0.5625770975446592, "face": 0.20923712481852327, "overcam": 5.922694864998142, "difficulti": 0.6173095316856063, "never": 0.2654693882017788, "spare": 1.324213667160848, "himself": 0.35085455680440547, "miss": 0.5586677884220719, "opportun": 0.09644896678445304, "play": 0.19774903348487105, "role": 0.2681609929115342, "help": 0.13349951249381128, "meet": 0.039084110753448933, "unpreced": 1.613014933909644, "confront": 2.5905481401504633, "sixteen": 1.1248403351805503, "year": 0.06360184085978687, "despit": 0.8058040084731866, "illustri": 3.547789110424471, "lineag": 4.313256952564043, "heart": 0.6270567334335815, "broke": 1.5963571361848496, "preced": 1.7117785988696648, "go": 0.04239468036778725, "newli": 1.6052067514618322, "appoint": 0.17755720466002775, "american": 0.8627404461276856, "ambassador": 1.2290560310224432, "arriv": 0.2150310436339692, "london": 1.0273457263596832, "dure": 0.33888597206495324, "war": 1.109205840229576, "when": 0.03230904012326863, "possibl": 0.09032374856490814, "shortag": 0.4784750274793435, "steel": 1.000283804316726, "order": 0.010544124609886296, "famou": 1.4644790919667148, "gate": 1.2199443506711873, "buckingham": 12.656319946212614, "palac": 3.3555548885933355, "should": 0.010093166315885319, "di": 1.2176793440403353, "mantl": 4.013152360113704, "hand": 0.055990764159583886, "over": 0.044681989261462544, "nearest": 2.441454775662451, "foundri": 3.119334484091608, "sir": 0.13762354964936266, "said": 0.056089031014309676, "duti": 0.2945123179374393, "monarch": 3.8858129377371027, "continu": 0.10303296752932557, "stabilis": 3.1042966067270674, "factor": 0.7023390399198178, "polit": 0.09964896951512389, "manysid": 7.714454334226198, "guardian": 2.0532314739887925, "interest": 0.07529316256702503, "sixth": 10.961902268159857, "fulfil": 0.20292968583533205, "lustr": 6.328159973106307, "crown": 4.346381578135543, "these": 0.019735526814467108, "word": 0.22949090019931265, "commend": 1.4312534443383944, "request": 0.038757409333731126, "may": 0.03976246010625425, "commun": 0.1826340358715592, "her": 2.4814017295114374, "queen": 22.4850612629421, "elizabeth": 4.7700153550597575, "second": 0.06404767978102627, "mother": 2.8491935192903055, "mari": 5.451901399768371, "royal": 5.638930791490777, "famili": 0.8343952500057386, "shri": 5.303718602398462, "sri": 3.0057014896486094, "chandra": 4.832273935356322, "chattopadhyaya": 6.188791071488711, "leader": 0.9384713884946208, "opposit": 0.395638391788981, "myself": 0.5639410526181571, "parti": 0.053633384472871776, "just": 0.07179326023702264, "though": 0.26379353801465827, "unit": 0.2191197068291559, "kingdom": 2.5153693573080687, "great": 0.1702388678575823, "symbol": 1.700739178183396, "uniti": 1.077851825744631, "among": 0.3147504872477591, "com": 0.8177600026034857, "monwealth": 4.2804671297410515, "time": 0.008966659494040768, "got": 0.12841173759113925, "independ": 0.6865591077506806, "therefor": 0.06285876036859717, "memor": 2.87817242727472, "sign": 0.2950737513075056, "deathwarr": 7.308989226118033, "imperi": 2.072547263288084, "former": 0.5095618240215246, "coloni": 0.9254825912340275, "britain": 1.936802011003541, "are": 0.0053631317053829146, "free": 0.3889816343789348, "partner": 1.1449729138119018, "commonwealth": 9.905565286642261, "had": 0.03693798687484641, "privileg": 0.2551154390059022, "receiv": 0.12666831704699574, "deleg": 0.7669976883925086, "simpl": 0.5451043175555982, "ostentati": 5.2721072988569935, "did": 0.05428969388675313, "seem": 0.3451687232029475, "useless": 1.5532470125311213, "formal": 0.7747160093910098,