{"speaker": 1.2925895650943076, "leav": 1.5083284306423632, "applic": 0.17516135631580662, "hina": 2.7799804010955063, "rabbani": 1.7330401229717172, "khar": 1.5251640437882958, "ha": 0.0637370969049784, "request": 0.17440834200179006, "grant": 2.1092190704529004, "june": 4.491291116408257, "wa": 0.026148191373465683, "makhdoom": 0.8889942979708909, "basit": 3.4308677723655685, "bokhari": 1.9908692322738168, "sy": 0.11931846957845248, "ayaz": 1.260829335333506, "ali": 0.09384264675396371, "shah": 0.12410738862363206, "sherazi": 3.3386973125659116, "aamir": 1.9539765158934514, "sultan": 1.0824525568305678, "cheema": 0.988820632035349, "short": 0.18424261530688454, "sibghatullah": 4.64640139909258, "given": 0.03693798687484641, "time": 0.035866637976163074, "discuss": 0.2542877695163785, "budget": 3.0173841891986046, "when": 0.021539360082179083, "talk": 0.13190579176967285, "igp": 8.800536659107344, "same": 0.021200613619928955, "call": 0.20567216273764502, "tomorrow": 0.274152839462145, "these": 0.019735526814467108, "are": 0.018770960968840202, "issu": 0.10560872481941701, "will": 0.02010724696946196, "sahibzada": 1.4912079117684995, "sebghatullah": 15.448514930293982, "been": 0.016784199537069333, "awar": 0.21088910757307266, "four": 0.053162574671331446, "day": 0.05336175809920797, "nation": 0.06942139625857133, "media": 1.8482360869062329, "rais": 0.09131921728239366, "problem": 0.0645236436167609, "ani": 0.011446651746961689, "gossip": 3.1981153619447222, "our": 0.027413079428798337, "peopl": 0.04849632821600778, "kill": 0.32674509514515704, "becom": 0.12090423883356777, "silent": 2.1013665448602445, "opposit": 0.2967287938417358, "thank": 0.10773774504588308, "absenc": 0.47823019531892236, "muhammad": 0.27287834791909094, "jamal": 1.5734927759723045, "din": 0.9442384692661221, "mir": 0.2864182727073148, "amer": 3.1092841482381064, "khan": 0.022893303493923378, "magsi": 2.278551304725598, "shahnaz": 2.0602123051301326, "naseer": 1.9033133412494971, "baloch": 0.6805070300063013, "yaqoob": 2.311776952353918, "shaikh": 1.1193571137660188, "mian": 0.7423403103357875, "shahbaz": 5.838657784684696, "sharif": 2.351860849674204, "gener": 0.07688880439461995, "year": 0.08480245447971582, "bismillah": 1.1961203802654654, "rehman": 0.4055766965700332, "rahim": 0.813833460542789, "present": 0.031943092690502835, "govern": 0.038405914751917195, "it": 0.015744814681203395, "should": 0.010093166315885319, "reliev": 1.2475323071900164, "extrem": 0.5871619995239625, "inconveni": 2.029175331134556, "interrupt": 0.9319571043053649, "assembl": 0.0013391362626735779, "pakistan": 0.0006695681313367889, "debat": 0.013028036917816312, "monday": 1.3011007455082586, "met": 0.0035770214755437148, "hall": 0.43306867065591476, "parliament": 0.14607506638967535, "hous": 0.0026791696355323823, "islamabad": 0.331796710112649, "honour": 0.18211359371348879, "asad": 1.1207251030354435, "qaiser": 1.4238115495280084, "chair": 0.0017869113532948794, "recit": 0.6335022302096308, "holi": 0.15878404607482133, "quran": 0.1816247754292517, "one": 0.03496604132708106, "surah": 1.7495904689153947, "raum": 8.407601514786142, "vers": 1.260829335333506, "translat": 0.3535159011758157, "seek": 0.7163489153508987, "refug": 2.0023730567553018, "devil": 2.058462523406345, "allah": 0.9064776338531746, "begin": 0.220302244630996, "name": 0.01892374560533286, "most": 0.06026053309008602, "merci": 0.8401540698747524, "they": 0.02597120956283065, "see": 0.10075827913870054, "provid": 0.04823240856347278, "provis": 0.2256013784927382, "whom": 0.15073466581183137, "inde": 0.7465451324243135, "there": 0.005370341839587141, "sign": 0.2950737513075056, "those": 0.03285032790678536, "who": 0.03626200181298079, "believ": 0.09964896951512389, "then": 0.04127448016985254, "give": 0.04315650956884979, "rel": 0.9015593362680209, "needi": 2.06900743658296, "travel": 0.5956280851641201, "right": 0.022112814367333946, "better": 0.07337008505128344, "pleasur": 1.085091080788749, "save": 0.17516135631580662, "hadith": 3.1149506972812846, "naat": 3.6456202448008534, "anthem": 4.338553779493271, "point": 0.0900722398752579, "order": 0.03163237382965889, "god": 0.11630566288073645, "red": 0.9656947867345186, "great": 0.03404777357151646, "tabl": 0.2385483648588005, "content": 0.37816867420490013, "sit": 0.1390818754313761, "togeth": 0.16353024449035686, "action": 0.0578806773136544, "minut": 0.5241996704104698, "down": 0.13047602881112946, "decid": 0.05906368940004558, "what": 0.015518134412749974, "procedur": 0.19535705105565038, "accept": 0.10806694445354559, "all": 0.012536418928881275, "heard": 0.19693348362316646, "financ": 0.18236619068447518, "minist": 0.009417109952107702, "speech": 0.1128021557935694, "now": 0.010995286359023224, "listen": 0.8347632570561532, "leader": 0.1173089235618276, "way": 0.022340994630731272, "everyon": 0.5404113694589842, "suspend": 1.166311167817048, "goe": 0.3040657230047938, "proceed": 0.704617229762013, "meet": 0.06514018458908157, "were": 0.018383718719745097, "resum": 1.7044391410917399, "assalam": 3.4447568845262357, "alaikum": 2.348478319204346, "postpon": 1.2917130602544604, "tuesday": 1.6446408722940349, "till": 0.08229548503356125, "three": 0.028751272991650288, "oclock": 0.5960330254409635, "afternoon": 1.180665496292854, "later": 0.30822697288047635, "chang": 0.08447862719840825, "instead": 0.1332445080298515, "under": 0.016198329428205396, "rule": 0.05934078140682663, "conduct": 0.16932889015311378, "busi": 0.056699063091332644, "view": 0.197143635809866, "ummah": 3.45600465788352, "suppress": 1.28958531032081, "bring": 0.04030141294452259, "him": 0.11133199712631166, "martyr": 0.8340702520401927, "master": 0.8202910087635278, "sahib": 0.11230265528368341, "pleas": 0.14358652047404527, "rahman": 0.258577646734373, "today": 0.02531208583470706, "gave": 0.11580440973740913, "opportun": 0.09644896678445304, "speak": 0.08035890732835123, "want": 0.018241694879790406, "draw": 0.24110119563109045, "your": 0.03512021806077853, "attent": 0.07385050783256324, "import": 0.020744825097908925, "polic": 0.5787889307607216, "cia": 2.8982131781581657, "cate": 2.3508175015575183, "old": 0.16510836159851744, "child": 1.399279965901306, "hassan": 0.650978180247285, "belong": 0.1388696826684053, "constitu": 0.25310133963420106, "come": 0.026508306737502832, "station": 0.3801249839256611, "investig": 0.8178603075407334, "her": 0.3101752161889297, "mother": 0.7122983798225764, "babi": 1.3820632001476225, "fifteen": 0.3736187801029229, "twenti": 0.3658668032986049, "told": 0.10583175166897728, "famili": 0.5562635000038257, "ctd": 5.411869241232152, "personnel": 0.9076249738340212, "arrest": 0.5578877571812731, "again": 0.02508322669650723, "eight": 0.25655656910111957, "son": 0.5672885314659789, "bodi": 0.1853164409134262, "poli": 2.1290800906202985, "clinic": 2.079664731056948, "lie": 0.27460129620253027, "color": 1.4238115495280084, "had": 0.03693798687484641, "fever": 2.8354474826083784, "led": 0.6871398201864214, "death": 0.4897009284582267, "first": 0.018468993437423205, "event": 0.401567336037134, "two": 0.013480320959899806, "ago": 0.17702429763968885, "similar": 0.5264193125590417, "incid": 0.35117474726315934, "happen": 0.16443413898454592, "karachi": 0.06357194237909462, "packer": 0.5602296786263543, "simpl": 0.5451043175555982, "pocket": 1.0525995936808867, "empti": 0.9448123573736948, "figur": 0.2867154936933043, "fake": 1.4482030026521675, "wish": 0.41297974068676907, "state": 0.10945016927874243, "madinah": 10.80196500014907, "exampl": 0.2189123903419417, "ruler": 0.7805440977672095, "would": 0.008966659494040768, "extend": 0.3952518754583488, "their": 0.007616524275446687, "help": 0.13349951249381128, "million": 0.11781093160449888, "pakistani": 0.12486563458438887, "live": 0.07625608994041853, "below": 0.5103050421902582, "poverti": 1.990882359681876, "line": 0.15541607878281422, "held": 0.12841173759113925, "hand": 0.055990764159583886, "orphan": 1.9093193653097091,