{"speaker": 0.3335715006694987, "shagufta": 2.4913994521787077, "jumani": 2.587518584433781, "ha": 0.012747419380995682, "request": 0.038757409333731126, "grant": 0.5273047676132251, "leav": 0.4848198527064739, "august": 1.4824996038518277, "wa": 0.005810709194103485, "mir": 0.2864182727073148, "amer": 3.1092841482381064, "ali": 0.03128088225132124, "khan": 0.011446651746961689, "magsi": 2.278551304725598, "juli": 0.4588630599725327, "absenc": 0.47823019531892236, "bismillah": 0.5980601901327327, "rahman": 0.258577646734373, "rahim": 0.4069167302713945, "applic": 0.17516135631580662, "greet": 5.573852317656998, "honourag": 0.9774873762243422, "independ": 1.029838661626021, "day": 0.03557450539947198, "first": 0.018468993437423205, "all": 0.006268209464440637, "congratul": 0.7159446919755965, "entir": 0.09644896678445304, "pakistani": 0.12486563458438887, "nation": 0.04859497738099993, "anniversari": 5.538493690904795, "honor": 0.5539070932511181, "hous": 0.0044652827258873035, "reaffirm": 2.9522803994284414, "inshaallah": 0.5497339554543403, "will": 0.02010724696946196, "fulfil": 0.20292968583533205, "aspir": 1.4702874335624616, "peopl": 0.036372246162005836, "pakistan": 0.000892757508449052, "properli": 0.42997641600155034, "translat": 0.5302738517637235, "their": 0.038082621377233436, "feel": 0.1465917287623155, "emot": 0.985227813799319, "continu": 0.051516483764662786, "our": 0.041119619143197506, "ceremoni": 1.8104558128994914, "after": 0.010544124609886296, "member": 0.005819174881233404, "assembl": 0.0013391362626735779, "also": 0.01658272805324468, "come": 0.013254153368751416, "pass": 0.043093411035553926, "resolut": 0.33201887811442327, "postpon": 1.2917130602544604, "monday": 1.3011007455082586, "proceed": 0.234872409920671, "were": 0.009191859359872549, "debat": 0.013028036917816312, "sunday": 2.902112143269148, "met": 0.0035770214755437148, "hall": 0.43306867065591476, "parliament": 0.14607506638967535, "islamabad": 0.1658983550563245, "honour": 0.18211359371348879, "raja": 0.616078695635411, "pervez": 0.8733731885120535, "ashraf": 0.8433630396156522, "chair": 0.0017869113532948794, "recit": 0.6335022302096308, "holi": 0.15878404607482133, "quran": 0.1816247754292517, "seek": 0.7163489153508987, "refug": 4.0047461135106035, "god": 0.4652226515229458, "satan": 3.209104483520317, "most": 0.15065133272521505, "merci": 1.6803081397495048, "name": 0.03784749121066572, "those": 0.049275491860178045, "who": 0.04230566878181092, "fear": 0.49115865466388337, "lord": 1.3760550510531242, "paradis": 4.931149818671123, "even": 0.04285717161661925, "when": 0.021539360082179083, "came": 0.0645236436167609, "open": 0.14770101566512647, "it": 0.03148962936240679, "father": 0.7209801798415232, "said": 0.07478537468574624, "they": 0.019478407172122986, "bless": 1.59402789744875, "surah": 1.7495904689153947, "zamar": 5.188725689917942, "vers": 1.260829335333506, "devil": 2.058462523406345, "allah": 0.7251821070825397, "use": 0.03013026654504301, "disobey": 2.3508175015575183, "taken": 0.016878987423854533, "group": 0.3329524397194907, "arriv": 0.2150310436339692, "door": 0.7059491521439177, "alreadi": 0.05811716779601484, "been": 0.005594733179023111, "organ": 0.2357195086583228, "say": 0.031943092690502835, "them": 0.009417109952107702, "are": 0.010726263410765829, "veri": 0.015064927969461411, "good": 0.026228046512440355, "enter": 0.37621618416060837, "forev": 1.8077310155733064, "thank": 0.10773774504588308, "made": 0.025603943167944794, "promis": 0.30380480180435027, "heir": 1.870909917194838, "earth": 1.036112219571866, "now": 0.010995286359023224, "can": 0.008066366838138097, "make": 0.011446651746961689, "place": 0.01869634367143656, "wherev": 0.4897009284582267, "want": 0.018241694879790406, "best": 0.21558460024926693, "reward": 1.0857518009977871, "practition": 2.494098509147873, "hadith": 3.1149506972812846, "naat": 3.6456202448008534, "anthem": 4.338553779493271, "may": 0.013254153368751416, "free": 0.1944908171894674, "one": 0.008741510331770265, "tabl": 0.2385483648588005, "content": 0.37816867420490013, "narrat": 1.8367185524465586, "abu": 1.4359329100603533, "hurairah": 4.313256952564043, "prophet": 0.6136024252821476, "peac": 0.2902890531841694, "allaah": 0.7311278683969866, "upon": 0.1874675576342835, "him": 0.027832999281577914, "uniqu": 3.551199474781026, "took": 0.1153034077229218, "number": 0.0484666280281809, "companion": 1.2267703157415872, "messeng": 1.104431463549343, "men": 0.4867517250406319, "often": 0.6800664043106946, "rememb": 0.4467334813826438, "frequent": 1.6635423284747957, "women": 0.3801249839256611, "noth": 0.11155387202144224, "more": 0.01869634367143656, "than": 0.02737417844306307, "myself": 0.28197052630907854, "karma": 2.1141822359396616, "piec": 0.9996771922265442, "stand": 0.028292030733291885, "rank": 0.913727628002584, "merchant": 2.207092340743453, "footstep": 4.734693607017459, "wrap": 2.044573411245678, "see": 0.13434437218493406, "whose": 0.21017559254397197, "ass": 2.5468152913202773}