{"speaker": 5.17035826037723, "mahar": 1.7444688187953399, "irshad": 2.0532314739887925, "ahmad": 0.09448481196688957, "khan": 0.045786606987846756, "ha": 0.13597247339728727, "request": 0.755769482007757, "grant": 4.482090524712413, "leav": 2.962787988761785, "june": 5.182258980471065, "wa": 0.07844457412039704, "salahuddin": 1.2199443506711873, "ayubi": 3.423994893077807, "kiran": 3.231451782212314, "imran": 1.1105105096257253, "dar": 1.315027798811464, "zaib": 3.9302647003079367, "jaffar": 1.921440725842054, "may": 0.03976246010625425, "ali": 0.1564044112566062, "nawaz": 0.9764906482510521, "shah": 0.24821477724726412, "whole": 0.17703619275266372, "session": 0.2685820074798384, "andleeb": 5.0403056847996695, "abba": 1.011879906184098, "makhdoom": 0.8889942979708909, "zain": 2.693868709276774, "hussain": 0.23092874283768786, "qureshi": 0.7937828299775143, "item": 0.14788455376462073, "shahbaz": 103.63617567815336, "sharif": 40.56959965688002, "interrupt": 10.997093830803307, "haji": 0.6691133922914976, "imtiaz": 1.9048114688705193, "ahm": 0.09620323634950226, "choudhari": 3.0369634866584803, "muhammad": 3.6565698621158185, "jamal": 1.5734927759723045, "din": 0.9442384692661221, "aurangzeb": 1.5354734134471573, "khichi": 3.864306732516139, "jave": 0.7168583512442712, "iqbal": 1.1669281492211825, "warraich": 3.3386973125659116, "kishwer": 3.129486855555626, "zehra": 3.1872456897078183, "shahnaz": 2.0602123051301326, "saleem": 1.357478994517084, "malik": 0.18236619068447518, "zulfiqar": 0.7650773805532411, "behan": 4.7187220606722065, "current": 0.404326533407226, "musarrat": 3.5172523865643894, "asif": 2.3445562701412874, "khawaja": 0.886283534586903, "order": 0.2425148660273848, "hous": 0.03661531835227589, "pleas": 0.789725862607249, "cross": 1.1888284945294536, "talk": 3.099786106587312, "raja": 6.1607869563541096, "pervaiz": 1.4577450597853705, "ashraf": 7.59026735654087, "sahib": 1.7968424845389346, "know": 0.0897009065655138, "much": 0.11868156281365326, "give": 0.6473476435327468, "everyon": 2.1616454778359366, "privateg": 2.680753767198946, "are": 0.11530733166573266, "say": 0.2555447415240227, "privileg": 0.5102308780118044, "yet": 0.07097142714899692, "when": 0.06461808024653726, "will": 0.1295800360254215, "turn": 1.6619110333455094, "clear": 0.08715340082958438, "all": 0.2005827028621004, "agre": 0.09694060887891849, "madam": 2.694250297572684, "anyon": 0.41407743555515863, "who": 0.024174667875320525, "need": 0.0741078074227809, "dont": 1.1982669126452625, "worri": 0.5692581992290265, "what": 0.1241450753019998, "pervez": 6.986985508096428, "sir": 0.6422432316970258, "thank": 0.26934436261470773, "realiz": 0.46240038237338366, "our": 0.08223923828639501, "onel": 1.8423365447507818, "leader": 3.6365766304166556, "opposit": 4.154203113784301, "open": 0.5908040626605059, "budget": 6.857691339087737, "import": 0.18670342588118033, "debat": 0.4429532552057546, "would": 0.06276661645828538, "like": 0.06853269857199584, "there": 0.03222205103752285, "some": 0.06428575742492887, "surplu": 0.4907940238485397, "member": 0.13384102226836828, "their": 0.13709743695804036, "product": 0.23036662927595028, "were": 0.05515115615923529, "issu": 0.21121744963883402, "which": 0.013884279251714265, "whi": 0.2886184917314241, "think": 0.22817300399631932, "especi": 0.18209841721922534, "former": 1.0191236480430492, "presid": 0.178206388563611, "zardari": 2.4749639426730297, "islamabad": 0.4976950651689735, "three": 0.057502545983300575, "minut": 2.096798681641879, "away": 0.5708930079375809, "want": 0.36483389759580814, "draw": 0.24110119563109045, "your": 1.3521283953399734, "attent": 0.07385050783256324, "about": 0.17236079336368001, "pakistan": 0.001785515016898104, "neo": 4.296727650612832, "keep": 0.2879894636680592, "how": 0.11116171113417136, "can": 0.06453093470510478, "irrespons": 1.8090924861716273, "attitud": 0.7635163412704791, "govern": 0.17922760217561357, "bench": 3.1065549308828455, "these": 0.059206580443401324, "peopl": 0.08486857437801361, "understand": 0.23814914551150818, "parliamentari": 0.351174042040209, "norm": 2.0257854973800447, "aamer": 4.188093809610036, "mehmood": 1.0923831250331686, "kiani": 3.4447568845262357, "april": 1.013188925587445, "ibad": 4.437309601234022, "ullah": 1.4673790456665043, "day": 0.05336175809920797, "judgment": 1.2459795118469557, "they": 0.18179846693981455, "shake": 1.3883048610710986, "put": 0.07457103846133122, "into": 0.027603562547750454, "neck": 1.922966279150891, "heaven": 5.75500454577678, "earth": 3.108336658715598, "heir": 1.870909917194838, "allah": 1.8129552677063492, "recit": 0.4223348201397539, "naat": 3.6456202448008534, "name": 0.13246621923733, "subhan": 21.114244151938966, "gave": 0.3474132292122274, "heart": 0.6270567334335815, "word": 0.30598786693241686, "god": 0.5815283144036822, "human": 0.21033814337180723, "anna": 1.5691963139387992, "attikar": 8.407601514786142, "kasr": 7.308989226118033, "lord": 0.6880275255265621, "frequent": 1.6635423284747957, "found": 0.09276933550158675, "two": 0.13480320959899805, "piec": 0.9996771922265442, "finger": 1.3497035773742865, "flick": 4.7187220606722065, "moon": 2.004027316851328, "also": 0.11607909637271277, "sun": 1.4673790456665043, "nation": 0.05553711700685706, "anthem": 4.338553779493271, "absenc": 0.47823019531892236, "assembl": 0.002455083148234893, "friday": 0.7427857295004079, "met": 0.0035770214755437148, "hall": 0.43306867065591476, "parliament": 0.14607506638967535, "clock": 0.330464876247689, "morn": 0.40312750401465736, "asad": 6.724350618212661, "qaisar": 2.4236652340989524, "chair": 0.003573822706589759, "holi": 0.15878404607482133, "quran": 0.1816247754292517, "better": 0.07337008505128344, "them": 0.348433068227985, "evil": 0.8162444680875921, "hungri": 1.731778293151295, "resurrect": 2.061965153957547, "bless": 1.0626852649658334, "attempt": 0.5815575012671779, "joe": 3.3621753091063304, "jaw": 2.3578680595541854, "rahman": 0.258577646734373, "farman": 2.464802139659442, "translat": 0.17675795058790786, "logo": 2.805482693906442, "jaba": 3.6369168903204785, "mumnnu": 5.517229756889979, "bit": 0.5493473326001138, "tou": 4.038153662319122, "been": 0.06713679814827733, "done": 0.05888106413092595, "ayman": 3.171159551956194, "tow": 3.351355709437835, "great": 0.10214332071454939, "wage": 1.020511279129386, "mal": 4.832273935356322, "fadl": 5.699551313683933, "said": 0.07478537468574624, "gift": 1.2086702740979693, "bakhta": 6.798163602352043, "balka": 7.714454334226198, "make": 0.3205062489149273, "money": 0.11505300081038258, "gener": 0.07688880439461995, "discuss": 0.8264352509282301, "year": 0.06360184085978687, "www": 2.65502887596051, "bashha": 6.46169136573083, "free": 0.1944908171894674, "limit": 0.1580263647859449, "frdyay": 3.3016560408855624, "tabl": 0.2385483648588005, "content": 0.37816867420490013, "mian": 14.661221129131803, "veri": 0.12051942375569129, "wish": 0.41297974068676907, "meet": 0.09119625842471418, "start": 2.803017341415103, "it": 0.09446888808722037, "proceed": 1.409234459524026, "could": 0.03589663011851132, "late": 0.36683252041856385, "deputi": 10.697832976798125, "sit": 3.6624893863595704, "seat": 8.233178253937172, "full": 1.021966872157038, "opportun": 1.6396324353357017, "speak": 1.9286137758804296, "twice": 1.53591845385626, "minist": 0.028251329856323105, "listen": 0.8347632570561532, "fawad": 19.7736823585776, "chaudhri": 1.4568402632482667, "take": 0.03496604132708106, "one": 0.061190572322391855, "abov": 0.5502899271492984, "today": 0.07593625750412117, "honor": 2.2156283730044724, "urg": 7.384338910910474, "chanc": 4.904511511527168, "begin": 1.321813467785976, "each": 0.14194285429799383, "other": 0.026960641919799612, "own": 0.42243489927766803, "maulana": 2.231129079369068, "speech": 3.158460362219943, "given": 0.03693798687484641, "let": 0.7563697587945516, "whether": 0.08525507269483332, "allow": 0.22232342226834273, "senior": 0.9092694477260231, "down": 0.8480941872723415,