{"presid": 0.6237223599726386, "repli": 0.5113832836904761, "histori": 0.8435564302922907, "muslim": 0.1411800418015894, "wherev": 0.9794018569164534, "they": 0.03246401195353831, "rule": 0.029670390703413315, "replet": 4.515781216675516, "those": 0.09855098372035609, "human": 0.6310144301154217, "great": 0.5788121507157798, "principl": 0.8071103325735307, "which": 0.07636353588442846, "should": 0.010093166315885319, "follow": 0.0819973640048134, "practis": 4.378002790188828, "final": 0.13733240334951877, "thank": 0.32321323513764927, "your": 0.29852185351661753, "good": 0.13114023256220178, "wish": 2.4778784441206145, "pakistan": 0.0037942194109084706, "assur": 0.8744775246258372, "shall": 1.0909842926244586, "want": 0.018241694879790406, "friendli": 2.3238928943832153, "spirit": 2.812885487723296, "our": 0.15077193685839085, "neighbour": 6.023457232518275, "all": 0.08148672303772829, "nation": 0.06247925663271419, "world": 0.3589708427059341, "befor": 0.056089031014309676, "conclud": 1.5855923001501384, "express": 0.6404780420018007, "some": 0.0857143432332385, "messag": 3.5433265748634764, "goodwil": 7.33568539130199, "friendship": 4.265879091440804, "been": 0.06713679814827733, "receiv": 0.2533366340939915, "first": 0.018468993437423205, "one": 0.03496604132708106, "truman": 4.7187220606722065, "behalf": 2.1740027890700384, "american": 0.8627404461276856, "second": 0.06404767978102627, "egypt": 1.565986038308551, "third": 0.19747710962187662, "franc": 1.197521886615355, "fourth": 0.8037035462642621, "syria": 2.024094879902137, "fifth": 2.5582111382122132, "nepal": 2.209122798293835, "sure": 0.1432381850544757, "will": 0.03798035538676148, "join": 0.48824532412552607, "cordial": 2.7728119116168934, "these": 0.059206580443401324, "countri": 0.0506369622715636, "now": 0.05497643179511612, "proceed": 0.234872409920671, "assembl": 0.002008704394010367, "stand": 0.028292030733291885, "adjourn": 0.17235985577652924, "sine": 5.837327577258913, "die": 1.0063386197936794, "then": 0.010318620042463134, "constitu": 1.7717093774394075, "governorgener": 16.689077452775773, "aug": 5.217017720651234, "may": 0.11928738031876274, "remind": 1.269697596634803, "time": 0.035866637976163074, "when": 0.04307872016435817, "east": 0.48027715447634917, "india": 0.5479021076146776, "compani": 0.3028980464150344, "it": 0.03148962936240679, "charter": 2.645074441667191, "nearli": 1.1719823737193933, "four": 0.053162574671331446, "centuri": 2.583465723120358, "ago": 0.5310728929190666, "emperor": 5.284820824002597, "akbar": 2.1753572047549135, "wa": 0.008716063791155228, "throne": 2.163434614122407, "whose": 0.42035118508794395, "reign": 2.449176821756361, "mark": 0.7141198739509675, "perhap": 0.4143191866845517, "degre": 1.7932475255440954, "polit": 0.39859587806049557, "religi": 0.5381998022090537, "toler": 2.2495387309538337, "ha": 0.025494838761991365, "known": 0.7618920852025809, "sinc": 0.037980687837041345, "exampl": 0.4378247806838834, "honestli": 1.1894246763827356, "believ": 0.09964896951512389, "gener": 0.07688880439461995, "public": 0.08625381897495087, "men": 1.7036310376422117, "administr": 0.5989637212125815, "influenc": 2.1688615936853473, "tradit": 0.421096576232148, "alway": 0.44421997794211265, "consist": 0.6239609185648898, "british": 4.88491255232385, "indian": 1.1337901260734873, "pray": 1.171115013201048, "sake": 0.6552663514838513, "hold": 0.17915763178210917, "fast": 0.9054150281832184, "year": 0.021200613619928955, "come": 0.026508306737502832, "ruler": 0.7805440977672095, "taught": 1.2004826585783872, "prosper": 1.8838924093041731, "her": 0.930525648566789, "citizen": 1.209175997123971, "bless": 1.0626852649658334, "health": 0.34769318020786644, "happi": 0.845024136234771, "learn": 0.8806426716878862, "art": 1.2390216175221078, "peac": 1.1611562127366777, "flourish": 1.6437166062237079, "boundari": 1.3075743481568831, "she": 0.2649563288433485, "continu": 0.10303296752932557, "excel": 6.198961652348496, "majesti": 12.06820043739787, "king": 2.203482964204268, "myself": 0.5639410526181571, "graciou": 1.1734243350362945, "know": 0.0598006043770092, "respons": 0.12229861487540329, "lie": 0.5492025924050605, "ahead": 0.8910684120649524, "natur": 0.17409837455214916, "reciproc": 2.3231021017109716, "sentiment": 1.2336431950293492, "greatli": 1.1400760869579711, "appreci": 0.8496876255500602, "sympathi": 2.175473169954346, "support": 0.18572592459683085, "hope": 0.5977526129940968, "pleas": 0.03589663011851132, "commun": 0.3652680717431184, "him": 0.027832999281577914, "crown": 2.1731907890677715, "head": 0.15878404607482133, "govern": 0.14082168742369636, "futur": 0.43454971868847114, "constant": 1.3954862204797631, "effort": 0.5238891725781174, "work": 0.040578488448851376, "welfar": 0.4784750274793435, "wellb": 2.6024665458696545, "everi": 0.03335533268983864, "would": 0.017933318988081537, "inspir": 4.869433356445498, "che": 3.645427579988387, "idea": 0.37459201618947513, "servic": 0.46042740936839444, "imbu": 4.475775882061817, "cooper": 1.2177346100610218, "show": 0.23890096944196412, "their": 0.09901481558080692, "civic": 8.383420225194218, "virtu": 3.413740810476665, "make": 0.045786606987846756, "onc": 0.12234038071719473, "more": 0.056089031014309676, "ladi": 1.036112219571866, "mountbatten": 4.364550246951593, "kind": 0.08690994373769423, "ye": 0.03174149948654943, "are": 0.024134092674223114, "part": 0.16793046523116756, "friend": 0.3451590024311477, "sincer": 1.7065333821207909, "remain": 0.16798614488514205, "say": 0.06388618538100567, "present": 0.015971546345251417, "arm": 1.0687689198468031, "forc": 0.1943730411957021, "other": 0.04044096287969942, "willingli": 2.824105206004444, "ungrudgingli": 5.36307907706272, "volunt": 2.285108705271757, "themselv": 0.19016297705595572, "provision": 2.0224071157884174, "serv": 0.5039044888402837, "servant": 0.3853605979796061, "them": 0.037668439808430806, "treat": 0.5919468729568067, "equal": 0.5409962502936835, "nonmuslim": 2.061965153957547, "recent": 0.24423019832623158, "origin": 0.39690997565584185, "date": 0.09792461879841625, "back": 0.3070940558806529, "thirteen": 1.2237307997236906, "prophet": 0.6136024252821476, "onli": 0.029676803496165104, "word": 0.15299393346620843, "deed": 1.3108801362913827, "jew": 2.339175926542033, "christian": 1.5375481029880174, "handsom": 3.5023267363477135, "after": 0.021088249219772592, "had": 0.07387597374969282, "conquer": 2.1104921948522075, "utmost": 1.5930586175261847, "regard": 0.05428969388675313, "respect": 0.13065348380310743, "faith": 0.7228175712633587, "belief": 1.3820632001476225, "whole": 0.08851809637633186, "speech": 0.33840646738070823, "correct": 0.10409671591336027, "honour": 0.45528398428372197, "address": 0.42563975268556853, "both": 0.1935709308502827, "peopl": 0.02424816410800389, "within": 0.08618682207110785, "territori": 0.7776258077583535, "exercis": 1.1695124490127398, "liberti": 3.1298364650954418, "such": 0.016198329428205396, "freedom": 0.6272984268777697, "right": 0.06633844310200183, "form": 0.05481137966151531, "associ": 0.3553050152474965, "worship": 1.575647949220288, "own": 0.035202908273139, "way": 0.022340994630731272, "protect": 0.12917325558707207, "languag": 0.40190083612360006, "cultur": 0.5700471539050588, "further": 0.07939202303741066, "undertak": 1.093048682462063, "there": 0.016111025518761424, "discrimina": 4.852253453296729, "tion": 1.3805004852016278, "against": 0.0308204770866506, "who": 0.07856767059479171, "august": 0.4941665346172759, "oppon": 1.4312534443383944, "mean": 0.07529316256702503, "noth": 0.11155387202144224, "less": 0.31083215756562843, "than": 0.10949671377225229, "race": 1.396387527435776, "day": 0.03557450539947198, "went": 0.1606434822179659, "lahor": 0.5624026729028505, "report": 0.03937247650986376, "expect": 0.3071858484425982, "wit": 0.7104801975035177, "scene": 1.4558293503872317, "unparallel": 3.802431328798052, "devast": 1.7808837655371184, "visit": 0.13171584531178648,