{"majliseshoora": 16.163212255660643, "parliament": 3.651876659741884, "pakistan": 0.006918870690480153, "nov": 8.935261643536826, "speaker": 0.37526793825318605, "now": 0.032985859077069676, "shall": 0.18183071543740978, "read": 0.05434001505226932, "prorog": 3.0510152401141304, "order": 0.03163237382965889, "presid": 1.069238331381666, "exercis": 0.5847562245063699, "power": 0.07967367372366925, "fer": 2.305042920172574, "claus": 0.4075874211080716, "articl": 0.21863465113726777, "constitut": 0.10021540425516123, "islam": 0.3928571680928479, "republ": 3.0208322891698765, "herebi": 1.3874108064742179, "provogu": 7.714454334226198, "majliseshora": 6.615842045558088, "joint": 1.7557432572796314, "sit": 0.23180312571896014, "conclus": 0.5891712427154866, "it": 0.06297925872481358, "friday": 2.2283571885012234, "novemb": 1.7832427417941803, "pai": 3.473127581655451, "sament": 8.407601514786142, "accordingli": 0.559838977312535, "prorogn": 7.714454334226198, "majliscshoora": 7.714454334226198, "wa": 0.005810709194103485, "prorogu": 2.0190401092405135, "veri": 0.07532463984730706, "proud": 3.1124463935685927, "say": 0.06388618538100567, "about": 0.019151199262631112, "turkey": 25.070497340017532, "respect": 0.13065348380310743, "canaan": 12.019412483975545, "everen": 8.407601514786142, "ha": 0.02974397855565659, "complet": 0.0936564852824143, "sacr": 1.2260095701742781, "fur": 2.472707319166555, "peac": 1.4514452659208472, "transfer": 0.6448455334232129, "elect": 0.5360388663460465, "repres": 0.5860711531669511, "turkish": 24.8269862097385, "peopl": 0.14548898464802335, "environ": 0.6893605628268273, "deliv": 0.6428809700146657, "their": 0.08378176702991355, "own": 0.10560872481941701, "effort": 0.8731486209635289, "brother": 1.029688980415269, "ask": 0.034971774561258294, "honor": 0.5539070932511181, "onc": 0.6117019035859736, "again": 0.12541613348253616, "thank": 0.26934436261470773, "give": 0.028771006379233192, "opportun": 0.28934690035335914, "welcom": 5.540302994076124, "wish": 1.0324493517169226, "express": 0.48035853150135055, "more": 0.0934817183571828, "assembl": 0.001785515016898104, "our": 0.3837831120031767, "pleasur": 3.255273242366247, "solidar": 2.8662452075221956, "close": 0.5035100974990088, "cooper": 1.6236461467480292, "between": 1.0254053348788854, "inforeign": 8.407601514786142, "affair": 0.07385050783256324, "distinguish": 7.6650180279633915, "member": 0.08728762321850106, "trust": 1.376589179917598, "perfect": 3.0709468268943145, "polit": 0.19929793903024778, "relat": 0.4706157999589507, "countri": 0.2700637987816725, "will": 0.02680966262594928, "compl": 3.547789110424471, "ment": 0.6552663514838513, "substant": 2.1309580254444986, "comprehens": 0.9345324267539455, "econom": 0.3765508417601037, "juve": 5.768544185170884, "vast": 1.4761297091866898, "potenti": 1.1923615360560453, "which": 0.05553711700685706, "can": 0.008066366838138097, "lead": 0.3952518754583488, "intens": 1.5574753486406423, "collabor": 1.4275255742243798, "both": 0.1935709308502827, "necessari": 0.40126374600490433, "determin": 0.6386935753274241, "purpos": 0.0873969172072642, "over": 0.06702298389219381, "steadi": 3.1501061427583616, "increas": 0.19289793356890608, "cultur": 2.280188615620235, "exchang": 0.4092661188331605, "uur": 5.574388170729927, "who": 0.018131000906490394, "share": 0.5877508576307939, "moral": 1.3645429537380172, "valu": 0.3345103150929882, "also": 0.0414568201331117, "sourc": 0.29897824643154874, "satisfact": 1.3723329155050463, "despit": 0.4029020042365933, "elaps": 3.0049241329138634, "time": 0.04483329747020384, "continu": 0.20606593505865115, "deepli": 1.640258389520751, "appreci": 1.2745314383250903, "gratitud": 2.1692768897466355, "great": 0.3404777357151646, "materi": 0.5279316001818539, "support": 0.12381728306455389, "provid": 0.04823240856347278, "dure": 0.16944298603247662, "war": 1.4789411203061011, "independ": 0.3432795538753403, "under": 0.03239665885641079, "leadership": 0.7100261679837998, "ataturk": 10.080611369599339, "nie": 3.7162536325569993, "duti": 0.2945123179374393, "reiter": 1.5532470125311213, "these": 0.06907434385063488, "feel": 1.172733830098524, "rostrum": 4.515781216675516, "such": 0.08099164714102698, "thought": 0.22532177552712532, "would": 0.026899978482122305, "like": 0.041119619143197506, "address": 2.5538385161134114, "greet": 1.8579507725523328, "all": 0.031341047322203185, "zindabad": 5.748424052117246, "turki": 5.229547684438198, "dusti": 4.669931896502774, "call": 0.0342786937896075, "upon": 0.1874675576342835, "honour": 0.6373975779972108, "prime": 0.6230641102177017, "minist": 0.04708554976053851, "few": 0.151549020700171, "word": 0.30598786693241686, "excel": 11.158130974227292, "are": 0.05094975120113769, "your": 0.3512021806077853, "visit": 0.39514753593535945, "hope": 0.2988763064970484, "enjoy": 1.026099620279436, "trip": 2.0308745668875163, "memor": 5.75634485454944, "one": 0.03496604132708106, "entourag": 7.256956043349227, "most": 0.21091186581530108, "heartili": 4.00088226752189, "invit": 0.5787889307607216, "furkey": 8.407601514786142, "kenan": 21.063921460998756, "evr": 8.407601514786142, "chairman": 0.21226784762327308, "senat": 0.9262187017079674, "dear": 0.674641242784487, "friend": 0.3451590024311477, "extrem": 1.174323999047925, "happi": 1.126698848313028, "greatli": 1.1400760869579711, "privileg": 0.5102308780118044, "be": 0.04315650956884979, "given": 0.018468993437423205, "august": 0.4941665346172759, "toward": 0.7403927814944319, "cherish": 6.352985795863113, "brotherli": 7.753666857909373, "reliabl": 2.2895043167447953, "matter": 0.05658406146658377, "particular": 0.21226784762327308, "pride": 1.4331226037610978, "first": 0.03693798687484641, "guest": 3.2059739894470387, "occas": 0.4517621193160701, "should": 0.010093166315885319, "convey": 0.7339133855184131, "sincer": 1.7065333821207909, "affect": 0.4827704923880004, "want": 0.03648338975958081, "much": 0.05934078140682663, "particip": 0.3546684779885754, "open": 0.07385050783256324, "ceremoni": 1.8104558128994914, "march": 0.723385545030727, "when": 0.021539360082179083, "ziaulhaq": 3.0004297433260243, "kindli": 0.330464876247689, "howev": 0.2573310249883271, "could": 0.03589663011851132, "then": 0.02063724008492627, "fulfil": 0.4058593716706641, "wan": 3.0139739684337816, "sunc": 6.798163602352043, "programm": 0.43306867065591476, "did": 0.05428969388675313, "allow": 0.03705390371139045, "delight": 3.023106451997054, "abl": 0.12714388475818925, "although": 0.5170189801296066, "littl": 0.1337545820016348, "delay": 0.34927420820518523, "two": 0.09436224671929865, "stein": 6.0097062419877725, "jeep": 2.4388939548007773, "love": 1.1472103461533656, "nation": 0.06942139625857133, "each": 0.14194285429799383, "other": 0.06740160479949903, "regard": 0.05428969388675313, "isth": 5.463162535619703, "evren": 15.428908668452396, "ladi": 1.036112219571866, "gentlemen": 0.6761094855404587, "extend": 0.3952518754583488, "behalf": 1.0870013945350192, "majli": 5.394348994822547, "shoora": 8.076307324638243, "warm": 2.219337391703553, "excellencirand": 8.407601514786142, "truli": 1.4018124955326405, "emin": 1.8694616910184731, "friendli": 1.1619464471916077, "amongst": 0.5427975114576832, "today": 0.10124834333882823, "awar": 0.21088910757307266, "gener": 0.07688880439461995, "were": 0.036767437439490194, "held": 0.12841173759113925, "febru": 5.188725689917942, "after": 0.05272062304943148, "hous": 0.0008930565451774607, "came": 0.1290472872335218, "into": 0.027603562547750454, "sinc": 0.07596137567408269, "year": 0.06360184085978687, "been": 0.011189466358046221, "perform": 0.22784102108624305, "honestli": 1.1894246763827356, "establish": 0.2687737117178155, "work": 0.06086773267327707, "democrat": 0.8333721033896357, "process": 0.4762682214889021, "start": 0.04449233875262068, "bound": 0.7878773010034729, "togeth": 0.16353024449035686, "strong": 1.9196658766814598, "tie": 0.913727628002584, "religion": 0.6818300731981914,