{"speaker": 1.7095539409311808, "count": 2.901803065166658, "made": 0.10241577267177918, "wa": 0.06972851032924182, "hous": 0.016075017813194294, "adjourn": 0.17235985577652924, "meet": 0.14330840609597945, "again": 0.10033290678602892, "monday": 1.3011007455082586, "decemb": 1.603602677383104, "proced": 1.7056411487836027, "were": 0.05515115615923529, "suspend": 1.166311167817048, "till": 0.1645909700671225, "complet": 0.14048472792362143, "quorum": 7.187057354554188, "proceed": 0.469744819841342, "presid": 0.0891031942818055, "over": 0.044681989261462544, "resum": 0.8522195705458699, "pleas": 0.25127641082957924, "wait": 0.35149185524108223, "sheikh": 3.5689813331584452, "order": 0.12652949531863555, "tariq": 4.196111234748104, "fazal": 2.372807523926625, "chaudhari": 1.6982971745278443, "right": 0.08845125746933578, "sir": 0.1834980661991502, "are": 0.07240227802266935, "whi": 0.1236936393134675, "did": 0.10857938777350626, "answer": 0.7939202303741066, "come": 0.3446079875875368, "these": 0.09867763407233554, "five": 0.19667846301938874, "question": 0.20428664142909878, "didnt": 0.527553313814566, "chaudhri": 0.7284201316241333, "befor": 0.0934817183571828, "head": 0.15878404607482133, "doctor": 0.6189754491611112, "also": 0.19899273663893619, "call": 0.2399508565272525, "your": 0.14048087224311412, "secretari": 0.9380680161055813, "there": 0.07518478575421997, "shagfta": 9.869721048262846, "sahib": 0.7861185869857839, "joint": 1.7557432572796314, "point": 0.3602889595010316, "reg": 4.822740789018064, "out": 0.17262603827539916, "jamani": 7.735967691527808, "want": 0.3101088129564369, "figur": 0.5734309873866086, "speak": 0.4821534439701074, "cade": 8.376187619220072, "cabinet": 0.6215680884276483, "should": 0.1110248294747385, "here": 0.5051247960366161, "then": 0.1444606805944839, "leav": 0.05386887252294154, "immedi": 0.1263838534994936, "nation": 0.04859497738099993, "assembl": 0.002008704394010367, "pakistan": 0.0022318937711226297, "debat": 0.026056073835632625, "friday": 1.4855714590008158, "met": 0.0035770214755437148, "hall": 0.43306867065591476, "parliament": 0.7303753319483768, "islamabad": 1.327186840450596, "clock": 0.330464876247689, "morn": 0.604691256021986, "sardar": 0.1533327446959599, "ayaz": 1.260829335333506, "sadiq": 0.868574458962148, "chair": 0.0017869113532948794, "recit": 0.4223348201397539, "holi": 0.15878404607482133, "quran": 0.1816247754292517, "seek": 0.35817445767544936, "god": 0.8141396401651552, "most": 0.12052106618017204, "merci": 1.2602311048121286, "name": 0.03784749121066572, "good": 0.026228046512440355, "thing": 0.4030331165548022, "them": 0.10358820947318471, "evil": 0.8162444680875921, "who": 0.08461133756362184, "will": 0.06925829511703564, "hungri": 1.731778293151295, "what": 0.07759067206374987, "they": 0.12336324542344558, "left": 0.22610399928492847, "day": 0.12451076889815194, "resurrect": 2.061965153957547, "ha": 0.0764845162859741, "heresi": 6.210376937449924, "heaven": 1.438751136444195, "earth": 1.036112219571866, "translat": 0.17675795058790786, "bless": 0.5313426324829167, "attempt": 0.5815575012671779, "joe": 4.482900412141774, "jaw": 2.3578680595541854, "rahman": 0.258577646734373, "farman": 2.464802139659442, "logo": 2.805482693906442, "jaba": 3.6369168903204785, "naakk": 8.407601514786142, "our": 0.08223923828639501, "bit": 0.5493473326001138, "ayman": 3.171159551956194, "log": 2.325382604409697, "mal": 2.416136967678161, "best": 0.43116920049853386, "misfortun": 2.7323797019826648, "money": 0.46021200324153033, "disgrac": 1.5303054432887144, "asmano": 4.9110939533196625, "time": 0.09863325443444845, "legaci": 2.190995413701278, "heir": 1.870909917194838, "work": 0.020289244224425688, "been": 0.055947331790231106, "known": 0.5079280568017206, "naat": 3.6456202448008534, "star": 0.4035700069334441, "unstar": 1.0094274218156778, "fateha": 3.35316682860812, "prayer": 1.03267107725735, "announc": 0.6301883251948774, "presenc": 0.709572344513338, "student": 1.5837948005455618, "faculti": 6.888402525850394, "member": 0.06401092369356744, "model": 2.771384481360924, "colleg": 1.2097078494197082, "girl": 2.686590806852029, "g102": 10.574398776599317, "galleri": 3.494410775977162, "allah": 0.18129552677063493, "graciou": 1.1734243350362945, "frdyy": 4.669931896502774, "tabl": 0.2385483648588005, "content": 0.37816867420490013, "give": 0.10069852232731617, "chanc": 0.2885006771486569, "talk": 1.0552463341573828, "one": 0.08741510331770265, "mic": 2.184766250066337, "muhammad": 0.3820296870867273, "jamal": 1.5734927759723045, "din": 0.9442384692661221, "side": 0.2695060442003979, "peopl": 0.19398531286403112, "merger": 4.734693607017459, "pakistani": 0.12486563458438887, "fan": 1.5638515657799184, "tribal": 0.9396591825002912, "today": 0.15187251500824234, "jamiat": 2.444022171167697, "ulema": 1.6345211391306076, "fata": 19.79289434611851, "myself": 0.28197052630907854, "belong": 0.2777393653368106, "aaliyah": 2.7621546171429054, "pictur": 0.8213052076334229, "ali": 0.09384264675396371, "jinnah": 2.0988155241062207, "opposit": 0.9890959794724525, "govern": 0.2688414032634203, "consid": 0.1882485336611294, "him": 0.08349899784473375, "great": 0.06809554714303293, "proud": 0.7781115983921482, "believ": 0.19929793903024778, "quaid": 1.0674146794660273, "azam": 0.5799619684197207, "pleasur": 1.085091080788749, "prime": 0.8722897543047824, "minist": 0.09417109952107702, "said": 0.13087440570005593, "system": 0.09644896678445304, "impos": 0.22784102108624305, "tribe": 5.979434777171868, "without": 0.20573552712415266, "their": 0.04569914565268012, "advic": 0.6004982246601629, "fals": 0.6327457481206227, "readi": 0.18343800214828185, "accept": 0.10806694445354559, "secondli": 0.19530437655637442, "leader": 0.586544617809138, "khurshid": 0.5996848858597346, "shah": 0.49642955449452825, "yesterday": 0.6559039534118033, "man": 0.06977425233822773, "india": 0.3652680717431184, "had": 0.07387597374969282, "jump": 1.8228101224004267, "yard": 3.199333142172434, "other": 0.013480320959899806, "far": 0.037517188408117845, "away": 0.4281697559531857, "now": 0.09895757723120902, "experi": 0.36297523501880596, "two": 0.09436224671929865, "challeng": 0.43272461422726705, "same": 0.04240122723985791, "percentag": 0.6206345121712716, "favor": 0.7908257060877705, "integr": 1.0741073405568624, "rest": 0.11255237435103191, "rais": 0.09131921728239366, "gun": 1.3927871635105984, "packer": 1.680689035879063, "kindli": 1.321859504990756, "wind": 0.5708367315220763, "jamaluddin": 16.55176365974962, "occas": 0.6776431789741051, "shangta": 7.308989226118033, "stood": 1.0475565997879803, "her": 0.6203504323778594, "seat": 0.28390269841162663, "speech": 0.1128021557935694, "minut": 0.10483993408209395, "mohammad": 0.21414581717281245, "say": 0.15971546345251417, "negoti": 1.443796907103191, "tomorrow": 0.274152839462145, "chamber": 1.7669830886086806, "well": 0.07799693302876139, "satisfi": 0.3572170617191219, "invit": 0.8681833961410823, "armi": 0.3916137037589057, "opinion": 0.18962331163541085, "okay": 1.12124106529471, "fine": 0.7938199513116837, "naeem": 1.4625504510603091, "kishor": 2.3841539218251104, "khan": 0.08012656222873182, "start": 0.08898467750524136, "ye": 0.1904489969192966, "ask": 0.13988709824503318, "cad": 3.7924809979448835, "send": 0.3900662331039971, "recommend": 0.258577646734373, "nonser": 4.248718431426471, "attitud": 0.38175817063523954, "read": 0.05434001505226932, "it": 0.015744814681203395, "joke": 1.0380007942597338, "big": 0.12108014110490693, "simpl": 0.5451043175555982, "happen": 0.16443413898454592, "last": 0.08418746600610269, "told": 0.21166350333795456, "wrong": 0.2767139872061732, "state": 0.054725084639371216, "barney": 7.021307153666252, "permiss": 0.18129552677063493, "came": 0.1935709308502827, "parliamentari": 0.468232056053612, "lot": 0.10558370503493847, "emperrss": 8.407601514786142, "becaus": 0.08115697689770275, "tone": 1.4090918725355417, "take": 0.03496604132708106,