{"thank": 0.16160661756882463, "hous": 0.010716678542129529, "wa": 0.04648567355282788, "adjourn": 0.7756193509943816, "meet": 0.026056073835632625, "again": 0.05016645339301446, "friday": 1.4855714590008158, "april": 11.651672644255619, "pcppi55503": 8.407601514786142, "na1605200450": 8.407601514786142, "motion": 1.1906705537222553, "terrorist": 6.526419509863038, "attack": 2.503430130537781, "kashmir": 2.0480109840320644, "town": 3.6579579137862765, "decorum": 2.316291632708445, "be": 0.028771006379233192, "maintain": 0.6897072273995771, "speaker": 1.1675002523432454, "minist": 0.10358820947318471, "parliamentari": 0.351174042040209, "affair": 0.4431030469953794, "muhammad": 0.27287834791909094, "raza": 1.9096032861622125, "hayat": 3.685864962977252, "hiraj": 8.307740536357192, "matter": 0.16975218439975132, "may": 0.09277907358125992, "oppos": 0.5544959347098103, "sir": 0.19878957171574607, "privileg": 0.5102308780118044, "involv": 0.1404093288539981, "two": 0.053921283839599224, "provinc": 0.15299393346620843, "need": 0.03705390371139045, "get": 0.11868156281365326, "report": 0.11811742952959128, "govern": 0.038405914751917195, "sindh": 1.6694533162631198, "balochistan": 0.9319005237111749, "will": 0.01787310841729952, "request": 0.2906805700029834, "pend": 0.5095618240215246, "three": 0.057502545983300575, "day": 0.07114901079894397, "let": 0.04449233875262068, "back": 0.10236468529355097, "honour": 0.18211359371348879, "nation": 0.10413209438785699, "assembl": 0.003571030033796208, "pakistan": 0.001785515016898104, "sardar": 1.8399929363515186, "saleem": 10.859831956136672, "jan": 10.06191894001478, "mazari": 19.10218238316924, "after": 0.010544124609886296, "there": 0.0644441020750457, "are": 0.016089395116148743, "bicycl": 2.5845556193031243, "desert": 3.241769128362124, "ranger": 8.937641541278934, "stand": 0.05658406146658377, "mobil": 2.0785236569495242, "phone": 1.3009953770588407, "bhambur": 6.46169136573083, "rifl": 2.5496683603026837, "where": 0.05474835688612614, "incid": 0.35117474726315934, "happen": 0.10962275932303062, "onli": 0.014838401748082552, "one": 0.026224530995310795, "hundr": 0.15645937569539195, "yard": 1.599666571086217, "say": 0.047914639035754256, "regret": 0.4755983624247586, "did": 0.2443036224903891, "interven": 3.7659979762608113, "nor": 0.12410738862363206, "polic": 1.446972326901804, "situat": 0.11907457275575409, "peopl": 0.14548898464802335, "recogn": 0.6906953794877545, "they": 0.07791362868849194, "were": 0.11030231231847058, "robber": 1.762510545280499, "rob": 1.6448720078542636, "those": 0.03285032790678536, "outlaw": 4.796683602141918, "all": 0.006268209464440637, "came": 0.1935709308502827, "belong": 0.1388696826684053, "bugti": 1.9843545512526233, "tribe": 1.494858694292967, "sadli": 4.417725854197372, "open": 0.07385050783256324, "challeng": 0.43272461422726705, "write": 0.29597343647840335, "said": 0.056089031014309676, "provinci": 0.08885926209374392, "fail": 0.3729704818630369, "law": 0.03266337095077686, "order": 0.03163237382965889, "today": 0.02531208583470706, "sixteenth": 4.296727650612832, "chief": 0.16195461391228286, "even": 0.021428585808309624, "come": 0.03976246010625425, "scene": 1.4558293503872317, "talk": 0.19785868765450926, "about": 0.038302398525262224, "sympathi": 1.087736584977173, "your": 0.052680327091167795, "place": 0.01869634367143656, "spot": 2.8439193942938696, "these": 0.019735526814467108, "ani": 0.022893303493923378, "compens": 0.815235386266347, "culprit": 1.5129314753526615, "caught": 0.7655571119128854, "could": 0.03589663011851132, "militari": 1.1440445362323557, "action": 0.1157613546273088, "then": 0.02063724008492627, "whi": 0.04123121310448916, "take": 0.01748302066354053, "against": 0.0308204770866506, "them": 0.037668439808430806, "now": 0.0439811454360929, "that": 0.5162707571242545, "what": 0.07759067206374987, "want": 0.09120847439895204, "ask": 0.034971774561258294, "packer": 5.042067107637189, "postpon": 1.2917130602544604, "until": 0.20429748799086053, "port": 0.6268806286682246, "arriv": 0.4300620872679384, "extra": 0.750318721807953, "member": 0.034915049287400426, "requir": 0.10303296752932557, "rule": 0.08901117211023994, "hooart": 8.407601514786142, "sit": 0.09272125028758406, "should": 0.010093166315885319, "also": 0.00829136402662234, "focus": 1.2282935452821087, "veri": 0.030129855938922822, "much": 0.029670390703413315, "stress": 1.4968507268242075, "right": 0.04422562873466789, "discuss": 0.12714388475818925, "fund": 0.23968215182832747, "constitu": 0.5062026792684021, "interrupt": 0.745565683444292, "can": 0.008066366838138097, "look": 0.05481137966151531, "woman": 0.9751177068690239, "see": 0.06717218609246703, "man": 0.06977425233822773, "children": 0.5142672063242789, "men": 0.24337586252031596, "kill": 0.9802352854354711, "injur": 4.549154514828473, "includ": 0.06738419383910818, "women": 0.3801249839256611, "their": 0.007616524275446687, "parent": 1.174868378608528, "die": 1.0063386197936794, "would": 0.035866637976163074, "find": 0.09276933550158675, "short": 0.18424261530688454, "john": 3.607315380371341, "finish": 0.281674712078257, "when": 0.03230904012326863, "pass": 0.043093411035553926, "platoon": 7.815583688911756, "shahbaz": 1.459664446171174, "citi": 0.42067628674361446, "bibli": 7.714454334226198, "salem": 6.741297824745028, "who": 0.012087333937660262, "goe": 0.1520328615023969, "ten": 0.09497548911117991, "abduct": 1.5974590646710063, "continu": 0.051516483764662786, "statement": 0.675829017587266, "thirteen": 1.2237307997236906, "give": 0.07192751594808298, "station": 0.7602499678513222, "close": 0.1258775243747522, "call": 0.10283608136882251, "innoc": 1.6194071285287188, "our": 0.013706539714399169, "bad": 0.21281987634278426, "shortag": 0.4784750274793435, "sikandar": 3.5911209599061023, "khan": 0.08012656222873182, "bosan": 2.846919883770615, "state": 0.018241694879790406, "ha": 0.0764845162859741, "inform": 0.1871507643291477, "attend": 1.3082181958465793, "session": 0.4028730112197576, "due": 0.3754336913101024, "offici": 0.234116028026806, "engag": 0.5385821382871198, "mr": 1.9680661410539524, "zubeda": 4.264466788394611, "jalal": 2.4780123713962485, "feder": 0.502497823673538, "informd": 7.714454334226198, "she": 0.2649563288433485, "sy": 0.8352292870491673, "faisal": 1.4577450597853705, "saleh": 1.9892365788499318, "visit": 0.26343169062357297, "abroad": 0.4187192614769158, "sufwanullah": 16.815203029572285, "mna": 4.141954680000773, "grant": 2.8122920939372005, "leav": 1.9392794108258955, "shahid": 0.9254825912340275, "akram": 1.0970513562517203, "bhinder": 4.264466788394611, "person": 0.08389077356408875, "voic": 0.3572170617191219, "opposit": 0.395638391788981, "nuriz": 14.009306945390854, "shakur": 16.017974138546737, "nouriz": 9.762481980339963, "natur": 0.3481967491042983, "resourc": 0.5480281942503531, "occas": 0.4517621193160701, "brave": 1.5875851501120128, "fell": 1.3200278092281699, "into": 0.027603562547750454, "doctor": 1.8569263474833337, "sahib": 1.1230265528368342, "hurri": 1.2498660305362366, "floor": 0.1658983550563245, "hall": 1.2992060119677442, "absenc": 0.7173452929783836, "ali": 0.06256176450264248, "nawaz": 0.48824532412552607, "mehr": 2.355512345861726, "maulana": 0.6374654512483051, "shah": 0.49642955449452825, "abdul": 0.14674017010256687, "aziz": 0.6647655593553942, "dewan": 3.018529784969642, "jaffar": 1.921440725842054, "hussain": 0.9237149713507514, "bokhari": 3.9817384645476337, "rai": 1.260829335333506, "aslam": 0.9339644062899368, "kharal": 3.3771635933937074, "nayyer": 3.734772680324237, "belum": 2.235900917375228, "husnain": 2.8278716887999207, "rao": 1.08047822252685, "iqbal": 0.3889760497403942, "abl": 0.06357194237909462, "connect": 0.18773677287349194, "prime": 0.12461282204354034, "okara": 1.852244622975478, "reassembl": 0.9686299223902812, "chair": 0.005360734059884638, "move": 0.03705390371139045, "busi": 0.11339812618266529, "under": 0.03239665885641079,