{"nation": 0.041652837755142794, "assembl": 0.0015623256397858409, "pakistan": 0.0013391362626735779, "jan": 1.1179909933349754, "speaker": 0.62544656375531, "hous": 0.0053583392710647645, "adjourn": 0.17235985577652924, "meet": 0.026056073835632625, "again": 0.02508322669650723, "monday": 1.3011007455082586, "januari": 6.583175460719868, "thank": 0.05386887252294154, "pcppi241099na": 8.407601514786142, "point": 0.07205779190020632, "order": 0.021088249219772592, "leav": 1.7776727932570708, "grant": 2.5486397101305878, "wa": 0.031958900567569164, "sahibzada": 0.7456039558842498, "farooq": 0.7737479551043748, "anwar": 0.8600998319711759, "abbasi": 0.666067925504315, "ha": 0.0467405377303175, "request": 0.19378704666865562, "fahmeeda": 6.615842045558088, "mirza": 1.0771963029417406, "till": 0.1645909700671225, "meer": 2.6486997409088624, "fare": 1.2952740700752317, "ullah": 1.4673790456665043, "khan": 0.011446651746961689, "jamali": 1.4869300105374597, "end": 0.05481137966151531, "session": 0.1342910037399192, "tariq": 0.8392222469496207, "qaiser": 1.4238115495280084, "now": 0.010995286359023224, "take": 0.008741510331770265, "call": 0.10283608136882251, "attent": 0.14770101566512647, "interrupt": 0.186391420861073, "asfandyar": 4.459314801471086, "wali": 1.97884138411871, "sir": 0.030583011033191703, "there": 0.005370341839587141, "quorum": 3.0801674376660806, "your": 0.017560109030389265, "onc": 0.12234038071719473, "out": 0.014385503189616596, "can": 0.008066366838138097, "run": 0.08253782115494587, "count": 1.1607212260666633, "taken": 0.016878987423854533, "pleas": 0.03589663011851132, "took": 0.1153034077229218, "place": 0.01869634367143656, "lan": 3.4447568845262357, "tahir": 0.9362384265990458, "rashid": 0.5447194801446528, "haji": 1.3382267845829952, "naseemurrehman": 5.075397004610939, "rana": 0.5080770427539454, "zahid": 1.162659968449136, "tauseef": 3.0139739684337816, "grart": 6.210376937449924, "muhamamd": 3.4588416244079747, "boota": 3.487620588958018, "sy": 0.11931846957845248, "shabbir": 1.532369427509566, "ahmad": 0.09448481196688957, "shah": 0.12410738862363206, "mian": 0.18558507758394688, "abdul": 0.07337008505128344, "wahe": 1.7419177970037345, "sent": 0.1118034041499985, "revel": 2.272036623704404, "whom": 0.6029386632473255, "abraham": 3.7071211489937266, "mose": 3.1872456897078183, "jesu": 3.0510152401141304, "were": 0.009191859359872549, "command": 0.6717311948335764, "keep": 0.04799824394467654, "religion": 0.6818300731981914, "doe": 0.02416831354942992, "break": 0.41263199208826556, "into": 0.027603562547750454, "what": 0.015518134412749974, "polytheist": 3.313851313979381, "make": 0.011446651746961689, "difficult": 0.23543706267423922, "them": 0.009417109952107702, "allah": 0.18129552677063493, "lead": 0.3952518754583488, "will": 0.00893655420864976, "who": 0.006043666968830131, "turn": 0.23741586190650135, "him": 0.11133199712631166, "guy": 1.2222144992057264, "path": 0.5732092118757066, "toward": 0.24679759383147729, "absenc": 0.47823019531892236, "applic": 0.17516135631580662, "sheikh": 0.3568981333158445, "muhammad": 0.05457566958381819, "jazakullah": 2.444022171167697, "ellahi": 2.636160391656127, "bakhsh": 1.0615913048728507, "soomro": 1.3267336180953613, "chair": 0.0017869113532948794, "name": 0.03784749121066572, "god": 0.2326113257614729, "most": 0.06026053309008602, "graciou": 1.1734243350362945, "merci": 0.8401540698747524, "debat": 0.026056073835632625, "frdyay": 3.3016560408855624, "met": 0.0035770214755437148, "hall": 0.43306867065591476, "parl": 3.918965145054003, "remain": 0.08399307244257102, "islamabad": 0.331796710112649, "recit": 0.21116741006987694, "holi": 0.15878404607482133, "quran": 0.1816247754292517, "arm": 0.5343844599234016, "heaven": 1.438751136444195, "earth": 1.036112219571866, "give": 0.014385503189616596, "guid": 0.7522108699599909, "sur\u06c3": 3.698071313473809, "shori": 5.574388170729927, "translat": 0.17675795058790786, "asmanu": 5.0403056847996695, "two": 0.013480320959899806, "time": 0.008966659494040768, "result": 0.08837157615381713, "life": 0.14195134920581332, "doubt": 0.2559798678163933, "volum": 1.3002454964039278, "napv": 4.6009390250158235, "offici": 0.117058014013403, "report": 0.03937247650986376, "friday": 0.7427857295004079, "contain": 0.22588105965803504, "no": 0.7883680985593373, "content": 0.37816867420490013, "onder": 3.8226340361155713, "pace": 1.5251640437882958, "print": 0.8044688949389596, "manag": 0.3819460433054003, "corpor": 0.3723226036414763, "press": 0.15541607878281422, "publish": 0.3830666431804473, "public": 0.028751272991650288, "karachi": 0.06357194237909462, "price": 0.1759593348127325}