{"wednesday": 1.8953734970900762, "march": 2.893542180122908, "pcppi28105": 8.407601514786142, "point": 0.10808668785030948, "order": 0.05272062304943148, "member": 0.12802184738713487, "funer": 7.797052925765413, "anyway": 0.8167493910975622, "believ": 0.09964896951512389, "honourag": 1.9549747524486845, "were": 0.04595929679936274, "respect": 0.26130696760621486, "postpon": 3.229282650636151, "proceed": 0.469744819841342, "their": 0.007616524275446687, "mourn": 4.570217410543514, "three": 0.08625381897495087, "half": 0.20077777631566882, "oclock": 1.7880990763228906, "morn": 0.8062550080293147, "futur": 0.2607298312130827, "mani": 0.11500509196660115, "thank": 0.43095098018353234, "will": 0.02904380117811172, "present": 0.06388618538100567, "hous": 0.018754187448726676, "adjourn": 0.5170795673295877, "meet": 0.06514018458908157, "speaker": 0.7505358765063721, "want": 0.054725084639371216, "rais": 0.04565960864119683, "issu": 0.21121744963883402, "august": 0.4941665346172759, "just": 0.1794831505925566, "now": 0.02199057271804645, "walk": 0.4217768483672256, "serena": 4.2029088953951765, "hotel": 1.152010240532478, "side": 0.17967069613359862, "assembl": 0.0031246512795716818, "becaus": 0.12173546534655413, "all": 0.07521851357328765, "road": 1.3349723596384664, "are": 0.05899444875921206, "close": 0.2517550487495044, "sir": 0.1834980661991502, "today": 0.37968128752060587, "human": 0.21033814337180723, "aspect": 1.0710550698385388, "secur": 0.8123977415376948, "more": 0.056089031014309676, "import": 0.020744825097908925, "than": 0.02737417844306307, "tradit": 1.684386304928592, "what": 0.10862694088924982, "happen": 0.32886827796909185, "outsid": 0.15985762756062677, "sinc": 0.15192275134816538, "day": 0.17787252699735992, "ha": 0.05523881731764795, "islamabad": 0.331796710112649, "been": 0.03916313225316177, "here": 0.11224995467480359, "last": 0.056124977337401794, "twenti": 0.3658668032986049, "year": 0.04240122723985791, "zafar": 2.902320015837075, "ali": 0.12512352900528495, "shah": 0.8687517203654245, "sahib": 0.5615132764184171, "sy": 0.7159108174707148, "packer": 10.644363893900731, "should": 0.1614906610541651, "visit": 0.39514753593535945, "everi": 0.06671066537967728, "allow": 0.03705390371139045, "matter": 0.028292030733291885, "keep": 0.23999121972338272, "pleas": 0.07179326023702264, "also": 0.06633091221297872, "parliament": 1.6068257302864288, "lodg": 9.47339634312798, "when": 0.0753877602876268, "rehears": 47.70015355059758, "told": 0.3174952550069318, "minist": 0.11300531942529242, "parliamentari": 0.819406098093821, "affair": 0.5169535548279427, "obstruct": 1.5930586175261847, "along": 0.32057604411844187, "way": 0.06702298389219381, "whenev": 0.5217849251656489, "parad": 5.157311794351872, "held": 0.12841173759113925, "think": 0.11408650199815966, "said": 0.0934817183571828, "myself": 0.28197052630907854, "they": 0.03246401195353831, "make": 0.045786606987846756, "there": 0.07518478575421997, "sever": 0.14375338341723665, "time": 0.05379995696424461, "wa": 0.04067496435872439, "vacat": 0.8402558387729034, "one": 0.06993208265416212, "dure": 0.08472149301623831, "whatev": 0.10112935468555817, "govern": 0.012801971583972397, "anyhow": 2.336863786783653, "justif": 0.7498462436512779, "them": 0.04708554976053851, "interrupt": 0.372782841722146, "state": 0.07296677951916163, "law": 0.09799011285233057, "chaudhri": 0.24280671054137778, "shahid": 1.850965182468055, "kurram": 2.024094879902137, "bhandar": 6.009848265827727, "surplu": 0.4907940238485397, "friend": 0.3451590024311477, "talk": 0.13190579176967285, "about": 0.019151199262631112, "request": 0.21316575133552118, "come": 0.11928738031876274, "fact": 0.11185655769199682, "open": 0.2215515234976897, "which": 0.034710698129285664, "back": 0.20472937058710194, "door": 1.4118983042878355, "it": 0.047234444043610185, "rout": 1.648707980965563, "disclos": 1.3900953718448867, "amir": 0.6058011128771705, "hussain": 0.6927862285130636, "chair": 0.0017869113532948794, "name": 0.01892374560533286, "allah": 0.36259105354126986, "most": 0.09039079963512903, "graciou": 1.1734243350362945, "merci": 0.4200770349373762, "nation": 0.05553711700685706, "pakistan": 0.0015623256397858409, "debat": 0.026056073835632625, "tuesday": 1.6446408722940349, "met": 0.0035770214755437148, "hall": 0.8661373413118295, "recit": 0.10558370503493847, "holi": 0.07939202303741066, "quran": 0.09081238771462585, "surah": 1.7495904689153947, "muhammad": 0.32745401750290914, "alsajjad": 7.308989226118033, "translat": 0.17675795058790786, "those": 0.03285032790678536, "who": 0.03626200181298079, "obey": 0.9459611225775683, "admonit": 3.9416933961315594, "came": 0.1290472872335218, "high": 0.08132672738937845, "statu": 0.3370079748366251, "book": 0.2766592125542656, "lie": 0.27460129620253027, "can": 0.06453093470510478, "involv": 0.1404093288539981, "ahead": 0.8910684120649524, "nor": 0.12410738862363206, "behind": 0.3032002068645308, "wise": 0.661733284993875, "good": 0.026228046512440355, "god": 0.11630566288073645, "prophet": 1.2272048505642952, "peac": 0.2902890531841694, "bless": 0.5313426324829167, "allaah": 0.7311278683969866, "upon": 0.1874675576342835, "him": 0.05566599856315583, "same": 0.021200613619928955, "thing": 0.10075827913870054, "befor": 0.01869634367143656, "inde": 0.7465451324243135, "your": 0.07024043612155706, "lord": 0.6880275255265621, "forgiven": 1.1835767065003124, "punish": 0.6809049497520746, "give": 0.028771006379233192, "volumexxiii": 4.694029448081835, "napxxiii15de05": 8.407601514786142, "offici": 0.117058014013403, "report": 0.07874495301972752, "session": 0.4028730112197576, "volum": 0.6501227482019639, "xxiii": 3.662669386422893, "contain": 0.22588105965803504, "problem": 0.4516655053173263, "stop": 0.7373500393894242, "such": 0.016198329428205396, "vehicl": 1.8781366666524089, "out": 0.028771006379233192, "qari": 11.127583040347558, "gul": 4.5050486735765105, "rehman": 2.027883482850166, "much": 0.029670390703413315, "nois": 1.99693014173203, "too": 0.15058632513405007, "block": 2.6089165650538044, "say": 0.06388618538100567, "hakim": 4.04395165948428, "reduc": 0.22672057278975333, "fever": 2.8354474826083784, "strategi": 0.985825721141496, "skill": 1.2428811360142855, "often": 0.6800664043106946, "gone": 0.19142391311156864, "attend": 0.3270545489616448, "balochistan": 0.46595026185558747, "true": 0.22113708536405283, "object": 0.3070940558806529, "mover": 1.026099620279436, "becom": 0.08060282588904517, "new": 0.03728551923066561, "see": 0.10075827913870054, "sher": 5.966549166585433, "anlgan": 3.3386973125659116, "khan": 0.09157321397569351, "niazi": 6.8195578590309065, "must": 0.05882697499486884, "support": 0.061908641532276945, "onli": 0.014838401748082552, "context": 0.7834709291248535, "consensu": 1.8919222451551365, "taken": 0.033757974847709066, "preced": 1.7117785988696648, "honor": 0.8308606398766771, "forthwith": 2.269874460699909, "yesterday": 0.8745386045490711, "busi": 0.17009718927399792, "transact": 1.31585939969099, "that": 0.5162707571242545, "maulana": 1.2749309024966102, "rahmat": 3.563414428327552, "ahb": 5.699551313683933, "inform": 0.0623835881097159, "usual": 0.7036913051698316, "almost": 0.23430807581991514, "whi": 0.08246242620897833, "bit": 0.5493473326001138, "turn": 0.23741586190650135, "trap": 2.55660793171354, "look": 0.10962275932303062, "afgan": 9.038655077866531, "wala": 1.1703135705936496, "certainli": 0.2828584944005753, "tri": 0.04870090236449897, "cnsure": 5.922694864998142, "although": 0.5170189801296066, "ask": 0.06994354912251659, "sit": 0.1390818754313761, "even": 0.15000010065816738, "four": 0.053162574671331446, "did": 0.027144846943376565, "know": 0.0299003021885046, "dont": 0.5135429625622554, "mind": 0.2947344463576918, "friday": 0.7427857295004079, "situat": 0.059537286377877044, "annsur": 8.407601514786142, "path": 1.7196276356271198, "bashan": 5.635012792546362, "discret": 1.0628824606364706, "assur": 0.17489550492516742,