{"procedur": 0.48839262763912594, "elect": 1.3400971658651162, "speaker": 0.7922323140900595, "deputi": 0.9874922747813654, "hous": 0.003572226180709843, "under": 0.016198329428205396, "rule": 0.05934078140682663, "conduct": 0.16932889015311378, "busi": 0.056699063091332644, "nation": 0.07636353588442846, "assembl": 0.0031246512795716818, "follow": 0.0409986820024067, "will": 0.01340483131297464, "observ": 0.3952518754583488, "nomin": 3.12188749225053, "parper": 8.407601514786142, "deliv": 1.2857619400293314, "secretari": 0.40202914975953485, "hefor": 5.111764648781814, "noon": 2.840222535570305, "today": 0.05062417166941412, "februari": 4.240607790140194, "paper": 0.6979156051410507, "are": 0.010726263410765829, "sign": 1.4753687565375282, "propos": 0.21862176085372154, "und": 2.809179555787768, "accompani": 1.7068704052383326, "statement": 0.08447862719840825, "candid": 13.189046221183442, "serv": 0.25195224442014186, "may": 0.026508306737502832, "write": 0.29597343647840335, "withdraw": 0.3742674989060819, "candidatur": 4.103536421581973, "ani": 0.022893303493923378, "time": 0.017933318988081537, "befor": 0.0934817183571828, "process": 0.11906705537222552, "start": 0.04449233875262068, "presid": 0.2673095828454165, "offic": 0.1835899330505619, "which": 0.02776855850342853, "honour": 0.2731703905702332, "himself": 0.17542727840220274, "contest": 1.2727106632202587, "would": 0.026899978482122305, "member": 0.06401092369356744, "shall": 1.636476438936688, "read": 0.05434001505226932, "out": 0.028771006379233192, "name": 0.05677123681599858, "newli": 1.6052067514618322, "also": 0.01658272805324468, "their": 0.030466097101786747, "there": 0.026851709197935704, "onli": 0.029676803496165104, "one": 0.01748302066354053, "declar": 0.6843639882817547, "ha": 0.008498279587330454, "been": 0.027973665895115553, "two": 0.026960641919799612, "ballot": 8.082888781693992, "secret": 0.9408020397675411, "held": 0.38523521277341777, "who": 0.024174667875320525, "secur": 0.9748772898452338, "more": 0.0934817183571828, "vote": 2.642184651864478, "than": 0.13687089221531534, "other": 0.04044096287969942, "case": 0.09246143125995179, "equal": 0.5409962502936835, "number": 0.0969332560563618, "fresh": 1.1243709563873168, "obtain": 0.5637528766336712, "aggreg": 5.475441183611246, "lowest": 1.5028507448243047, "exclud": 1.1331219560122723, "three": 0.028751272991650288, "exclus": 1.2871571423936552, "such": 0.016198329428205396, "lust": 2.8702672477676066, "drawn": 0.945386575017954, "make": 0.022893303493923378, "oath": 18.168127476103486, "form": 0.05481137966151531, "set": 0.06905663479756417, "third": 0.19747710962187662, "schedul": 0.5447194801446528, "enter": 0.37621618416060837, "upon": 0.1874675576342835, "thank": 0.05386887252294154, "adjourn": 0.17235985577652924, "meet": 0.026056073835632625, "again": 0.02508322669650723, "sunday": 2.902112143269148, "nine": 0.39757398630440915, "clock": 0.330464876247689, "pcppi322001": 8.407601514786142, "pleas": 0.10768989035553395, "take": 0.10489812398124318, "your": 0.017560109030389265, "seat": 0.5678053968232533, "poor": 0.15229270300054595, "get": 0.05934078140682663, "dress": 3.9461099919973797, "feh": 4.144921637744828, "pakistan": 0.001785515016898104, "nawabzada": 2.728883197595606, "salahuddin": 2.4398887013423747, "saeed": 1.9290462808752555, "malik": 1.6412957161602766, "omar": 2.414353243682372, "aslam": 0.9339644062899368, "awan": 1.2124141946074343, "nawab": 1.5301547611064823, "abbasi": 2.66427170201726, "sardar": 1.2266619575676792, "farooq": 3.868739775521874, "khan": 0.6181191943359312, "tariq": 1.6784444938992413, "jave": 2.867433404977085, "inayat": 1.7861958630220083, "aziz": 0.6647655593553942, "boo": 2.906343304241416, "ghulam": 2.413448936203808, "hussain": 3.002073656889942, "sy": 1.9090955132552396, "zafar": 0.7255800039592688, "ali": 0.46921323376981855, "shah": 1.6133960521072168, "say": 0.015971546345251417, "abida": 2.104982539041238, "atif": 3.9302647003079367, "sanjrani": 4.669931896502774, "chaudhri": 4.613327500286178, "abdul": 0.8070709355641178, "hame": 2.2102101821176343, "jatoi": 2.6367167195172576, "sattar": 3.1869948975635705, "laghari": 3.538067451239245, "lalika": 2.285108705271757, "altif": 7.308989226118033, "afridi": 3.2327601041199148, "ghafoor": 1.0824525568305678, "maulvi": 3.5485443270545156, "ghani": 1.5532470125311213, "mateen": 2.4363396749956805, "haider": 1.971651442282992, "thand": 5.075397004610939, "dastgir": 1.9634702580857024, "arbab": 4.399234379153305, "rahim": 0.813833460542789, "colonel": 2.1253347678901364, "retir": 1.3495879687282442, "sarwar": 2.886931804735797, "cheema": 0.988820632035349, "mian": 2.4126060085913092, "abba": 1.011879906184098, "qureshi": 0.7937828299775143, "qasim": 1.087736584977173, "mohammad": 2.355603988900937, "noor": 4.124373553839692, "rabbani": 1.7330401229717172, "khar": 1.5251640437882958, "mustafa": 0.9757095979783429, "did": 0.19001392860363595, "moham": 1.8919222451551365, "bakhsh": 4.246365219491403, "mehr": 2.355512345861726, "ghau": 1.6506691255385897, "ghiya": 5.316559061427827, "ahmad": 1.1338177436026748, "mela": 3.26010703797269, "sahibzada": 2.236811867652749, "anwar": 1.7201996639423518, "lieuten": 1.7381034249282639, "gener": 0.038444402197309976, "majid": 1.4054455603825218, "pir": 3.0145293372294737, "fazal": 0.5932018809816563, "isaac": 4.217946772759717, "dar": 1.315027798811464, "fahmida": 2.6582085288778896, "mirza": 1.0771963029417406, "mannan": 3.099333817384938, "faizul": 3.9302647003079367, "hassan": 1.30195636049457, "wahe": 1.7419177970037345, "qaiser": 2.8476230990560167, "sheikh": 1.7844906665792226, "adnan": 3.1981153619447222, "hayat": 3.685864962977252, "nun": 2.587518584433781, "rao": 1.08047822252685, "muhammad": 1.5281187483469092, "chief": 0.16195461391228286, "perfect": 1.5354734134471573, "age": 0.43928201477342615, "feb": 4.299867853807009, "mansoor": 1.399096332703863, "tamman": 3.423994893077807, "farrukh": 2.572790777723538, "naeem": 2.9251009021206182, "siddiqui": 3.3580713412980563, "munir": 4.088089192970317, "nawaz": 1.9529812965021043, "alia": 1.9908692322738168, "dair": 6.46169136573083, "chi": 2.1556976316202543, "princ": 1.491878066154829, "alai": 3.242815540862629, "yasin": 1.3419881511884257, "vito": 1.747026364946457, "yaqub": 1.6529974152981808, "nasir": 3.0099671902466247, "nave": 0.8857422625845136, "qamar": 0.8340702520401927, "alli": 0.9176306159513423, "yad": 4.495578509357997, "manzoor": 1.3767440386700225, "mehtab": 3.079725345996562, "gul": 1.8020194694306042, "nagzib": 4.213631440245798, "raja": 1.8482360869062329, "nader": 3.4803478296289385, "pervez": 0.8733731885120535, "maniyan": 7.714454334226198, "baloch": 1.3610140600126026, "nisar": 0.9633528652894374, "rana": 1.5242311282618362, "nazir": 0.9972544169651189, "yousuf": 2.9431573271665155, "haji": 8.029360707497972, "naseem": 3.3365297748579383, "rehman": 1.6223067862801328, "jam": 2.4398887013423747, "shahzada": 4.438674783407106, "nishat": 3.2202157089453882, "taken": 0.06751594969541813, "nasrullah": 1.9018174546579145, "darshak": 3.734772680324237, "mahmood": 2.3084595808650517, "ahm": 0.8658291271455203, "sixth": 1.565986038308551, "akbar": 1.4502381365032755, "professor": 1.1186738202648863, "mohi": 2.7621546171429054, "din": 0.9442384692661221, "mashoq": 5.2721072988569935, "jilani": 3.367538147929869, "maulana": 0.31873272562415256, "moinuddin": 2.6207041334194354, "lakhvi": 2.7908304171195715, "wali": 0.989420692059355, "maqbool": 4.184487026527616, "niazi": 2.273185953010302, "masir": 3.7536411646286196, "sabzar": 6.615842045558088, "bajarani": 2.8128901351843036, "seal": 1.1024132993931057, "mumtaz": 1.2413355406525048, "tarard": 6.228593380123302, "rai": 2.521658670667012, "mansab": 2.1850252467147744, "archeri": 5.229547684438198, "doe": 0.04833662709885984, "can": 0.008066366838138097, "give": 0.028771006379233192, "abl": 0.06357194237909462, "order": 0.03163237382965889,