{"chairman": 5.7312318858283735, "excercis": 4.3822498240509935, "power": 0.07967367372366925, "confer": 0.43444608134200985, "claus": 0.4075874211080716, "articl": 0.21863465113726777, "constitut": 0.05010770212758062, "islam": 0.26190477872856527, "republ": 1.2083329156679505, "pakistan": 0.002455083148234893, "herebi": 1.3874108064742179, "proroug": 12.656319946212614, "nation": 0.11107423401371412, "assembl": 0.0031246512795716818, "session": 0.4700185130897172, "summond": 7.714454334226198, "monday": 0.6505503727541293, "april": 2.02637785117489, "conclus": 1.1783424854309732, "busin": 4.475775882061817, "point": 0.10808668785030948, "order": 0.08435299687909037, "sir": 0.015291505516595852, "urg": 0.8861206693092568, "member": 0.08146844833726766, "visit": 0.9220109171825054, "their": 0.09901481558080692, "own": 0.176014541365695, "seat": 0.9936594444406932, "request": 0.2906805700029834, "bao": 2.727428905769076, "your": 0.07024043612155706, "restor": 0.4663059438796111, "it": 0.015744814681203395, "sanctiti": 1.3125371374990122, "sit": 0.09272125028758406, "action": 0.1157613546273088, "can": 0.07259730154324287, "taken": 0.033757974847709066, "meantim": 1.0870745525134036, "will": 0.02680966262594928, "given": 0.018468993437423205, "opportun": 0.09644896678445304, "express": 0.8005975525022508, "feel": 0.1465917287623155, "otherwis": 0.1714458531030179, "hous": 0.006251395816242225, "slogan": 3.726782181674983, "continu": 0.15454945129398837, "apur": 5.922694864998142, "shin": 3.782628701501872, "cross": 0.5944142472647268, "talk": 0.06595289588483642, "navig": 1.63109452241396, "khurshid": 1.1993697717194691, "shah": 0.24821477724726412, "sahib": 0.3369079658510502, "occas": 0.6776431789741051, "gener": 0.038444402197309976, "pervez": 0.8733731885120535, "musharraf": 1.4228851946678776, "presid": 0.0891031942818055, "wa": 0.052296382746931366, "postpon": 1.2917130602544604, "indefinit": 2.444022171167697, "period": 0.09179038290260261, "pcppi2995": 8.407601514786142, "na492007": 8.407601514786142, "may": 0.3313538342187854, "sikandar": 1.7955604799530511, "hayat": 0.7371729925954504, "khan": 0.06867991048177013, "bosan": 2.846919883770615, "feder": 0.502497823673538, "minist": 0.05650265971264621, "ha": 0.07223537649230886, "inform": 0.4990687048777272, "unabl": 2.6217234148125326, "attend": 1.3082181958465793, "due": 0.482700460255846, "offici": 0.5852900700670151, "engag": 2.692910691435599, "parliamentari": 0.351174042040209, "affair": 0.14770101566512647, "move": 0.0741078074227809, "item": 0.14788455376462073, "motion": 0.11906705537222552, "discuss": 0.3814316542745677, "law": 0.09799011285233057, "situat": 0.23814914551150818, "countri": 0.06751594969541813, "particular": 0.42453569524654616, "refer": 0.09448481196688957, "karachi": 0.44500359665366235, "sher": 1.0848271211973515, "afgan": 3.615462031146613, "niazi": 2.273185953010302, "want": 0.12769186415853284, "referr": 3.332427699552316, "all": 0.018804628393321914, "opposit": 0.6923671856307168, "stood": 1.0475565997879803, "front": 0.21392484883090257, "honor": 1.1078141865022362, "decid": 0.05906368940004558, "connect": 0.18773677287349194, "bloodsh": 2.2400850238978016, "financi": 1.2411338900535847, "loss": 1.268381913891408, "debat": 0.06514018458908157, "respect": 0.06532674190155371, "everi": 0.06671066537967728, "two": 0.026960641919799612, "side": 0.17967069613359862, "view": 0.197143635809866, "casualti": 4.501245058401175, "tragic": 1.4045360559996811, "event": 0.401567336037134, "incid": 0.7023494945263187, "truli": 4.205437486597922, "make": 0.011446651746961689, "they": 0.03246401195353831, "element": 1.83191208236202, "who": 0.018131000906490394, "play": 0.19774903348487105, "blood": 1.8806418860046739, "suffer": 0.35671419610046196, "injur": 1.1372886287071182, "them": 0.037668439808430806, "such": 0.06479331771282158, "way": 0.06702298389219381, "could": 0.03589663011851132, "brought": 0.0873969172072642, "role": 0.5363219858230684, "disbeliev": 1.743192494435735, "these": 0.04933881703616777, "terrorist": 1.087736584977173, "account": 0.13120680992283615, "one": 0.008741510331770265, "come": 0.013254153368751416, "integr": 0.5370536702784312, "next": 0.05646290769998822, "had": 0.018468993437423205, "even": 0.04285717161661925, "been": 0.022378932716092443, "across": 0.7602926824299049, "divid": 0.6094888859563554, "hizb": 3.5324041915849915, "disagr": 1.4210350553797162, "rule": 0.05934078140682663, "leav": 1.9392794108258955, "absenc": 0.47823019531892236, "ghulam": 0.8044829787346026, "ali": 0.06256176450264248, "nizamani": 7.190834318827451, "mna": 4.141954680000773, "grant": 2.900176221872738, "kazi": 2.0602123051301326, "abdul": 0.14674017010256687, "qudoo": 5.574388170729927, "rajar": 3.3386973125659116, "person": 0.10486346695511094, "haji": 0.6691133922914976, "khuda": 2.1290800906202985, "bux": 1.7242405690198683, "reason": 0.038444402197309976, "malik": 0.7294647627379007, "murtaza": 1.3670651245701875, "maitla": 4.669931896502774, "mian": 0.18558507758394688, "shamim": 1.860816104025619, "haider": 0.985825721141496, "gilgit": 1.3368774075258663, "sarwar": 1.4434659023678984, "abl": 0.06357194237909462, "japan": 1.0590139838585502, "liaquat": 6.012635109520025, "jatoi": 1.3183583597586288, "applic": 0.17516135631580662, "maulana": 0.6374654512483051, "muhammad": 0.16372700875145457, "qasim": 1.087736584977173, "qari": 2.2255166080695115, "abadul": 7.308989226118033, "baee": 4.941865611986416, "siddiqui": 1.1193571137660188, "farooq": 0.7737479551043748, "azam": 0.5799619684197207, "till": 0.08229548503356125, "akhunzada": 3.473127581655451, "saddiqu": 3.8537246231856024, "ill": 0.696052535156997, "mehmood": 1.0923831250331686, "achakzai": 1.6063184803145227, "mir": 0.2864182727073148, "zafarullah": 1.7742830815057662, "jamali": 1.4869300105374597, "zaheer": 1.8465708488895702, "abba": 1.011879906184098, "khokar": 4.64640139909258, "chair": 0.003573822706589759, "name": 0.03784749121066572, "allah": 0.5438865803119048, "most": 0.12052106618017204, "graciou": 1.1734243350362945, "merci": 1.2602311048121286, "tuesday": 1.6446408722940349, "met": 0.0035770214755437148, "hall": 0.43306867065591476, "parliament": 0.14607506638967535, "islamabad": 0.1658983550563245, "recit": 0.10558370503493847, "holi": 0.07939202303741066, "quran": 0.09081238771462585, "benefic": 2.741174826673711, "him": 0.027832999281577914, "sialli": 7.714454334226198, "vers": 1.260829335333506, "translat": 0.17675795058790786, "sure": 0.1432381850544757, "test": 0.5241551606484034, "fear": 0.49115865466388337, "destruct": 0.8616833635768202, "life": 0.14195134920581332, "properti": 0.7343092669660675, "earn": 0.46666175245835156, "turn": 0.23741586190650135, "give": 0.014385503189616596, "good": 0.05245609302488071, "news": 0.3674768503377628, "great": 0.03404777357151646, "bless": 0.5313426324829167, "lord": 0.6880275255265621, "shadow": 1.5098965716575075, "peopl": 0.06062041027000972, "are": 0.010726263410765829, "right": 0.022112814367333946, "volumexl": 11.537088370341769, "napxl162007": 8.407601514786142, "report": 0.03937247650986376, "contain": 0.22588105965803504, "think": 0.08556487649861974, "fact": 0.07457103846133122, "fulli": 0.25195224442014186, "bring": 0.08060282588904517, "those": 0.03285032790678536, "respons": 0.040766204958467764, "kafir": 2.991501112581723, "harsh": 2.1692768897466355, "hand": 0.055990764159583886, "firm": 0.7564813390834432, "expos": 1.048133876530522, "ani": 0.011446651746961689, "accid": 0.9277373836211168, "futur": 0.17381988747538846, "state": 0.03648338975958081, "chairperson": 6.749525438603392, "would": 0.008966659494040768, "like": 0.013706539714399169, "treasuri": 0.5144026452415343, "patch": 1.5241389283730506, "particip": 0.7093369559771509, "attent": 0.07385050783256324, "drawn": 0.945386575017954, "whose": 0.10508779627198599, "fulfil": 0.4058593716706641, "avoid": 0.4893368286908692, "provinc": 0.07649696673310422,