{"speaker": 3.8777686952829225, "maleeka": 4.9110939533196625, "ali": 0.5004941160211398, "bokhari": 1.9908692322738168, "ha": 0.3441803232868834, "request": 1.1627222800119337, "grant": 15.55549064459014, "leav": 9.696397054129477, "septemb": 27.612109137696642, "wa": 0.2324283677641394, "saif": 2.316291632708445, "rehman": 0.4055766965700332, "muhammad": 0.7640593741734546, "azam": 0.5799619684197207, "khan": 0.2060397314453104, "swati": 3.4308677723655685, "feder": 1.6331179269389986, "minist": 0.06591976966475391, "railway": 0.5799619684197207, "inform": 0.1871507643291477, "would": 0.035866637976163074, "abl": 0.12714388475818925, "attend": 0.3270545489616448, "session": 0.4028730112197576, "item": 0.14788455376462073, "call": 0.17139346894803753, "attent": 0.5169535548279427, "notic": 0.23021370468419722, "haider": 3.943302884565984, "sahib": 0.7861185869857839, "pleas": 0.10768989035553395, "reg": 2.411370394509032, "nonalloc": 15.566177069753827, "addit": 0.3982040823026682, "percent": 3.319321824802668, "nfc": 37.14697945187662, "award": 5.532689985148449, "khyber": 5.925729546745848, "pakhtunkhwa": 8.335198294301655, "erstwhil": 12.880862835781553, "fata": 23.562969459664888, "thank": 0.7541642153211816, "beg": 0.25367638277828164, "invit": 0.2893944653803608, "financ": 1.4589295254758015, "revenu": 0.4663059438796111, "matter": 0.11316812293316754, "urgent": 0.6009051422649639, "public": 0.11500509196660115, "import": 0.10372412548954463, "regard": 0.05428969388675313, "three": 0.20125891094155202, "caus": 0.09374924738793573, "grave": 0.7113888754397357, "concern": 0.09272125028758406, "amongst": 0.5427975114576832, "shahbaz": 1.459664446171174, "babar": 1.2703230775257572, "whole": 0.2655542891289956, "current": 0.808653066814452, "salahuddin": 1.2199443506711873, "faheem": 3.2896077023693877, "aftab": 0.8808839534334373, "hussain": 1.8474299427015028, "siddiqu": 1.6576703209975732, "jamil": 1.6801697899352876, "ahm": 0.19240647269900452, "ask": 0.3147459710513246, "one": 0.05244906199062159, "question": 0.10214332071454939, "zen": 7.624963329303106, "qureshi": 4.762696979865085, "sir": 0.0917490330995751, "parliamentari": 0.702348084080418, "secretari": 1.4741068824516277, "makhdoom": 2.6669828939126727, "zain": 10.775474837107096, "know": 0.0897009065655138, "constitut": 0.10021540425516123, "bodi": 0.1853164409134262, "she": 0.2649563288433485, "make": 0.045786606987846756, "it": 0.14170333213083056, "own": 0.10560872481941701, "decis": 0.40860367068118786, "divis": 1.2702967408280799, "mainli": 1.0693633647205536, "support": 0.12381728306455389, "give": 0.18701154146501575, "insid": 0.7198973986193221, "part": 0.06717218609246703, "onel": 1.8423365447507818, "member": 0.029095874406167017, "said": 0.07478537468574624, "pool": 5.713824958869332, "cabinet": 1.2431361768552966, "decid": 0.05906368940004558, "they": 0.11687044303273791, "previou": 0.5414798413139907, "meet": 0.05211214767126525, "take": 0.01748302066354053, "place": 0.056089031014309676, "agenda": 0.7118435242313819, "creat": 0.11907457275575409, "subgroup": 5.517229756889979, "under": 0.048594988284616183, "which": 0.07636353588442846, "watch": 0.4695127878891907, "second": 0.12809535956205254, "made": 0.07681182950383439, "unless": 0.17622546921217408, "doe": 0.07250494064828976, "govern": 0.16642563059164117, "will": 0.04021449393892392, "continu": 0.10303296752932557, "develop": 0.3812804497020927, "fund": 1.6777750627982924, "share": 2.057128001707779, "just": 0.10768989035553395, "want": 0.054725084639371216, "say": 0.12777237076201134, "your": 0.03512021806077853, "servic": 0.07673790156139908, "billion": 8.802051977661414, "rupe": 0.4304872531715621, "been": 0.08951573086436977, "given": 0.14775194749938564, "far": 0.15006875363247138, "eristwhil": 12.656319946212614, "within": 0.12928023310666178, "financi": 0.4964535560214339, "year": 0.23320674981921852, "alloc": 2.088510699216018, "done": 0.1177621282618519, "releas": 2.756308827674808, "now": 0.0439811454360929, "tell": 0.1729327282374582, "per": 0.3275861822417242, "centuri": 1.7223104820802388, "long": 0.043326429794618315, "mir": 0.5728365454146296, "ghulam": 0.2681609929115342, "talpur": 1.0398929424117718, "octob": 10.407858579444216, "afzal": 1.4346309882187505, "khokhar": 1.5574753486406423, "khurram": 1.9352552202852424, "dastgir": 1.9634702580857024, "haji": 1.3382267845829952, "imtiaz": 1.9048114688705193, "choudhari": 3.0369634866584803, "sy": 0.5965923478922623, "tariq": 3.3568889877984827, "nafisa": 1.762510545280499, "shah": 0.49642955449452825, "hina": 2.7799804010955063, "rabbani": 1.7330401229717172, "khar": 3.0503280875765917, "ahsan": 1.087736584977173, "iqbal": 1.944880248701971, "chaudhari": 5.094891523583533, "jamal": 1.5734927759723045, "din": 1.8884769385322442, "nasir": 1.003322396748875, "bosal": 3.307735086961945, "khalid": 0.8532666910603954, "jave": 0.7168583512442712, "zulfiqar": 0.7650773805532411, "behan": 4.7187220606722065, "chaudhri": 0.24280671054137778, "salik": 3.423994893077807, "riaz": 1.976441863734902, "fatyana": 2.866337969627717, "sajid": 5.244922785307517, "turi": 3.7071211489937266, "till": 0.08229548503356125, "conclus": 0.5891712427154866, "imran": 1.1105105096257253, "khattak": 1.14217179153219, "raza": 0.6365344287207375, "rabani": 3.5097617148352316, "rashe": 0.9442384692661221, "ahmad": 0.2834544359006687, "asif": 0.7815187567137625, "zardari": 2.4749639426730297, "bilaw": 2.5468152913202773, "bhutto": 0.5230250041898186, "mohammad": 0.10707290858640622, "aslam": 1.8679288125798736, "bhootani": 4.973614310300997, "sardar": 0.6133309787838396, "ayaz": 2.521658670667012, "sadiq": 0.868574458962148, "jaffar": 3.842881451684108, "leghari": 1.9383511979903705, "ghou": 2.242183660554723, "bux": 1.7242405690198683, "mahar": 3.4889376375906798, "akram": 1.0970513562517203, "cheema": 0.988820632035349, "nauman": 3.812481664651553, "islam": 0.26190477872856527, "shaikh": 1.1193571137660188, "haq": 0.5602296786263543, "zaib": 3.9302647003079367, "ramesh": 2.1499339269035045, "lal": 2.354076722753702, "irfan": 4.3980229773790285, "laghari": 1.7690337256196225, "usama": 4.941865611986416, "qadri": 1.5908656341911744, "nawaz": 0.48824532412552607, "kamal": 1.815927782777485, "uddin": 2.348478319204346, "asad": 2.241450206070887, "mahmood": 0.46169191617301036, "talib": 2.449176821756361, "hassan": 0.650978180247285, "nakai": 3.26010703797269, "dogar": 2.1123355133464967, "nation": 0.041652837755142794, "anthem": 4.338553779493271, "absenc": 0.47823019531892236, "applic": 0.17516135631580662, "irshad": 2.0532314739887925, "sheikh": 0.3568981333158445, "fayyaz": 2.346144595858126, "pir": 0.7536323343073684, "ameer": 3.0943955357443556, "jeelani": 3.524799592199772, "dhandla": 3.2371175197479913, "sher": 0.5424135605986757, "arbab": 1.4664114597177684, "shahid": 0.9254825912340275, "aamer": 4.188093809610036, "mehmood": 1.0923831250331686, "kiani": 3.4447568845262357, "sherazi": 3.3386973125659116, "aysha": 4.456357796204716, "rajab": 2.9022699788537802, "mueen": 5.0403056847996695, "wattoo": 1.6588419672944639, "mujahid": 2.0411310670547054, "junaid": 7.21855991047498, "anwar": 0.8600998319711759, "raja": 0.616078695635411, "pervaiz": 1.4577450597853705, "ashraf": 0.8433630396156522, "shazia": 1.8899302418738682, "marri": 1.3909918308919238, "assembl": 0.0011159468855613149, "pakistan": 0.002455083148234893, "debat": 0.013028036917816312, "friday": 0.7427857295004079, "met": 0.0035770214755437148, "hall": 0.43306867065591476, "parliament": 0.2921501327793507, "hous": 0.0044652827258873035, "islamabad": 0.331796710112649, "honour": 0.09105679685674439, "qaiser": 1.4238115495280084, "chair": 0.0017869113532948794, "recit": 0.6335022302096308, "holi": 0.15878404607482133, "quran": 0.27243716314387756, "come": 0.026508306737502832, "messeng": 2.208862927098686, "yourselv": 3.0463093490767177, "dear": 0.3373206213922435, "god": 0.4652226515229458, "bless": 0.5313426324829167,