{"nation": 0.10413209438785699, "assembl": 0.004017408788020734, "pakistan": 0.0026782725253471557, "oct": 14.33404980173945, "nomin": 2.497509993800424, "paper": 0.6979156051410507, "will": 0.03574621683459904, "deliv": 0.6428809700146657, "secretari": 1.7421263156246511, "gener": 0.5766660329596497, "befor": 0.0934817183571828, "noon": 4.260333803355457, "octob": 3.1223575738332645, "tomorrow": 0.1370764197310725, "are": 0.018770960968840202, "sign": 4.131032518305079, "propos": 0.21862176085372154, "accompain": 6.0097062419877725, "statement": 0.08447862719840825, "candid": 13.189046221183442, "serv": 0.25195224442014186, "speaker": 0.6671430013389974, "may": 0.013254153368751416, "write": 0.29597343647840335, "withdraw": 0.3742674989060819, "candidatur": 4.103536421581973, "ani": 0.011446651746961689, "time": 0.017933318988081537, "elect": 1.3400971658651162, "process": 0.11906705537222552, "start": 0.08898467750524136, "presid": 0.2673095828454165, "offic": 0.1835899330505619, "which": 0.020826418877571397, "honour": 0.45528398428372197, "himself": 0.17542727840220274, "contest": 1.2727106632202587, "would": 0.017933318988081537, "member": 0.10474514786220127, "shall": 1.636476438936688, "read": 0.05434001505226932, "out": 0.04315650956884979, "name": 0.0946187280266643, "duli": 1.4712587789520934, "also": 0.00829136402662234, "their": 0.015233048550893373, "there": 0.016111025518761424, "onli": 0.04451520524424765, "one": 0.043707551658851325, "declar": 0.6843639882817547, "ha": 0.01699655917466091, "been": 0.022378932716092443, "two": 0.053921283839599224, "ballot": 8.082888781693992, "secret": 0.9408020397675411, "held": 0.2568234751822785, "who": 0.04230566878181092, "secur": 0.9748772898452338, "more": 0.0934817183571828, "vote": 2.3486085794350915, "than": 0.10949671377225229, "other": 0.04044096287969942, "case": 0.09246143125995179, "equal": 0.8114943754405253, "number": 0.0969332560563618, "fresh": 1.1243709563873168, "obtain": 0.5637528766336712, "aggreg": 5.475441183611246, "lowest": 1.5028507448243047, "exclud": 1.1331219560122723, "three": 0.08625381897495087, "exclus": 1.2871571423936552, "such": 0.016198329428205396, "lot": 0.10558370503493847, "drawn": 0.945386575017954, "deputi": 0.8229102289844712, "make": 0.11446651746961689, "oath": 23.511694380839803, "form": 0.05481137966151531, "set": 0.06905663479756417, "third": 0.19747710962187662, "schedul": 0.5447194801446528, "enter": 0.37621618416060837, "upon": 0.1874675576342835, "thank": 0.10773774504588308, "hous": 0.0053583392710647645, "stand": 0.028292030733291885, "adjourn": 0.34471971155305847, "meet": 0.039084110753448933, "again": 0.02508322669650723, "ten": 0.09497548911117991, "clock": 0.660929752495378, "morn": 0.20156375200732868, "sunday": 1.451056071634574, "pcppi138194na951994400": 8.407601514786142, "sit": 0.04636062514379203, "go": 0.0847893607355745, "therefor": 0.06285876036859717, "guidanc": 0.9153984721674016, "inform": 0.0623835881097159, "now": 0.010995286359023224, "explain": 0.12284492159570805, "procedur": 0.29303557658347557, "under": 0.016198329428205396, "rule": 0.05934078140682663, "conduct": 0.16932889015311378, "busi": 0.056699063091332644, "follow": 0.0409986820024067, "observ": 0.3952518754583488, "roll": 4.7410671601652306, "memberselect": 36.05823745192664, "nar": 2.9738795112319036, "ahm": 1.7316582542910406, "pin": 2.65502887596051, "begum": 1.638779157558462, "nusrat": 1.8325256741865226, "bhutto": 1.0460500083796371, "major": 0.07385050783256324, "retd": 2.133531921325736, "naseerullah": 3.0416254997642915, "babar": 1.2703230775257572, "mian": 2.4126060085913092, "noor": 2.062186776919846, "mohammad": 3.212187257592187, "khan": 0.6524591495768163, "bhabha": 5.229547684438198, "alhaj": 4.082262134109411, "lund": 3.1501061427583616, "chaudhri": 5.584554342451689, "nuriz": 3.5023267363477135, "shakur": 3.2035948277093476, "sy": 2.0284139828336922, "nave": 0.8857422625845136, "qamar": 0.8340702520401927, "malik": 1.6412957161602766, "new": 0.03728551923066561, "humayun": 2.0778806092634468, "akhtar": 2.218523417111212, "yousuf": 1.962104884777677, "raza": 0.6365344287207375, "gilani": 2.1348293589320546, "anyon": 0.20703871777757932, "taken": 0.033757974847709066, "call": 0.068557387579215, "tell": 0.0576442427458194, "packer": 2.8011483931317716, "wisdom": 0.9581035094032938, "toal": 4.3822498240509935, "haji": 9.367587492080967, "nawaz": 3.4177172688786825, "khokhar": 4.672426045921927, "rao": 3.2414346675805503, "ashim": 6.210376937449924, "yasin": 4.025964453565277, "baloch": 2.7220281200252052, "muhammad": 1.5281187483469092, "vito": 1.747026364946457, "yaqub": 1.6529974152981808, "sardar": 1.9933256810474786, "nawab": 3.0603095222129646, "yusuf": 1.0155699472715518, "talpur": 1.0398929424117718, "mahmood": 0.9233838323460207, "achakzai": 1.6063184803145227, "muzaffar": 2.9620489631268363, "ali": 0.6256176450264248, "shujara": 6.798163602352043, "ahmad": 1.2283025555695644, "hashmi": 1.177038361376851, "jam": 1.2199443506711873, "mashoq": 5.2721072988569935, "mumtaz": 3.7240066219575145, "matiana": 4.7187220606722065, "raw": 2.390246173172678, "manzoor": 1.3767440386700225, "hussain": 2.3092874283768787, "wassan": 2.444022171167697, "munir": 2.7253927953135446, "manbaj": 6.798163602352043, "mehtab": 3.079725345996562, "sworn": 12.853801812290598, "mehdi": 1.9476970604086083, "hassan": 1.9529345407418552, "bhatti": 2.198117434493905, "mir": 1.7185096362438887, "mehran": 1.7664193450455516, "bajarani": 2.8128901351843036, "gul": 2.7030292041459063, "nig": 2.269874460699909, "zeb": 1.8914084387431789, "mirza": 2.1543926058834812, "nasir": 2.00664479349775, "baig": 2.0394143284356505, "professor": 1.1186738202648863, "nisar": 1.9267057305788748, "gondal": 4.763471081921657, "did": 0.13572423471688283, "take": 0.07867359298593238, "nazar": 1.922966279150891, "sahibzada": 0.7456039558842498, "fatehullah": 2.3938863587433414, "qazi": 2.6467501853764537, "maulana": 1.9123963537449153, "fazlullah": 3.4803478296289385, "fazlur": 1.5119188170382751, "rehman": 1.2167300897100997, "makhdoom": 5.3339657878253455, "faisal": 1.4577450597853705, "saleh": 1.9892365788499318, "hayat": 2.9486919703818018, "kurban": 3.9532542185326354, "chauhan": 4.130935395770088, "rad": 2.787200649068993, "qaiser": 1.4238115495280084, "khwaja": 1.1200408744764192, "kamaluddin": 3.571319607834665, "anwar": 3.4403993278847036, "domer": 5.229547684438198, "gohar": 2.0634387331422612, "ayub": 2.6296694101132245, "nawabzada": 5.457766395191212, "nasrullah": 1.9018174546579145, "lal": 1.177038361376851, "liaquat": 1.0021058515866708, "badrana": 4.973614310300997, "khawaja": 0.886283534586903, "asif": 2.3445562701412874, "afaq": 2.995955462931103, "shahid": 1.850965182468055, "ashfaq": 2.2612722571172457, "asghar": 1.837497118105367, "khaira": 6.46169136573083, "brigadi": 4.280801932489561, "retir": 1.3495879687282442, "ijaz": 3.5181092834139345, "haq": 0.5602296786263543, "azam": 0.5799619684197207, "tariq": 1.6784444938992413, "raja": 0.616078695635411, "afzal": 2.1519464823281256, "iqbal": 1.944880248701971, "hiraj": 2.7692468454523973, "akram": 1.0970513562517203, "ansari": 3.4310355445590295, "elia": 4.313256952564043, "bandacha": 8.407601514786142, "reassembl": 0.9686299223902812, "after": 0.042176498439545185, "asr": 4.326869228244814, "praver": 5.842652157324606, "chair": 0.003573822706589759, "memeb": 3.958992484203094, "memberselectr": 14.617978452236066, "abdul": 0.9538111056666847, "wahe": 1.7419177970037345, "obaidullah": 4.090113401249833, "shadi": 3.611810969189402, "khel": 1.640258389520751, "akbar": 2.900476273006551, "mazhar": 1.9093193653097091, "venu": 2.5468152913202773, "captain": 1.6659008201340886, "halim": 2.987066515513857, "siddiqui": 1.1193571137660188, "ghazanfar": 2.3005786270438886, "ghulam": 2.6816099291153424, "lassi": 4.00088226752189, "babu": 2.1990114886895142, "cheema": 2.966461896106047, "dastgir": 1.9634702580857024,