{"constitu": 1.5186080378052065, "assembl": 0.001785515016898104, "legislatur": 5.661989461903308, "debat": 0.013028036917816312, "offici": 0.117058014013403, "report": 0.03937247650986376, "second": 0.12809535956205254, "session": 0.1342910037399192, "volum": 0.6501227482019639, "ii1948": 8.407601514786142, "wednesday": 0.9476867485450381, "decemb": 0.801801338691552, "pakistan": 0.000223189377112263, "met": 0.0035770214755437148, "chamber": 0.35339661772173614, "karachi": 0.06357194237909462, "eleven": 0.7159446919755965, "clock": 0.660929752495378, "be": 0.014385503189616596, "first": 0.055406980312269614, "day": 0.03557450539947198, "presid": 0.356412777127222, "honour": 0.18211359371348879, "tamizuddin": 2.1556976316202543, "khan": 0.022893303493923378, "wa": 0.0029053545970517424, "chair": 0.0017869113532948794, "member": 0.023276699524933615, "sworn": 2.142300302048433, "kamini": 3.1764928979315563, "kumar": 1.7044134015452803, "datta": 2.6299491915634863, "east": 0.9605543089526983, "bengal": 2.8054390501465667, "gener": 0.07688880439461995, "bhabesh": 3.7536411646286196, "chandra": 2.416136967678161, "nandi": 3.555571250866526, "demis": 6.374491379415637, "quaidiazam": 7.258227922574825, "liaquat": 1.0021058515866708, "ali": 0.06256176450264248, "prime": 0.24922564408708067, "minist": 0.028251329856323105, "defenc": 0.626045555550803, "time": 0.008966659494040768, "are": 0.0026815658526914573, "meet": 0.026056073835632625, "sinc": 0.037980687837041345, "death": 0.4897009284582267, "mohammad": 0.10707290858640622, "jinnah": 1.0494077620531104, "know": 0.0299003021885046, "sir": 0.030583011033191703, "yesterday": 0.21863465113726777, "adopt": 0.08934718598729798, "resolut": 0.33201887811442327, "condol": 2.398788329343548, "father": 0.7209801798415232, "nation": 0.0069421396258571326, "would": 0.017933318988081537, "request": 0.038757409333731126, "adjourn": 0.4308996394413231, "hous": 0.006251395816242225, "without": 0.06857850904138423, "transact": 1.31585939969099, "ani": 0.022893303493923378, "busi": 0.11339812618266529, "mark": 0.7141198739509675, "respect": 0.03266337095077686, "memori": 1.1255278566926783, "think": 0.05704325099907983, "will": 0.00893655420864976, "acced": 2.372120082261387, "readili": 1.9290918725775739, "befor": 0.01869634367143656, "put": 0.03728551923066561, "matter": 0.028292030733291885, "like": 0.027413079428798337, "refer": 0.09448481196688957, "two": 0.04044096287969942, "other": 0.026960641919799612, "thing": 0.06717218609246703, "all": 0.018804628393321914, "far": 0.037517188408117845, "question": 0.10214332071454939, "hour": 0.2096798681641879, "concern": 0.04636062514379203, "can": 0.008066366838138097, "dispens": 3.217091305454694, "onli": 0.014838401748082552, "consent": 2.450498805801761, "presum": 1.7599131412228135, "voic": 0.3572170617191219, "ye": 0.06348299897309886, "there": 0.005370341839587141, "anoth": 0.056699063091332644, "receiv": 0.06333415852349787, "notic": 0.07673790156139908, "nent": 2.858525429890923, "motion": 0.23813411074445104, "admiss": 0.6365344287207375, "taken": 0.016878987423854533, "tomorrow": 0.274152839462145, "urgenc": 1.8796435971635925, "waiv": 2.231734244680382, "unanim": 0.6673719900229615, "desir": 0.4560421836308913, "accept": 0.10806694445354559, "suggest": 0.12917325558707207, "today": 0.02531208583470706, "hope": 0.1494381532485242, "kindli": 0.330464876247689, "stand": 0.05658406146658377, "silenc": 3.164282957061672, "minut": 0.2096798681641879, "either": 0.23543706267423922, "offer": 0.16247954830753897, "fatiha": 4.117142073637752, "form": 0.05481137966151531, "prayer": 0.34422369241911666, "they": 0.006492802390707662, "then": 0.02063724008492627, "stood": 0.5237782998939902, "their": 0.007616524275446687, "seat": 0.14195134920581332, "observ": 0.3952518754583488, "thank": 0.05386887252294154, "gentlemen": 0.6761094855404587, "till": 0.1645909700671225, "half": 0.10038888815783441, "past": 0.08302266964929242, "three": 0.028751272991650288, "even": 0.021428585808309624, "thursday": 0.8418082323576287, "ggppk150": 8.407601514786142, "ca1324770": 8.407601514786142}