{"speaker": 0.7922323140900595, "chaudhri": 0.24280671054137778, "iftekhar": 4.330064070880423, "nazir": 0.9972544169651189, "ha": 0.05523881731764795, "request": 0.13565093266805894, "grant": 1.3182619190330627, "leav": 0.9696397054129477, "june": 2.763871456251235, "wa": 0.04648567355282788, "shaukat": 1.1352031222160968, "ali": 0.06256176450264248, "what": 0.03103626882549995, "happen": 0.21924551864606123, "hous": 0.020540300539081596, "veri": 0.030129855938922822, "sad": 0.5249093084971175, "member": 0.023276699524933615, "who": 0.05439300271947118, "use": 0.06026053309008602, "inappropri": 1.758616964761367, "word": 0.22949090019931265, "non": 0.33544620659789315, "parliamentari": 0.351174042040209, "are": 0.026815658526914574, "ridicul": 1.5437981233331888, "whole": 0.1327771445644978, "whether": 0.04262753634741666, "they": 0.019478407172122986, "one": 0.03496604132708106, "side": 0.2695060442003979, "other": 0.04044096287969942, "taken": 0.016878987423854533, "some": 0.04285717161661925, "action": 0.2315227092546176, "against": 0.1232819083466024, "opposit": 1.2858247733141883, "communin": 5.842652157324606, "rana": 1.0161540855078908, "tanveer": 2.7481900609968912, "sahib": 0.44921062113473365, "want": 0.10945016927874243, "committe": 0.1871507643291477, "form": 0.10962275932303062, "look": 0.05481137966151531, "matter": 0.05658406146658377, "gore": 1.6741996229487837, "name": 0.11354247363199715, "own": 0.035202908273139, "decid": 0.05906368940004558, "each": 0.14194285429799383, "proceded": 3.9302647003079367, "how": 0.0741078074227809, "run": 0.4126891057747294, "will": 0.02457552407378684, "follow": 0.0819973640048134, "whatev": 0.20225870937111634, "event": 0.803134672074268, "video": 1.9876065866390005, "wipe": 2.0637210806598123, "lemani": 3.5954171594137256, "tradit": 0.842193152464296, "give": 0.057542012758466383, "recommend": 0.517155293468746, "also": 0.06633091221297872, "there": 0.010740683679174282, "ani": 0.011446651746961689, "reduct": 0.9715736984342946, "rule": 0.05934078140682663, "see": 0.13434437218493406, "hold": 0.17915763178210917, "meet": 0.07816822150689787, "when": 0.010769680041089542, "govern": 0.05120788633588959, "sit": 0.1390818754313761, "among": 0.3147504872477591, "themselv": 0.19016297705595572, "make": 0.03433995524088507, "understood": 0.5451043175555982, "such": 0.016198329428205396, "incid": 0.35117474726315934, "shame": 0.9339644062899368, "world": 0.051281548957990586, "both": 0.1935709308502827, "six": 0.21513960601313567, "peopl": 0.06062041027000972, "right": 0.06633844310200183, "now": 0.010995286359023224, "it": 0.03148962936240679, "applic": 0.17516135631580662, "absenc": 0.47823019531892236, "ehsanulhaq": 4.495578509357997, "bajwa": 2.2569987463398635, "session": 0.0671455018699596, "musarrat": 3.5172523865643894, "asif": 0.7815187567137625, "khawaja": 0.886283534586903, "muhammad": 0.16372700875145457, "hashim": 2.217286108932996, "notezai": 5.006404133123988, "stay": 0.6909678640628087, "hijab": 11.148760897670998, "prostrat": 2.854641929864526, "where": 0.02737417844306307, "rotat": 2.269874460699909, "refresh": 2.1086522679302004, "sun": 1.4673790456665043, "nation": 0.041652837755142794, "anthem": 4.338553779493271, "bismillah": 1.1961203802654654, "rahman": 0.775732940203119, "rahim": 0.813833460542789, "assembl": 0.0011159468855613149, "pakistan": 0.0006695681313367889, "debat": 0.026056073835632625, "wednesday": 1.8953734970900762, "met": 0.0035770214755437148, "hall": 0.43306867065591476, "parliament": 0.2921501327793507, "islamabad": 0.1658983550563245, "honour": 0.09105679685674439, "asad": 1.1207251030354435, "qaiser": 1.4238115495280084, "chair": 0.0017869113532948794, "recit": 0.6335022302096308, "holi": 0.15878404607482133, "quran": 0.1816247754292517, "check": 0.5680873594489855, "otherwis": 0.1714458531030179, "surat": 2.2255166080695115, "maida": 4.475775882061817, "ate": 1.9260243855097121, "translat": 0.3535159011758157, "initi": 0.3604119526156412, "god": 0.2326113257614729, "asleep": 2.207092340743453, "joe": 1.1207251030354435, "nayat": 4.6009390250158235, "mirban": 4.536400503878252, "ara": 2.272036623704404, "most": 0.03013026654504301, "high": 0.08132672738937845, "hadith": 3.1149506972812846, "naat": 3.6456202448008534, "further": 0.15878404607482133, "gener": 0.038444402197309976, "discuss": 0.12714388475818925, "budget": 0.548615307127019, "year": 0.04240122723985791, "free": 0.1944908171894674, "limit": 0.1580263647859449, "tabl": 0.2385483648588005, "content": 0.37816867420490013, "suspend": 1.749466751725572, "minut": 0.4193597363283758, "proceed": 1.1743620496033549, "resum": 1.7044391410917399, "assalam": 3.4447568845262357, "alaikum": 2.348478319204346, "tri": 0.09740180472899794, "call": 0.068557387579215, "mian": 1.484680620671575, "sinc": 0.037980687837041345, "spoke": 0.46240038237338366, "parti": 0.10726676894574355, "told": 0.10583175166897728, "been": 0.005594733179023111, "thoroughli": 1.7393732663687398, "review": 0.4313495710405198, "find": 0.09276933550158675, "may": 0.026508306737502832, "nevertheless": 0.6062101944946571, "still": 0.14048472792362143, "good": 0.13114023256220178, "way": 0.08936397852292509, "whoever": 1.5349566841815587, "get": 0.029670390703413315, "here": 0.19643742068090628, "complet": 0.0936564852824143, "your": 0.08780054515194632, "respect": 0.1633168547538843, "manner": 0.2743076535635095, "sorri": 0.42177821514614533, "bottl": 2.24850612629421, "thrown": 2.111603291456733, "injur": 1.1372886287071182, "decorum": 2.316291632708445, "import": 0.020744825097908925, "mandat": 1.057727810047806, "adjust": 0.949992225070537, "oclock": 0.5960330254409635, "postpon": 0.6458565301272302, "thursday": 0.8418082323576287, "day": 0.05336175809920797, "can": 0.008066366838138097, "talk": 0.13190579176967285, "until": 0.6128924639725816, "understand": 0.059537286377877044, "were": 0.036767437439490194, "settl": 0.527553313814566, "shahbaz": 5.838657784684696, "sharif": 2.351860849674204, "pleas": 0.2153797807110679, "ghulam": 0.2681609929115342, "talpur": 1.0398929424117718, "sir": 0.04587451654978755, "come": 0.026508306737502832, "speech": 0.33840646738070823, "genal": 4.694029448081835, "descus": 4.669931896502774, "leader": 0.4692356942473104, "histori": 0.21088910757307266, "our": 0.027413079428798337, "tomorrow": 0.274152839462145, "black": 0.7104801975035177, "tell": 0.2305769709832776, "custodian": 2.5232340941435107, "accord": 0.03914037717030493, "constitut": 0.05010770212758062, "law": 0.03266337095077686, "yesterday": 0.21863465113726777, "behest": 4.213631440245798, "imran": 2.2210210192514506, "khan": 0.022893303493923378, "niazi": 2.273185953010302, "glamor": 4.7700153550597575, "blown": 2.7206261584463234, "misbehav": 2.8430811074634494, "paid": 0.1912431823999871, "difficult": 0.23543706267423922, "bring": 0.04030141294452259, "languag": 0.40190083612360006, "duti": 0.1963415452916262, "stop": 0.5266785995638744, "storm": 1.6152570873153336, "took": 0.1153034077229218, "place": 0.01869634367143656, "sanctiti": 1.3125371374990122, "everi": 0.03335533268983864, "case": 0.0308204770866506, "unfortun": 0.2331803621396466, "did": 0.13572423471688283, "decis": 0.13620122356039596, "heard": 0.19693348362316646, "peac": 0.8708671595525083, "would": 0.008966659494040768, "reciproc": 2.3231021017109716, "hear": 0.19774903348487105, "two": 0.013480320959899806, "pass": 0.043093411035553926, "onli": 0.014838401748082552, "gum": 3.4308677723655685, "glam": 4.090113401249833, "glitch": 3.7071211489937266, "insid": 0.23996579953977404, "didnt": 0.527553313814566, "mother": 0.7122983798225764, "sister": 0.815235386266347, "buri": 1.758616964761367, "verbal": 1.5068708507409705, "done": 0.05888106413092595, "same": 0.021200613619928955, "go": 0.04239468036778725, "came": 0.0645236436167609, "then": 0.02063724008492627, "show": 0.07963365648065471, "expect": 0.1535929242212991, "hug": 1.9492632314413532, "packer": 0.5602296786263543,