{"governorgener": 11.920769609125552, "address": 1.0640993817139213, "unfortun": 0.2331803621396466, "these": 0.04933881703616777, "hope": 0.4483144597455726, "been": 0.016784199537069333, "realis": 3.592565659846065, "two": 0.04044096287969942, "countri": 0.28694278620552705, "abl": 0.2542877695163785, "utilis": 1.4577450597853705, "fulli": 0.5039044888402837, "great": 0.23833441500061525, "opportun": 0.28934690035335914, "which": 0.04859497738099993, "independ": 0.3432795538753403, "gave": 0.11580440973740913, "enlarg": 2.4887076605129965, "enrich": 3.248546215571614, "our": 0.4386092708607734, "freedom": 5.645685841899928, "best": 0.43116920049853386, "advantag": 0.587965212418551, "peopl": 0.14548898464802335, "can": 0.04033183419069049, "onli": 0.07419200874041276, "meet": 0.013028036917816312, "challeng": 0.43272461422726705, "time": 0.026899978482122305, "fulfil": 0.4058593716706641, "aspir": 2.940574867124923, "through": 0.13619109428606585, "mutual": 2.2510557133853566, "goodwil": 1.8339213478254974, "construct": 0.6690206301859764, "effort": 0.6985188967708231, "major": 0.07385050783256324, "disput": 2.8839207193660927, "india": 0.9131701793577961, "over": 0.022340994630731272, "kashmir": 2.4576131808384774, "would": 0.1434665519046523, "pay": 0.07818473084682413, "heed": 2.978255885831702, "realiti": 1.032972499567198, "situat": 0.11907457275575409, "they": 0.03246401195353831, "there": 0.010740683679174282, "hardli": 2.275969530355947, "ani": 0.045786606987846756, "occas": 0.22588105965803504, "continu": 0.4121318701173023, "long": 0.08665285958923663, "sap": 3.6284780216746135, "conflict": 1.0785077785395514, "agre": 0.09694060887891849, "right": 0.06633844310200183, "decid": 0.05906368940004558, "their": 0.10663133985625362, "own": 0.10560872481941701, "futur": 0.17381988747538846, "free": 0.3889816343789348, "imparti": 5.933646110241018, "plebiscit": 9.01477239874159, "ask": 0.06994354912251659, "noth": 0.22310774404288447, "more": 0.03739268734287312, "unit": 0.32867956024373385, "nation": 0.041652837755142794, "question": 0.03404777357151646, "issu": 0.035202908273139, "what": 0.015518134412749974, "constitut": 0.10021540425516123, "fair": 1.055106627629132, "maintain": 0.6897072273995771, "opinion": 0.18962331163541085, "subjectthat": 7.714454334226198, "remov": 0.17967069613359862, "state": 0.03648338975958081, "jammu": 3.166455689486114, "troop": 1.5406682303242611, "parti": 0.053633384472871776, "condit": 0.19929793903024778, "preced": 0.8558892994348324, "hold": 0.17915763178210917, "unless": 0.35245093842434816, "until": 0.20429748799086053, "are": 0.032178790232297486, "enabl": 1.8130387810525432, "exercis": 0.5847562245063699, "selfdetermin": 2.7908304171195715, "freeli": 1.6565000458493828, "without": 0.20573552712415266, "outsid": 0.15985762756062677, "interfer": 0.7145757663682549, "veri": 0.030129855938922822, "concept": 1.3796106075451227, "liberti": 4.6947546976431624, "justic": 0.9238969198624158, "will": 0.01787310841729952, "remain": 0.16798614488514205, "unrealis": 6.210376937449924, "struggl": 0.8622117651743194, "doubt": 0.5119597356327866, "just": 0.03589663011851132, "solut": 1.013188925587445, "both": 0.0645236436167609, "approach": 1.0986946652002276, "problem": 0.2580945744670436, "new": 0.18642759615332805, "perspect": 2.24850612629421, "amic": 5.4143158827909135, "settl": 1.055106627629132, "after": 0.03163237382965889, "such": 0.03239665885641079, "settlement": 0.985227813799319, "pakistan": 0.0031246512795716818, "play": 0.3954980669697421, "role": 0.5363219858230684, "world": 0.3076892937479435, "affair": 0.14770101566512647, "destini": 2.7801907436897735, "ha": 0.012747419380995682, "assign": 1.1227806022175395, "them": 0.037668439808430806, "cooper": 2.0295576834350366, "make": 0.022893303493923378, "maximum": 0.6369562806569661, "contribut": 1.17271886252517, "toward": 0.9871903753259091, "happi": 0.281674712078257, "prosper": 1.8838924093041731, "also": 0.058039548186356385, "caus": 0.37499698955174293, "peac": 2.032023372289186, "human": 0.42067628674361446, "progress": 1.8482833944586727, "final": 0.13733240334951877, "wish": 1.0324493517169226, "point": 0.01801444797505158, "out": 0.028771006379233192, "build": 0.8971230941741155, "uphil": 4.824082576330033, "task": 0.5069649017681384, "requir": 0.051516483764662786, "combin": 1.079164161890981, "sustain": 1.2290560310224432, "sacrific": 2.1753572047549135, "achiev": 0.3044097625003563, "spirit": 1.1251541950893185, "must": 0.35296184996921304, "work": 0.06086773267327707, "ahead": 0.8910684120649524, "dure": 0.08472149301623831, "last": 0.028062488668700897, "four": 0.053162574671331446, "year": 0.021200613619928955, "exist": 0.1409230714802474, "success": 0.3932657774867194, "face": 0.41847424963704655, "mani": 0.057502545983300575, "trial": 0.8949839701116323, "tribul": 3.896742008269293, "stand": 0.08487609219987566, "firm": 2.2694440172503296, "determin": 0.9580403629911362, "cast": 0.7636395657836137, "asid": 1.37321358487064, "all": 0.04387746625108446, "petti": 2.265564109198787, "person": 0.020972693391022187, "section": 0.4091425461425678, "differ": 0.03960462973203238, "appeal": 0.41499486238593336, "live": 0.30502435976167414, "ideal": 5.881149734249846, "uniti": 1.077851825744631, "faith": 1.4456351425267173, "disciplin": 1.201966338375779, "place": 0.01869634367143656, "befor": 0.056089031014309676, "founder": 1.7381034249282639, "quaidiazam": 3.6291139612874126, "rahmatullah": 2.5669598574127446, "alaih": 6.0097062419877725, "god": 0.11630566288073645, "belief": 2.764126400295245, "let": 0.04449233875262068, "forg": 2.4236652340989524, "selfless": 7.325338772845786, "servic": 0.07673790156139908, "worthi": 1.3758602560230149, "it": 0.047234444043610185, "excel": 4.959169321878797, "left": 0.11305199964246423, "process": 0.23813411074445104, "honour": 0.09105679685674439, "presid": 0.2673095828454165, "gppk107ca221151770": 8.407601514786142, "constitu": 1.2655066981710053, "assembl": 0.0013391362626735779, "legislatur": 3.774659641268872, "nov": 2.2338154108842065, "channel": 0.9656947867345186, "uphold": 1.9414567905485236, "democrat": 2.083430258474089, "tradit": 0.842193152464296, "digniti": 1.5291957584508507, "establish": 0.17918247447854369, "social": 2.487941804808222, "order": 0.010544124609886296, "could": 0.03589663011851132, "justli": 3.6714030663916475, "proud": 0.7781115983921482, "endeavour": 1.8508231586281005, "develop": 0.15251217988083707, "streng": 8.466428489781013, "then": 0.02063724008492627, "defenc": 1.252091111101606, "bring": 0.04030141294452259, "about": 0.019151199262631112, "econom": 0.9413771044002593, "rais": 0.04565960864119683, "standard": 0.3873310419669049, "mass": 1.1098332322547633, "emancip": 7.064808383169983, "mean": 0.07529316256702503, "littl": 0.1337545820016348, "object": 0.4094587411742039, "polici": 0.5998548258900324, "direct": 0.21017559254397197, "abolit": 2.085036274858859, "evil": 1.6324889361751842, "creation": 2.1244733487385488, "sens": 0.3101752161889297, "valu": 0.3345103150929882, "com": 0.8177600026034857, "mon": 2.8203528563858935, "heritag": 3.687491976508031, "citizen": 0.9068819978429783, "aim": 1.7790746671061304, "greatest": 4.1772877112924185, "good": 0.05245609302488071, "number": 0.0484666280281809, "pursuanc": 1.3749772537581366, "govern": 0.10241577267177918, "one": 0.01748302066354053, "hand": 0.11198152831916777, "erad": 1.7229897871182158, "illiteraci": 2.9695222058629476, "root": 1.0990587172469526, "corrupt": 0.5077061916464131, "other": 0.026960641919799612, "primari": 0.9260458128766268, "benefit": 0.14633336420849496, "common": 0.756718183374026, "man": 0.06977425233822773, "say": 0.015971546345251417, "how": 0.03705390371139045, "ever": 0.48163445145998307, "succeed": 0.7622038153575095, "activ": 0.5398266596170765, "close": 0.5035100974990088, "conscienti": 3.1553280867395133, "public": 0.057502545983300575, "sure": 0.1432381850544757,