{"constitu": 0.7593040189026032, "assembl": 0.0013391362626735779, "pakistan": 0.0015623256397858409, "thursday": 1.6836164647152574, "novemb": 2.377656989058907, "met": 0.0035770214755437148, "chamber": 0.35339661772173614, "karachi": 0.12714388475818925, "five": 0.049169615754847185, "clock": 0.660929752495378, "even": 0.021428585808309624, "presid": 0.2673095828454165, "honour": 0.5463407811404664, "tamizuddin": 2.1556976316202543, "khan": 0.03433995524088507, "chair": 0.0017869113532948794, "proceed": 0.234872409920671, "commenc": 1.0824525568305678, "recit": 0.10558370503493847, "holi": 0.07939202303741066, "quran": 0.09081238771462585, "maulana": 0.31873272562415256, "mohammad": 0.10707290858640622, "abdullahel": 5.188725689917942, "baqui": 4.973614310300997, "motion": 0.4762682214889021, "appoint": 1.0653432279601665, "chairman": 0.8490713904930923, "replac": 1.6153991111552883, "ment": 0.6552663514838513, "member": 0.023276699524933615, "select": 1.4802333186697858, "committe": 0.3119179405485795, "citizenship": 8.771973665455805, "bill": 0.3579554087353574, "khwaja": 1.1200408744764192, "shahabuddin": 1.67658341430406, "east": 0.48027715447634917, "bengal": 1.4027195250732833, "muslim": 0.1411800418015894, "sir": 0.015291505516595852, "beg": 0.25367638277828164, "move": 0.03705390371139045, "chaudhri": 0.48561342108275557, "nazir": 1.9945088339302377, "ahmad": 0.18896962393377914, "provid": 0.09646481712694556, "place": 0.03739268734287312, "mandal": 6.4292893277918655, "pirzada": 2.021305824330258, "abdu": 3.1064940250622426, "sattar": 1.5934974487817852, "commite": 3.812481664651553, "think": 0.028521625499539915, "need": 0.03705390371139045, "ani": 0.011446651746961689, "explan": 0.4893368286908692, "question": 0.03404777357151646, "lakistan": 5.316559061427827, "wa": 0.0029053545970517424, "adopt": 0.08934718598729798, "hous": 0.0008930565451774607, "stand": 0.028292030733291885, "adjourn": 0.17235985577652924, "til": 3.864306732516139, "then": 0.010318620042463134, "till": 0.08229548503356125, "eleven": 0.7159446919755965, "tuesday": 0.8223204361470174, "ggppk341ca121250770": 8.407601514786142, "volum": 0.6501227482019639, "viii": 1.3909918308919238, "cap": 1.932168798082053, "viii550": 8.407601514786142, "debat": 0.013028036917816312, "offici": 0.117058014013403, "report": 0.03937247650986376, "content": 0.37816867420490013, "billadopt": 5.842652157324606, "print": 0.4022344474694798, "publish": 0.3830666431804473, "manag": 0.19097302165270014, "governorgener": 2.3841539218251104, "press": 0.15541607878281422, "public": 0.028751272991650288, "price": 0.1759593348127325, "anna": 1.5691963139387992, "page": 0.35657930659546483}