{"speaker": 3.0438399436091754, "hous": 0.008930565451774607, "adjourn": 0.34471971155305847, "meet": 0.026056073835632625, "again": 0.0752496800895217, "tuesday": 1.6446408722940349, "june": 5.52774291250247, "note": 0.26176190184930204, "exercis": 0.5847562245063699, "power": 0.07967367372366925, "confer": 0.43444608134200985, "rule": 0.11868156281365326, "procedur": 0.09767852552782519, "conduct": 0.16932889015311378, "busi": 0.056699063091332644, "nation": 0.07636353588442846, "assembl": 0.002455083148234893, "honour": 0.18211359371348879, "wa": 0.061012446538086594, "pleas": 1.256382054147896, "call": 0.0342786937896075, "sit": 0.09272125028758406, "instead": 0.1332445080298515, "mian": 7.7945732585257685, "muhammad": 1.9101484354336367, "shahbaz": 46.70926227747757, "sharif": 20.578782434649288, "whether": 0.08525507269483332, "karachi": 0.12714388475818925, "insid": 1.6797605967784182, "pakistan": 0.003571030033796208, "restor": 0.4663059438796111, "peac": 0.2902890531841694, "even": 0.06428575742492887, "terror": 2.6784052628924173, "elimin": 0.28345091147951273, "other": 0.04044096287969942, "area": 0.06666828878526493, "these": 0.04933881703616777, "great": 0.03404777357151646, "sacrific": 0.7251190682516377, "interrupt": 3.168654154638241, "warn": 1.9278756633411043, "turn": 0.7122475857195041, "off": 0.4833387549291159, "mobil": 3.117785485424286, "tell": 0.1729327282374582, "them": 0.10358820947318471, "law": 0.06532674190155371, "enforc": 0.5823562233543688, "agenc": 0.27284073236749734, "sacrif": 1.260829335333506, "countri": 0.033757974847709066, "will": 0.0446827710432488, "alway": 0.11105499448552816, "rememb": 0.4467334813826438, "golden": 1.6276796073138908, "letter": 0.3932657774867194, "cross": 1.7832427417941803, "talk": 0.9233405423877099, "get": 0.17802234422047988, "present": 0.047914639035754256, "first": 0.09234496718711602, "thing": 0.10075827913870054, "ani": 0.057233258734808445, "budget": 3.291691842762114, "view": 0.06571454526995534, "prioriti": 0.5222722755129523, "peopl": 0.08486857437801361, "need": 0.03705390371139045, "made": 0.05120788633588959, "should": 0.10093166315885319, "visit": 1.7123059890532244, "few": 0.0757745103500855, "day": 0.12451076889815194, "ago": 0.17702429763968885, "histori": 0.42177821514614533, "imran": 1.1105105096257253, "khan": 0.06867991048177013, "address": 0.42563975268556853, "second": 0.06404767978102627, "afternoon": 1.180665496292854, "spoke": 0.46240038237338366, "big": 0.12108014110490693, "threat": 0.8047010525813876, "most": 0.12052106618017204, "import": 0.04148965019581785, "did": 0.16286908166025937, "own": 0.070405816546278, "mention": 0.07025295028896769, "state": 0.09120847439895204, "medina": 2.244286710751502, "madinah": 10.80196500014907, "there": 0.016111025518761424, "time": 0.08069993544636692, "when": 0.03230904012326863, "zakat": 1.503854257201545, "khalifah": 4.313256952564043, "rashidin": 3.4803478296289385, "hazrat": 1.235176937661298, "umar": 1.5139451601835074, "farooq": 1.5474959102087495, "use": 0.03013026654504301, "pick": 0.6514061708380254, "sack": 1.8077310155733064, "wheat": 0.8315041741630319, "provid": 0.04823240856347278, "needi": 2.06900743658296, "room": 0.5260415977292442, "lie": 0.27460129620253027, "night": 1.5743860800267402, "expect": 0.3071858484425982, "order": 0.14761774453840815, "point": 0.07205779190020632, "raja": 2.464314782541644, "pervez": 1.746746377024107, "ashraf": 1.6867260792313044, "thank": 0.16160661756882463, "requir": 0.051516483764662786, "member": 0.017457524643700213, "reason": 0.038444402197309976, "issu": 0.176014541365695, "it": 0.015744814681203395, "product": 0.9214665171038011, "asif": 3.12607502685505, "ali": 0.1564044112566062, "zardari": 4.949927885346059, "ha": 0.08073365607963931, "been": 0.005594733179023111, "former": 1.0191236480430492, "presid": 0.178206388563611, "they": 0.019478407172122986, "return": 0.19097302165270014, "voluntarili": 1.7848651908363031, "sir": 0.24466408826553362, "look": 0.16443413898454592, "situat": 0.11907457275575409, "govern": 0.08961380108780678, "attitud": 0.7635163412704791, "see": 0.13434437218493406, "request": 0.310059274669849, "under": 0.016198329428205396, "are": 0.024134092674223114, "unabl": 2.6217234148125326, "then": 0.0928675803821682, "your": 0.2458415264254497, "think": 0.05704325099907983, "bias": 2.931137962854632, "be": 0.028771006379233192, "treat": 0.5919468729568067, "equal": 0.5409962502936835, "unconstitut": 1.7534489946029244, "parti": 0.053633384472871776, "come": 0.026508306737502832, "speak": 0.40179453664175613, "further": 0.31756809214964266, "gener": 0.1537776087892399, "discuss": 0.2542877695163785, "year": 0.12720368171957375, "veri": 0.030129855938922822, "much": 0.029670390703413315, "dont": 0.6847239500830071, "make": 0.12591316921657858, "video": 13.913246106473004, "check": 0.28404367972449274, "today": 0.07593625750412117, "aysha": 4.456357796204716, "rajab": 2.9022699788537802, "grant": 3.1638286056793508, "leav": 2.0470171558717785, "minist": 0.018834219904215403, "parliamentari": 0.351174042040209, "affair": 0.07385050783256324, "inform": 0.2495343524388636, "attend": 0.6541090979232896, "session": 0.335727509349798, "fesal": 6.798163602352043, "vawda": 5.411869241232152, "feder": 0.1256244559183845, "water": 0.198293103139206, "resourc": 0.27401409712517655, "occas": 0.4517621193160701, "mani": 0.028751272991650288, "respect": 0.06532674190155371, "stood": 0.5237782998939902, "item": 0.14788455376462073, "opposit": 0.2967287938417358, "start": 0.5784004037840689, "protest": 0.4265517551201861, "leader": 0.586544617809138, "packer": 2.8011483931317716, "speet": 4.063796092932459, "khwaja": 1.1200408744764192, "saad": 3.7857776478272265, "rafiq": 2.345406188942623, "detaine": 7.019523429670463, "nawabshah": 1.9199174963015324, "speech": 0.564010778967847, "iqbal": 0.7779520994807884, "ahm": 0.09620323634950226, "hussain": 0.4618574856753757, "deharr": 4.694029448081835, "azam": 0.5799619684197207, "malik": 0.18236619068447518, "riaz": 1.976441863734902, "pirzada": 1.010652912165129, "rana": 0.5080770427539454, "iradat": 4.515781216675516, "mehnaz": 2.787200649068993, "akber": 3.357745507536606, "aziz": 0.6647655593553942, "fatyana": 2.866337969627717, "sy": 0.11931846957845248, "abrar": 2.587518584433781, "shah": 0.12410738862363206, "whole": 0.08851809637633186, "noor": 1.031093388459923, "alam": 1.1960447814723416, "nawabzada": 1.364441598797803, "shahzain": 7.308989226118033, "bugti": 1.9843545512526233, "recit": 0.4223348201397539, "naat": 3.6456202448008534, "idea": 1.4983680647579005, "show": 0.15926731296130942, "treasur": 1.9587121206392857, "unseen": 2.741174826673711, "came": 0.2580945744670436, "glass": 1.6414098001257929, "mohammad": 0.10707290858640622, "mustafa": 1.9514191959566858, "initi": 0.3604119526156412, "shape": 0.9774873762243422, "human": 0.21033814337180723, "light": 0.5841612664787474, "everyth": 0.4512027569854764, "out": 0.028771006379233192, "creatur": 2.278551304725598, "faiz": 1.9108265246002805, "chariti": 1.8353189720921355, "anthem": 4.338553779493271, "absenc": 0.47823019531892236, "holiday": 1.1541311321016157, "debat": 0.05211214767126525, "monday": 1.3011007455082586, "met": 0.0035770214755437148, "hall": 0.43306867065591476, "parliament": 0.2921501327793507, "islamabad": 0.1658983550563245, "clock": 0.330464876247689, "asad": 1.1207251030354435, "qaisar": 2.4236652340989524, "chair": 0.0017869113532948794, "holi": 0.15878404607482133, "quran": 0.1816247754292517, "devil": 2.058462523406345, "allah": 1.8129552677063492, "seek": 0.35817445767544936, "asylum": 2.758627276624937, "begin": 0.220302244630996, "name": 0.01892374560533286, "which": 0.02776855850342853, "merci": 0.4200770349373762, "translat": 0.17675795058790786, "whoever": 0.7674783420907794, "afraid": 0.49298380574546397, "almighti": 1.6088709343882104, "creat": 0.059537286377877044, "way": 0.022340994630731272,