{"act": 1.7995644776700972, "speaker": 1.0841073771758707, "rashe": 0.9442384692661221, "ahmad": 0.18896962393377914, "khan": 0.022893303493923378, "ha": 0.08073365607963931, "request": 0.2906805700029834, "grant": 3.954785757099188, "leav": 2.585705881101194, "may": 0.2518289140062769, "wa": 0.061012446538086594, "rana": 0.5080770427539454, "mubashir": 2.839257011025046, "iqbal": 0.3889760497403942, "muhammad": 0.21830267833527275, "barje": 2.123467353715341, "tahir": 0.9362384265990458, "hamid": 0.5835555039298509, "hame": 1.1051050910588172, "mukhtar": 1.6730098548131949, "malik": 0.18236619068447518, "chaudhari": 1.6982971745278443, "khalid": 0.8532666910603954, "jave": 0.7168583512442712, "makhdoom": 0.8889942979708909, "sy": 0.11931846957845248, "sami": 2.9608641431198333, "hassan": 0.650978180247285, "gillani": 1.9730549959986898, "mir": 0.2864182727073148, "ghulam": 0.2681609929115342, "ali": 0.03128088225132124, "talpur": 1.0398929424117718, "ehsanullah": 3.6891026434910485, "reki": 4.852253453296729, "mehnaz": 2.787200649068993, "akber": 3.357745507536606, "aziz": 0.6647655593553942, "sardar": 0.1533327446959599, "bux": 1.7242405690198683, "mahar": 1.7444688187953399, "whole": 0.04425904818816593, "current": 0.13477551113574202, "session": 0.0671455018699596, "sheikh": 0.3568981333158445, "fayyaz": 2.346144595858126, "din": 0.9442384692661221, "afzal": 0.7173154941093752, "khokhar": 1.5574753486406423, "saira": 2.846919883770615, "bano": 3.0277041612456834, "chaudhri": 0.24280671054137778, "iftekhar": 4.330064070880423, "nazir": 0.9972544169651189, "item": 0.14788455376462073, "call": 0.10283608136882251, "attent": 0.2215515234976897, "note": 0.26176190184930204, "interrupt": 0.186391420861073, "chitrali": 7.631257896521156, "sir": 0.030583011033191703, "take": 0.008741510331770265, "attitud": 0.7635163412704791, "open": 0.07385050783256324, "mic": 1.0923831250331686, "abdul": 0.14674017010256687, "akbar": 1.4502381365032755, "sahib": 0.11230265528368341, "point": 0.0900722398752579, "out": 0.08631301913769958, "lack": 0.762862639679433, "quorum": 4.1068899168881075, "maulana": 0.31873272562415256, "thank": 0.05386887252294154, "what": 0.0620725376509999, "scenario": 2.5669598574127446, "are": 0.013407829263457287, "see": 0.06717218609246703, "they": 0.03895681434424597, "were": 0.027575578079617646, "excit": 2.0707757836397023, "bring": 0.04030141294452259, "confid": 0.35212637302886846, "movement": 0.3016903167996347, "now": 0.010995286359023224, "where": 0.02737417844306307, "did": 0.027144846943376565, "run": 0.08253782115494587, "nation": 0.05553711700685706, "assembl": 0.0015623256397858409, "should": 0.020186332631770637, "roll": 0.4310061054695664, "last": 0.028062488668700897, "week": 0.6834159356437389, "notic": 0.15347580312279815, "came": 0.0645236436167609, "here": 0.056124977337401794, "agenda": 0.7118435242313819, "wait": 0.35149185524108223, "two": 0.013480320959899806, "day": 0.01778725269973599, "minist": 0.009417109952107702, "could": 0.03589663011851132, "respond": 0.39558327562708195, "present": 0.015971546345251417, "then": 0.010318620042463134, "pay": 0.07818473084682413, "second": 0.06404767978102627, "recit": 0.6335022302096308, "hadith": 3.1149506972812846, "author": 0.10434439393320229, "abdullah": 2.5807920232435975, "bin": 3.0813364606485223, "omar": 1.207176621841186, "god": 0.5815283144036822, "pleas": 0.07179326023702264, "them": 0.04708554976053851, "messeng": 1.104431463549343, "said": 0.03739268734287312, "succeed": 1.524407630715019, "those": 0.049275491860178045, "who": 0.024174667875320525, "becam": 0.4062464889594405, "muslim": 0.1411800418015894, "guarantor": 4.025574880112261, "convinc": 0.6004982246601629, "him": 0.08349899784473375, "had": 0.018468993437423205, "given": 0.055406980312269614, "translat": 0.3535159011758157, "report": 0.03937247650986376, "hazrat": 1.235176937661298, "umar": 1.5139451601835074, "holi": 0.238176069112232, "prophet": 0.6136024252821476, "peac": 0.2902890531841694, "bless": 1.0626852649658334, "allaah": 0.7311278683969866, "upon": 0.1874675576342835, "cours": 0.11230265528368341, "brought": 0.0873969172072642, "islam": 0.13095238936428263, "custom": 0.5043747060554097, "provis": 0.2256013784927382, "allah": 0.9064776338531746, "almighti": 0.5362903114627368, "gave": 0.11580440973740913, "satisfact": 1.3723329155050463, "naat": 3.6456202448008534, "templat": 3.3386973125659116, "hobbi": 2.608508860325617, "humili": 1.0424213887651306, "habib": 2.566246504585438, "come": 0.013254153368751416, "exit": 2.2275848611335705, "anthem": 4.338553779493271, "absenc": 0.47823019531892236, "applic": 0.17516135631580662, "name": 0.05677123681599858, "most": 0.12052106618017204, "graciou": 1.1734243350362945, "merci": 1.2602311048121286, "pakistan": 0.0006695681313367889, "debat": 0.013028036917816312, "tuesday": 1.6446408722940349, "met": 0.0035770214755437148, "hall": 0.43306867065591476, "parliament": 0.14607506638967535, "hous": 0.0026791696355323823, "islamabad": 0.1658983550563245, "honour": 0.09105679685674439, "zahid": 1.162659968449136, "akram": 1.0970513562517203, "durrani": 2.163434614122407, "chair": 0.0017869113532948794, "quran": 0.1816247754292517, "surah": 1.7495904689153947, "imran": 1.1105105096257253, "vers": 1.260829335333506, "seek": 0.35817445767544936, "refug": 2.0023730567553018, "devil": 2.058462523406345, "begin": 0.220302244630996, "one": 0.008741510331770265, "kill": 0.32674509514515704, "way": 0.022340994630731272, "even": 0.04285717161661925, "think": 0.028521625499539915, "dead": 0.8172545691835774, "aliv": 1.0267224792220269, "befor": 0.01869634367143656, "their": 0.007616524275446687, "lord": 0.6880275255265621, "life": 0.28390269841162663, "happi": 0.563349424156514, "grace": 0.6535488757503859, "been": 0.005594733179023111, "abl": 0.06357194237909462, "meet": 0.013028036917816312, "yet": 0.07097142714899692, "path": 0.5732092118757066, "faith": 0.7228175712633587, "obedi": 2.291709389303109, "will": 0.00446827710432488, "ani": 0.011446651746961689, "fear": 0.49115865466388337, "upset": 0.8728388577486057, "red": 0.9656947867345186, "great": 0.03404777357151646, "tabl": 0.2385483648588005, "content": 0.37816867420490013, "receiv": 0.06333415852349787, "regard": 0.027144846943376565, "tunnel": 2.1347245082399753, "night": 0.39359652000668505, "went": 0.3212869644359318, "again": 0.02508322669650723, "program": 0.9918219881556091, "be": 0.014385503189616596, "oppress": 0.6809478499385003, "fulfil": 0.20292968583533205, "your": 0.03512021806077853, "announc": 0.21006277506495913, "somewher": 0.4915234184833573, "repeatedli": 0.43928201477342615, "took": 0.1153034077229218, "kormum": 8.407601514786142, "gone": 0.09571195655578432, "count": 1.1607212260666633, "made": 0.025603943167944794, "oper": 0.17091619207368616, "postpon": 1.2917130602544604, "friday": 1.4855714590008158, "action": 0.0578806773136544, "morn": 0.20156375200732868}