{"speaker": 0.2084821879184367, "now": 0.05497643179511612, "read": 0.16302004515680796, "prorog": 3.0510152401141304, "order": 0.03163237382965889, "presid": 0.9801351370998606, "pakistan": 0.009820332592939572, "exercis": 0.5847562245063699, "power": 0.19918418430917312, "address": 1.2769192580567057, "islam": 2.095238229828522, "republ": 5.4374981205057775, "will": 0.03798035538676148, "same": 0.08480245447971582, "respons": 0.20383102479233883, "they": 0.019478407172122986, "did": 0.027144846943376565, "connect": 0.18773677287349194, "seventh": 3.4762068498565277, "constitut": 0.15032310638274185, "amend": 0.3103108490783814, "especi": 0.3641968344384507, "grate": 0.6331729461512232, "muslim": 0.8470802508095365, "leagu": 0.5080770427539454, "leadership": 0.7100261679837998, "it": 0.11021370276842377, "caliph": 2.40866495283946, "parti": 0.053633384472871776, "mma": 5.151438075005252, "explain": 0.12284492159570805, "lfo": 3.698071313473809, "issu": 0.035202908273139, "happi": 0.281674712078257, "manner": 0.2743076535635095, "occas": 0.6776431789741051, "would": 0.008966659494040768, "like": 0.027413079428798337, "guidanc": 0.9153984721674016, "quaid": 3.202244038398082, "azam": 1.739885905259162, "english": 0.4907940238485397, "can": 0.17746007043903814, "assur": 0.34979100985033484, "should": 0.12111799579062382, "are": 0.04022348779037186, "do": 0.14050590057793538, "world": 0.3076892937479435, "than": 0.08212253532918921, "your": 0.10536065418233559, "own": 0.070405816546278, "conscienc": 1.1078041480279823, "when": 0.010769680041089542, "appear": 0.2914830831767771, "befor": 0.01869634367143656, "god": 0.6978339772844186, "say": 0.06388618538100567, "perform": 0.6835230632587291, "duti": 0.2945123179374393, "highest": 0.6094888859563554, "sens": 0.3101752161889297, "integr": 0.5370536702784312, "honesti": 1.5375481029880174, "loyalti": 1.6659008201340886, "faith": 0.7228175712633587, "let": 0.17796935501048272, "repres": 0.19535705105565038, "nation": 0.10413209438785699, "promis": 0.6076096036087005, "our": 0.2604242545735842, "honestli": 3.568274029148207, "accord": 0.07828075434060985, "view": 0.26285818107982134, "baba": 1.7769181291437715, "make": 0.12591316921657858, "strong": 0.47991646917036496, "prosper": 8.47751584186878, "countri": 0.4050956981725088, "all": 0.12536418928881274, "strategi": 0.985825721141496, "achiev": 0.3044097625003563, "promot": 0.3168927987021454, "interest": 0.15058632513405007, "goal": 0.8564146474899936, "modrat": 14.15616618201662, "develop": 1.143841349106278, "enlighten": 1.6958611197299631, "enslav": 3.0277041612456834, "state": 0.09120847439895204, "line": 0.31083215756562843, "allama": 4.3588879497154664, "iqbal": 1.5559041989615767, "dream": 6.633668090476807, "guidelin": 1.8131880550363646, "leader": 0.2346178471236552, "atam": 5.635012792546362, "which": 0.02776855850342853, "everi": 0.03335533268983864, "pakistani": 0.3745969037531666, "critic": 0.4227981250517368, "honor": 0.5539070932511181, "member": 0.034915049287400426, "focus": 1.2282935452821087, "eye": 0.34108002431614914, "peopl": 0.14548898464802335, "whole": 0.1327771445644978, "today": 0.1265604291735353, "prove": 0.31934678766371205, "elig": 1.0765412095675106, "take": 0.043707551658851325, "over": 0.044681989261462544, "these": 0.059206580443401324, "import": 0.10372412548954463, "may": 0.013254153368751416, "allah": 1.6316597409357143, "almighti": 0.5362903114627368, "protect": 0.12917325558707207, "give": 0.014385503189616596, "amen": 1.661189386212769, "alway": 0.22210998897105633, "last": 0.028062488668700897, "wind": 0.5708367315220763, "confer": 0.43444608134200985, "claus": 0.8151748422161432, "articl": 0.43726930227453553, "herebi": 1.3874108064742179, "prorogu": 2.0190401092405135, "both": 0.1290472872335218, "hous": 0.003572226180709843, "assembl": 0.0013391362626735779, "togeth": 0.4905907334710706, "conclus": 0.5891712427154866, "sit": 0.18544250057516812, "januari": 1.410680455868543, "thank": 0.16160661756882463, "gener": 0.1922220109865499, "pervez": 1.746746377024107, "musharraf": 2.845770389335755, "joint": 1.3168074429597236, "session": 0.0671455018699596, "parliament": 1.314675597507078, "wa": 0.01162141838820697, "postpon": 0.6458565301272302, "indefinit": 2.444022171167697, "majliseshioora": 7.308989226118033, "jan": 4.471963973339902, "unless": 0.17622546921217408, "healthi": 1.399096332703863, "educ": 0.4514256863661398, "use": 0.06026053309008602, "more": 0.11217806202861935, "resourc": 1.3700704856258827, "suspicion": 1.9093193653097091, "health": 0.6953863604157329, "doe": 0.04833662709885984, "provid": 0.09646481712694556, "equal": 0.8114943754405253, "basi": 0.19831198880076611, "fifti": 0.9262187017079674, "percent": 0.553220304133778, "women": 0.7602499678513222, "popul": 0.26932887625595775, "never": 0.6636734705044469, "truli": 2.803624991065281, "opportun": 0.09644896678445304, "particip": 0.3546684779885754, "polit": 0.09964896951512389, "palac": 1.6777774442966678, "otherwis": 0.3428917062060358, "futur": 0.43454971868847114, "improv": 0.6279257304458057, "minor": 0.40993838776604263, "part": 0.033586093046233514, "right": 0.08845125746933578, "ani": 0.022893303493923378, "other": 0.053921283839599224, "their": 0.06093219420357349, "watin": 6.210376937449924, "citizen": 0.30229399928099276, "ha": 0.0467405377303175, "treat": 0.29597343647840335, "them": 0.037668439808430806, "farulid": 8.407601514786142, "ali": 0.03128088225132124, "along": 0.6411520882368837, "sustain": 2.4581120620448864, "democrat": 0.8333721033896357, "system": 0.4822448339222652, "essenti": 1.6341584404339584, "continu": 0.10303296752932557, "stabil": 0.8659184149040319, "question": 0.1702388678575823, "aris": 1.2614484322477297, "whi": 0.04123121310448916, "process": 0.23813411074445104, "been": 0.03916313225316177, "repeatedli": 0.43928201477342615, "fail": 0.7459409637260738, "past": 0.16604533929858484, "step": 0.15299393346620843, "taken": 0.016878987423854533, "establish": 0.44795618619635924, "blue": 1.7769181291437715, "level": 0.3296903381433318, "public": 0.08625381897495087, "becom": 0.04030141294452259, "master": 0.8202910087635278, "fate": 1.0963831303665148, "problem": 0.1290472872335218, "begun": 0.7409113147060576, "found": 0.09276933550158675, "local": 0.2270005671916945, "maintain": 1.0345608410993656, "fear": 0.49115865466388337, "check": 0.28404367972449274, "balanc": 1.2883102521175611, "martial": 0.9442384692661221, "forgiven": 1.1835767065003124, "could": 0.07179326023702264, "fulfil": 0.8117187433413282, "secur": 0.32495909661507794, "council": 0.6522529492981816, "further": 0.31756809214964266, "believ": 0.09964896951512389, "majliseshoora": 13.46934354638387, "request": 0.019378704666865563, "respond": 0.39558327562708195, "harsh": 2.1692768897466355, "word": 0.15299393346620843, "veri": 0.015064927969461411, "good": 0.07868413953732106, "one": 0.03496604132708106, "see": 0.033586093046233514, "who": 0.030218334844150655, "were": 0.009191859359872549, "jamni": 5.768544185170884, "warm": 2.219337391703553, "friend": 0.11505300081038258, "onli": 0.029676803496165104, "thing": 0.10075827913870054, "suffer": 0.35671419610046196, "luck": 2.0325766949580464, "those": 0.01642516395339268, "great": 0.03404777357151646, "whisper": 2.741174826673711, "devil": 2.058462523406345, "seek": 0.35817445767544936, "refug": 2.0023730567553018, "inde": 0.7465451324243135, "know": 0.0299003021885046, "holi": 0.15878404607482133, "prophet": 0.6136024252821476, "peac": 0.2902890531841694, "bless": 1.0626852649658334, "allaah": 1.4622557367939732, "upon": 0.1874675576342835, "him": 0.05566599856315583, "voic": 0.3572170617191219, "point": 0.01801444797505158, "combin": 1.079164161890981, "opposit": 0.1978191958944905, "respect": 0.03266337095077686, "stood": 0.5237782998939902, "seat": 0.14195134920581332, "began": 0.815235386266347, "protest": 0.4265517551201861, "bismillah": 0.5980601901327327,