{"report": 0.11811742952959128, "basic": 0.5559493227402785, "principl": 0.5380735550490204, "committe": 0.1871507643291477, "presid": 1.069238331381666, "question": 0.10214332071454939, "item": 0.5915382150584829, "amend": 1.086087971774335, "adopt": 0.5360831159237879, "motion": 0.4762682214889021, "wa": 0.026148191373465683, "ad": 0.34832529148049424, "list": 1.550167839295155, "there": 0.010740683679174282, "are": 0.0026815658526914573, "few": 0.0757745103500855, "other": 0.04044096287969942, "paragraph": 1.2711183061958955, "which": 0.0069421396258571326, "yet": 0.07097142714899692, "been": 0.011189466358046221, "taken": 0.016878987423854533, "instanc": 0.863269406732455, "honour": 0.6373975779972108, "brohi": 17.739378367322654, "hold": 0.17915763178210917, "over": 0.044681989261462544, "good": 0.07868413953732106, "till": 0.329181940134245, "come": 0.013254153368751416, "financi": 0.4964535560214339, "alloc": 0.8354042796864072, "made": 0.012801971583972397, "statement": 0.08447862719840825, "yesterday": 0.43726930227453553, "postpon": 1.2917130602544604, "today": 0.02531208583470706, "until": 0.20429748799086053, "such": 0.03239665885641079, "time": 0.008966659494040768, "take": 0.008741510331770265, "ani": 0.011446651746961689, "busi": 0.056699063091332644, "would": 0.06276661645828538, "request": 0.038757409333731126, "hous": 0.003572226180709843, "should": 0.020186332631770637, "now": 0.02199057271804645, "adjourn": 0.34471971155305847, "pirzada": 1.010652912165129, "desir": 0.4560421836308913, "make": 0.011446651746961689, "necessari": 0.1337545820016348, "when": 0.010769680041089542, "propos": 0.10931088042686077, "monday": 1.951651118262388, "stand": 0.028292030733291885, "septemb": 1.8408072758464429, "assembl": 0.000892757508449052, "then": 0.02063724008492627, "eleven": 1.431889383951193, "clock": 0.660929752495378, "morn": 0.40312750401465736, "ing": 0.9193079996267151, "gppkl": 2.935330841114668, "ca231054340": 8.407601514786142, "constitu": 0.5062026792684021, "pakistan": 0.000223189377112263, "friday": 0.7427857295004079, "met": 0.0035770214755437148, "chamber": 0.35339661772173614, "karachi": 0.06357194237909462, "tamizuddin": 2.1556976316202543, "khan": 0.011446651746961689, "chair": 0.0017869113532948794, "consider": 0.18692934448889081, "contd": 4.2804671297410515, "ye": 0.03174149948654943, "prohi": 5.574388170729927, "sind": 0.8723048123420545, "muslim": 0.1411800418015894, "sir": 0.030583011033191703, "kindli": 0.330464876247689, "recal": 2.8346900285845242, "dure": 0.08472149301623831, "discuss": 0.06357194237909462, "two": 0.013480320959899806, "particular": 0.21226784762327308, "entri": 10.235597658364064, "were": 0.009191859359872549, "held": 0.12841173759113925, "sinc": 0.037980687837041345, "abl": 0.06357194237909462, "give": 0.014385503189616596, "thought": 0.22532177552712532, "them": 0.009417109952107702, "page": 0.7131586131909297, "prin": 2.935330841114668, "cipl": 3.074882721520774, "delet": 2.6718728705454655, "learn": 0.8806426716878862, "friend": 0.23010600162076517, "dhirendra": 2.9145400714455945, "nath": 2.6115437640207713, "datta": 2.6299491915634863, "enough": 0.2385483648588005, "point": 0.03602889595010316, "out": 0.014385503189616596, "must": 0.05882697499486884, "disappear": 1.3067496058420929, "consequenti": 2.7071579413954567, "result": 0.17674315230763427, "had": 0.018468993437423205, "introduc": 0.2974747128450438, "put": 0.03728551923066561, "first": 0.018468993437423205, "after": 0.010544124609886296, "consid": 0.04706213341528235, "will": 0.00223413855216244, "move": 0.18526951855695226, "next": 0.05646290769998822, "schedul": 2.178877920578611, "omit": 6.988105459785828, "iii": 2.33742329640248, "may": 0.013254153368751416, "your": 0.017560109030389265, "permiss": 0.18129552677063493, "also": 0.01658272805324468, "second": 0.06404767978102627, "relat": 0.11765394998973767, "rais": 0.04565960864119683, "opposit": 0.09890959794724526, "word": 0.30598786693241686, "mainten": 3.0930571166312926, "public": 0.08625381897495087, "order": 0.03163237382965889, "these": 0.009867763407233554, "read": 0.05434001505226932, "follow": 0.0409986820024067, "prevent": 0.39062376802388077, "detent": 3.821653049200561, "reason": 0.038444402197309976, "connect": 0.18773677287349194, "suppli": 0.312612755482368, "servic": 0.07673790156139908, "essenti": 0.5447194801446528, "commun": 0.1826340358715592, "person": 0.020972693391022187, "subject": 0.1606434822179659, "withdrawn": 0.643730226965921, "natur": 0.17409837455214916}