{"count": 2.901803065166658, "wa": 0.08425528331450054, "made": 0.10241577267177918, "chairperson": 35.43500855266781, "hous": 0.01160973508730699, "order": 0.09489712148897667, "proceed": 0.939489639682684, "are": 0.08581010728612663, "suspend": 1.166311167817048, "till": 0.1645909700671225, "complet": 0.14048472792362143, "quorum": 5.133612396110134, "were": 0.07353487487898039, "adjourn": 0.17235985577652924, "meet": 0.039084110753448933, "again": 0.10033290678602892, "monday": 1.951651118262388, "novemb": 7.132970967176721, "mahmood": 0.9233838323460207, "bashir": 2.0286768400446102, "work": 0.06086773267327707, "resum": 0.8522195705458699, "minut": 0.2096798681641879, "after": 0.042176498439545185, "had": 0.07387597374969282, "alreadi": 0.05811716779601484, "done": 0.029440532065462974, "concern": 0.09272125028758406, "minist": 0.12242242937740012, "agre": 0.19388121775783698, "unless": 0.17622546921217408, "should": 0.06055899789531191, "present": 0.43123175132178826, "visit": 0.13171584531178648, "veri": 0.07532463984730706, "import": 0.0829793003916357, "answer": 0.3969601151870533, "dear": 0.3373206213922435, "tariq": 5.035333481697724, "fazal": 2.9660094049082812, "what": 0.07759067206374987, "would": 0.035866637976163074, "say": 0.11180082441675993, "about": 0.09575599631315557, "chaudhri": 0.9712268421655111, "speaker": 0.8339287516737468, "our": 0.027413079428798337, "chief": 0.3239092278245657, "whip": 1.4359329100603533, "sheikh": 0.713796266631689, "aftab": 0.8808839534334373, "sahib": 1.3476318634042008, "gone": 0.19142391311156864, "out": 0.10069852232731617, "while": 0.06857850904138423, "know": 0.0598006043770092, "did": 0.16286908166025937, "come": 0.06627076684375707, "they": 0.16881286215839922, "impos": 0.22784102108624305, "their": 0.06854871847902018, "duti": 0.0981707726458131, "pend": 1.528685472064574, "ha": 0.093481075460635, "just": 0.14358652047404527, "someth": 0.24906800894787726, "sir": 0.061166022066383406, "shah": 0.6205369431181603, "allow": 0.0741078074227809, "him": 0.027832999281577914, "fix": 0.15411348644023817, "defer": 2.049464607457817, "wait": 0.35149185524108223, "occas": 0.4517621193160701, "respect": 0.03266337095077686, "member": 0.029095874406167017, "opposit": 0.1978191958944905, "walk": 0.4217768483672256, "point": 0.21617337570061895, "your": 0.07024043612155706, "seat": 0.14195134920581332, "open": 0.14770101566512647, "mic": 1.0923831250331686, "lion": 1.3740950304984456, "reg": 7.234111183527096, "shireen": 3.4434811354355674, "mehralansa": 7.360427392147605, "mazari": 4.093324796393409, "usual": 0.7036913051698316, "neither": 0.2696210603340043, "govern": 0.05120788633588959, "nor": 0.24821477724726412, "can": 0.04033183419069049, "respond": 1.186749826881246, "ani": 0.03433995524088507, "relev": 0.2899907683199145, "problem": 0.1935709308502827, "maf": 10.551757159693167, "shortag": 1.4354250824380306, "water": 1.7846379282528542, "announc": 0.6301883251948774, "technic": 1.0213574246281119, "committe": 1.933891231401193, "indu": 2.774759059894475, "river": 2.2325815496779904, "system": 0.4822448339222652, "author": 0.3130331817996069, "irsa": 10.09252919360069, "sy": 0.4772738783138099, "nave": 2.6572267877535407, "qamar": 1.6681405040803854, "invit": 0.2893944653803608, "attent": 0.5908040626605059, "resourc": 1.3700704856258827, "matter": 0.05658406146658377, "urgent": 1.2018102845299279, "public": 0.11500509196660115, "regard": 0.08143454083012969, "caus": 0.09374924738793573, "grave": 0.7113888754397357, "amongst": 0.5427975114576832, "period": 2.845501869980681, "report": 0.7480770536874114, "stand": 0.5941326453991296, "interior": 2.053055544742466, "januari": 5.642721823474172, "june": 4.145807184376853, "rana": 1.5242311282618362, "shamim": 3.721632208051238, "ahm": 0.2886097090485068, "khan": 0.16025312445746365, "thank": 0.9157708328900063, "chairman": 1.9104106286094578, "home": 0.3658039056378171, "affair": 0.07385050783256324, "submit": 0.3256929995192291, "term": 0.12183609427181284, "accord": 0.1565615086812197, "rule": 0.4450558605511997, "alphabet": 2.3963343403819812, "procedur": 0.7814282042226015, "nation": 0.09024781513614272, "assembl": 0.003347840656683945, "much": 0.14835195351706656, "himself": 0.17542727840220274, "request": 0.19378704666865562, "conduct": 1.1853022310717964, "busi": 0.3968934416393285, "chair": 0.016082202179653914, "person": 0.1677815471281775, "item": 2.661921967763173, "nawab": 0.7650773805532411, "mohammad": 0.5353645429320311, "yousuf": 0.9810524423888385, "talpur": 1.0398929424117718, "move": 0.33348513340251407, "call": 0.20567216273764502, "result": 0.08837157615381713, "time": 0.017933318988081537, "befor": 0.03739268734287312, "notic": 0.3069516062455963, "tahira": 13.664809396995722, "aurangzeb": 7.677367067235786, "requir": 0.30909890258797673, "prime": 0.373838466130621, "been": 0.07273153132730044, "sent": 0.1118034041499985, "there": 0.04296273471669713, "think": 0.028521625499539915, "onc": 0.24468076143438947, "app": 3.468607094036978, "came": 0.1935709308502827, "mayb": 0.8066990552440606, "went": 0.3212869644359318, "nevertheless": 0.6062101944946571, "ministri": 0.3056111097308325, "favor": 0.7908257060877705, "bill": 0.9545477566276198, "right": 0.11056407183666973, "parallel": 2.083242552404832, "run": 0.08253782115494587, "same": 0.021200613619928955, "way": 0.022340994630731272, "whatev": 0.10112935468555817, "build": 0.5382738565044694, "offic": 0.3059832217509365, "handicap": 2.215239025311271, "friendli": 1.1619464471916077, "wheel": 3.4711371386501515, "go": 0.0847893607355745, "ramp": 4.217946772759717, "all": 0.018804628393321914, "other": 0.053921283839599224, "such": 0.03239665885641079, "facil": 0.45904810187307216, "essenti": 0.5447194801446528, "disabl": 5.834817169891323, "peopl": 0.07274449232401167, "everi": 0.10006599806951591, "hotel": 1.152010240532478, "given": 0.055406980312269614, "support": 0.12381728306455389, "plan": 0.7381292750893341, "develop": 0.2287682698212556, "reform": 3.2059230838324364, "januaryjun": 14.480439088016388, "nagzib": 8.427262880491597, "khalid": 0.8532666910603954, "hussain": 0.23092874283768786, "magsi": 2.278551304725598, "ask": 0.13988709824503318, "babar": 1.2703230775257572, "nawaz": 0.48824532412552607, "human": 0.6310144301154217, "hurt": 0.7404432594669955, "abdul": 0.07337008505128344, "maje": 1.547986611131941, "khanan": 3.524799592199772, "khail": 3.1981153619447222, "marriyum": 4.694029448081835, "sahiba": 3.9827250445906586, "great": 0.1702388678575823, "those": 0.06570065581357072, "who": 0.030218334844150655, "healthi": 1.399096332703863, "take": 0.026224530995310795, "care": 0.1743640140808727, "them": 0.05650265971264621, "contact": 1.214876888786366, "will": 0.04021449393892392, "opportun": 0.09644896678445304, "also": 0.049748184159734046, "want": 0.07296677951916163, "talk": 0.19785868765450926, "special": 0.42968353825570954, "doctor": 1.2379508983222225, "sit": 0.04636062514379203, "when": 0.06461808024653726, "said": 0.07478537468574624, "affect": 0.2413852461940002, "patienc": 0.9680422056528235, "lie": 0.27460129620253027, "tabl": 0.477096729717601, "worri": 0.5692581992290265, "next": 0.05646290769998822, "session": 0.0671455018699596, "lay": 0.46666175245835156, "end": 0.05481137966151531, "exactli": 0.8151748422161432, "ramps4": 8.407601514786142, "becom": 0.04030141294452259, "four": 0.10632514934266289, "year": 0.23320674981921852, "demand": 0.10856433317307636, "pass": 0.21546705517776962, "cda": 9.502352961619588, "map": 1.4018124955326405, "where": 0.1916192491014415, "kept": 0.1294272238424055, "two": 0.13480320959899805, "percent": 1.106440608267556, "quota": 0.6548367059348146, "job": 0.40421980333181373, "how": 0.11116171113417136, "reach": 0.2973221035953667, "effort": 0.34925944838541156, "today": 0.02531208583470706, "control": 0.12259261933626443, "coincid": 1.7192468008393813, "pleas": 0.10768989035553395, "add": 0.3972419258663588,