{"agenda": 2.1355305726941456, "defer": 1.3663097383052112, "wa": 0.0755392195233453, "new": 0.11185655769199682, "procedur": 0.19535705105565038, "everyth": 0.6768041354782146, "onli": 0.0890304104884953, "instruct": 0.4358253919055153, "guid": 2.2566326098799725, "far": 0.07503437681623569, "parliamentari": 0.117058014013403, "concern": 0.04636062514379203, "told": 0.21166350333795456, "one": 0.03496604132708106, "thing": 0.13434437218493406, "which": 0.04859497738099993, "can": 0.04033183419069049, "forget": 2.19338360519096, "life": 0.14195134920581332, "are": 0.024134092674223114, "youngman": 5.411869241232152, "should": 0.08074533052708255, "never": 0.2654693882017788, "particip": 0.7093369559771509, "polit": 0.4982448475756195, "intrigu": 3.0416254997642915, "work": 0.06086773267327707, "hard": 0.4535804275081055, "devot": 1.5734927759723045, "yourself": 0.3840491223817954, "servic": 0.15347580312279815, "countri": 0.06751594969541813, "creat": 0.059537286377877044, "mark": 0.7141198739509675, "sit": 0.1390818754313761, "ting": 2.2961341752834645, "place": 0.056089031014309676, "alway": 0.7773849613986972, "teacher": 1.8577333784365362, "when": 0.053848400205447705, "took": 0.4612136308916872, "chair": 0.003573822706589759, "bow": 1.330947699342192, "head": 0.07939202303741066, "ani": 0.03433995524088507, "person": 0.06291808017306656, "who": 0.03626200181298079, "ha": 0.025494838761991365, "given": 0.018468993437423205, "piec": 0.9996771922265442, "advic": 0.6004982246601629, "share": 0.29387542881539697, "view": 0.13142909053991067, "leader": 0.586544617809138, "hous": 0.015181961268016832, "oppo": 2.866337969627717, "sition": 3.2777027998630697, "must": 0.05882697499486884, "say": 0.047914639035754256, "most": 0.03013026654504301, "dignifi": 1.9306291518964602, "member": 0.07564927345603426, "grace": 0.6535488757503859, "kept": 0.1294272238424055, "decorum": 4.63258326541689, "rais": 0.04565960864119683, "digniti": 1.5291957584508507, "did": 0.027144846943376565, "belong": 0.4166090480052159, "serv": 0.7558567332604256, "peopl": 0.06062041027000972, "nation": 0.05553711700685706, "also": 0.049748184159734046, "subscrib": 1.8131880550363646, "opposit": 0.2967287938417358, "death": 2.4485046422911334, "tragic": 5.6181442239987245, "just": 0.03589663011851132, "see": 0.06717218609246703, "these": 0.029603290221700662, "replat": 6.798163602352043, "again": 0.02508322669650723, "would": 0.10759991392848922, "suggest": 0.12917325558707207, "govern": 0.012801971583972397, "after": 0.010544124609886296, "assembl": 0.0026782725253471557, "session": 0.0671455018699596, "over": 0.022340994630731272, "least": 0.1968339741996903, "half": 0.10038888815783441, "hour": 0.10483993408209395, "vehicl": 0.626045555550803, "except": 0.208687069799154, "car": 0.4310061054695664, "mna": 0.7530826690910496, "allow": 0.03705390371139045, "pass": 0.12928023310666178, "road": 0.5339889438553865, "there": 0.016111025518761424, "spoedbreak": 8.407601514786142, "pavement": 3.4171689280074067, "becaus": 0.020289244224425688, "all": 0.04387746625108446, "come": 0.013254153368751416, "foot": 1.283123252292719, "asssembl": 5.229547684438198, "hostel": 1.7782382613486942, "may": 0.06627076684375707, "abl": 0.06357194237909462, "better": 0.07337008505128344, "will": 0.02904380117811172, "pray": 4.098902546203668, "speedi": 2.081452041631044, "recoveri": 1.9419684991038333, "those": 0.0821258197669634, "injur": 1.1372886287071182, "grate": 0.3165864730756116, "almighti": 0.5362903114627368, "they": 0.012985604781415324, "safe": 2.132803299779044, "word": 0.15299393346620843, "record": 0.12790438090851586, "deep": 1.0538791843865116, "sens": 0.3101752161889297, "grief": 1.747026364946457, "sorrow": 2.06900743658296, "deplor": 5.468556495229301, "loss": 1.268381913891408, "request": 0.038757409333731126, "maulvi": 1.182848109018172, "mufti": 1.4968507268242075, "mahmud": 1.05004531387579, "offer": 0.32495909661507794, "fateha": 1.67658341430406, "fatcha": 5.0403056847996695, "speaker": 0.37526793825318605, "befor": 0.03739268734287312, "adjourn": 0.25853978366479385, "like": 0.09594577800079418, "bring": 0.04030141294452259, "notic": 0.07673790156139908, "honour": 0.6373975779972108, "wan": 3.0139739684337816, "ted": 1.8796435971635925, "join": 1.4647359723765783, "funer": 3.8985264628827063, "side": 0.08983534806679931, "held": 0.2568234751822785, "maulana": 0.31873272562415256, "noorani": 2.22345262384866, "contact": 0.607438444393183, "noon": 1.4201112677851524, "dead": 0.8172545691835774, "bodi": 0.1853164409134262, "carri": 0.22197262363853576, "muridk": 4.2029088953951765, "situat": 0.059537286377877044, "between": 0.08545044457324046, "lahor": 0.1874675576342835, "gujranwala": 1.3141968889173767, "cer": 2.4261873035316626, "tain": 1.997426632819976, "return": 0.19097302165270014, "let": 0.04449233875262068, "know": 0.0897009065655138, "qul": 5.768544185170884, "cere": 4.3822498240509935, "money": 0.11505300081038258, "perform": 0.9113640843449722, "whether": 0.04262753634741666, "nativ": 2.5214974833359873, "villag": 0.35913277111726094, "shaikhupura": 5.2721072988569935, "receiv": 0.06333415852349787, "privileg": 0.2551154390059022, "motion": 0.11906705537222552, "take": 0.01748302066354053, "tomorrow": 0.54830567892429, "even": 0.0857143432332385, "back": 0.10236468529355097, "sad": 1.5747279254913524, "demis": 6.374491379415637, "abdul": 0.2201102551538503, "matin": 2.346144595858126, "chaudhuri": 2.684016412833762, "moulvi": 2.343816306098535, "tamizuddin": 2.1556976316202543, "khan": 0.03433995524088507, "other": 0.04044096287969942, "busi": 0.056699063091332644, "transact": 1.31585939969099, "rest": 0.5627618717551596, "think": 0.05704325099907983, "consensu": 0.9459611225775683, "debat": 0.039084110753448933, "parliament": 1.1686005311174028, "meet": 0.026056073835632625, "moet": 5.149504976764661, "thank": 0.10773774504588308, "then": 0.02063724008492627, "till": 0.08229548503356125, "three": 0.028751272991650288, "clock": 0.660929752495378, "afternoon": 1.180665496292854, "decemb": 0.801801338691552, "pakistan": 0.0013391362626735779, "dec": 1.9399027886817894, "zulfikar": 5.387737418553548, "ali": 0.09384264675396371, "bhutto": 1.0460500083796371, "provinci": 0.26657778628123174, "had": 0.09234496718711602, "repres": 0.19535705105565038, "constitu": 0.7593040189026032, "lost": 0.37102810507883044, "colleagu": 3.412628210130361, "friend": 0.23010600162076517, "said": 0.056089031014309676, "known": 0.5079280568017206, "him": 0.1669979956894675, "day": 0.08893626349867996, "punctual": 3.5954171594137256, "attend": 0.6541090979232896, "parti": 0.16090015341861533, "regular": 0.3527612936851184, "play": 0.19774903348487105, "construct": 0.3345103150929882, "role": 0.2681609929115342, "debaet": 8.407601514786142, "sure": 0.42971455516342705, "miss": 1.1173355768441438, "mem": 1.6276796073138908, "ber": 1.3661898509913324, "field": 0.306833271714412, "senat": 0.4631093508539837, "elsewher": 1.5008467361375895, "equal": 0.27049812514684174, "certain": 0.23177250607154637, "express": 0.32023902100090035, "senti": 4.248718431426471, "ment": 0.6552663514838513, "whole": 0.04425904818816593, "away": 0.14272325198439523, "been": 0.016784199537069333, "hope": 0.5977526129940968, "soul": 5.64734143392517, "peac": 1.1611562127366777, "famili": 0.8343952500057386, "rela": 3.2659379582834833, "tion": 0.6902502426008139, "admir": 1.7167592373675795, "bear": 0.7288125165869894, "calmli": 3.209104483520317, "rememb": 0.2233667406913219, "affection": 4.076868174499812, "way": 0.06702298389219381, "such": 0.03239665885641079, "occas": 0.4517621193160701, "quit": 0.722104315006129, "futil": 2.590490354822939, "make": 0.022893303493923378, "long": 0.043326429794618315, "speech": 0.1128021557935694, "felt": 0.7118435242313819, "aggriev": 4.888044342335394, "end": 0.05481137966151531, "ameen": 3.5023267363477135, "wali": 1.97884138411871, "sir": 0.07645752758297926,