{"thank": 0.21547549009176617, "veri": 0.030129855938922822, "much": 0.029670390703413315, "hous": 0.003572226180709843, "adjourn": 0.17235985577652924, "meet": 0.039084110753448933, "thursday": 1.6836164647152574, "januari": 1.8809072744913908, "pcppi248499n": 8.407601514786142, "a1212001100": 8.407601514786142, "point": 0.1801444797505158, "order": 0.09489712148897667, "law": 0.13065348380310743, "should": 0.030279498947655956, "pass": 0.043093411035553926, "discuss": 0.12714388475818925, "they": 0.019478407172122986, "deaf": 1.6052067514618322, "until": 0.20429748799086053, "arriv": 0.2150310436339692, "speaker": 0.3335715006694987, "taken": 0.016878987423854533, "that": 0.5162707571242545, "off": 0.24166937746455794, "wa": 0.0029053545970517424, "deputi": 1.1520743205782595, "ye": 0.12696599794619773, "wali": 3.95768276823742, "muhammad": 0.27287834791909094, "sahib": 0.3369079658510502, "khan": 0.03433995524088507, "cruel": 1.4265957740644133, "nation": 0.041652837755142794, "assembl": 0.001785515016898104, "peopl": 0.036372246162005836, "see": 0.06717218609246703, "their": 0.015233048550893373, "condit": 0.09964896951512389, "quorum": 1.0267224792220269, "fulfil": 0.20292968583533205, "how": 0.03705390371139045, "can": 0.008066366838138097, "walk": 0.4217768483672256, "okay": 0.560620532647355, "violat": 1.2500581550844536, "constitut": 0.05010770212758062, "right": 0.022112814367333946, "there": 0.010740683679174282, "such": 0.016198329428205396, "all": 0.012536418928881275, "gentlemen": 1.3522189710809174, "side": 0.08983534806679931, "those": 0.01642516395339268, "who": 0.024174667875320525, "are": 0.008044697558074371, "visit": 0.13171584531178648, "here": 0.028062488668700897, "would": 0.008966659494040768, "like": 0.013706539714399169, "say": 0.015971546345251417, "eid": 1.8437459882540155, "mubarak": 2.7835840085988046, "occas": 0.22588105965803504, "again": 0.02508322669650723, "mian": 0.18558507758394688, "zaman": 0.9523030291028526, "ha": 0.004249139793665227, "request": 0.038757409333731126, "pakistan": 0.0011159468855613149, "jan": 1.1179909933349754, "paradis": 1.6437166062237079, "river": 0.7441938498926635, "will": 0.00893655420864976, "enter": 0.37621618416060837, "flow": 0.8696388550179348, "alway": 0.11105499448552816, "them": 0.018834219904215403, "god": 0.6978339772844186, "happi": 0.563349424156514, "group": 0.3329524397194907, "armi": 0.7832274075178114, "listen": 0.16695265141123064, "one": 0.03496604132708106, "leav": 0.10773774504588308, "applic": 0.35032271263161324, "name": 0.03784749121066572, "most": 0.06026053309008602, "graciou": 1.1734243350362945, "merci": 0.8401540698747524, "sy": 0.4772738783138099, "zafar": 2.902320015837075, "ali": 0.12512352900528495, "shah": 0.49642955449452825, "faculti": 2.2961341752834645, "talk": 0.13190579176967285, "packer": 1.680689035879063, "grate": 0.3165864730756116, "gave": 0.11580440973740913, "turn": 0.23741586190650135, "focu": 0.7339133855184131, "agenda": 1.4236870484627637, "chair": 0.003573822706589759, "opposit": 0.2967287938417358, "today": 0.05062417166941412, "item": 0.29576910752924146, "which": 0.0069421396258571326, "concern": 0.04636062514379203, "legisl": 0.30562078293295, "fortun": 0.9804573813775275, "unfortun": 0.2331803621396466, "two": 0.026960641919799612, "islamabad": 0.4976950651689735, "respect": 0.03266337095077686, "member": 0.011638349762466808, "want": 0.018241694879790406, "absenc": 0.47823019531892236, "think": 0.028521625499539915, "appropri": 0.26932887625595775, "parliamentari": 0.117058014013403, "system": 0.09644896678445304, "jaffar": 1.921440725842054, "iqbal": 0.3889760497403942, "debat": 0.026056073835632625, "monday": 1.3011007455082586, "met": 0.0035770214755437148, "hall": 0.43306867065591476, "parliament": 0.14607506638967535, "recit": 0.21116741006987694, "holi": 0.15878404607482133, "quran": 0.1816247754292517, "grand": 1.439692312984259, "translat": 0.17675795058790786, "joe": 1.1207251030354435, "lig": 4.418617468221869, "khadda": 4.038153662319122, "rose": 1.2663563924356518, "did": 0.027144846943376565, "been": 0.011189466358046221, "rais": 0.04565960864119683, "volum": 1.3002454964039278, "napv": 4.6009390250158235, "offici": 0.117058014013403, "report": 0.03937247650986376, "session": 0.0671455018699596, "contain": 0.22588105965803504, "no": 0.7883680985593373, "onder": 3.8226340361155713, "content": 0.37816867420490013, "pagen": 8.407601514786142, "print": 0.8044688949389596, "manag": 0.3819460433054003, "corpor": 0.3723226036414763, "press": 0.15541607878281422, "publish": 0.3830666431804473, "public": 0.028751272991650288, "karachi": 0.06357194237909462, "price": 0.1759593348127325}