{"speaker": 1.2091966899269329, "exercis": 0.5847562245063699, "power": 0.039836836861834625, "confer": 0.43444608134200985, "claus": 2.037937105540358, "articl": 2.4049811625099453, "constitut": 0.8518309361688705, "islam": 0.3928571680928479, "republ": 2.416665831335901, "pakistan": 0.008034817576041468, "vote": 6.458673593446502, "thank": 0.70029534279824, "prime": 1.6199666865660243, "minist": 0.12242242937740012, "they": 0.07142082629778429, "live": 0.07625608994041853, "outsid": 0.15985762756062677, "given": 0.055406980312269614, "veri": 0.12051942375569129, "posit": 0.050811844862929494, "respons": 0.16306481983387106, "about": 0.019151199262631112, "one": 0.026224530995310795, "hundr": 0.15645937569539195, "fifti": 0.4631093508539837, "million": 0.11781093160449888, "dollar": 3.33468556434451, "these": 0.039471053628934216, "day": 0.05336175809920797, "arriv": 0.2150310436339692, "see": 0.06717218609246703, "thing": 0.13434437218493406, "great": 0.06809554714303293, "pleasur": 2.170182161577498, "want": 0.12769186415853284, "move": 0.2593773259797332, "forward": 0.34979100985033484, "faster": 2.372120082261387, "becom": 0.24180847766713554, "infrastructur": 1.1705424886614055, "road": 0.26699447192769327, "field": 0.306833271714412, "market": 0.27813175000191287, "motorway": 1.608545652727347, "gwadar": 1.7406447223569363, "port": 0.6268806286682246, "insid": 0.4799315990795481, "door": 1.4118983042878355, "our": 0.12335885742959252, "labor": 0.8637986472846335, "prosper": 3.7677848186083462, "should": 0.07065216421119723, "knock": 2.136613082927844, "farmer": 0.7041424669189685, "there": 0.021481367358348564, "bad": 0.21281987634278426, "state": 0.018241694879790406, "law": 0.03266337095077686, "order": 0.15816186914829444, "here": 0.056124977337401794, "ha": 0.10622849484163067, "correct": 0.10409671591336027, "job": 0.20210990166590687, "revamp": 3.0894815209419266, "polic": 0.2893944653803608, "small": 0.14917905232726655, "task": 0.5069649017681384, "heavi": 1.4447158136206193, "fulfil": 0.6087890575059962, "favor": 0.7908257060877705, "manner": 0.2743076535635095, "will": 0.0670241565648732, "honestli": 1.1894246763827356, "bring": 0.08060282588904517, "mandat": 5.288639050239031, "nation": 0.12495851326542838, "use": 0.09039079963512903, "last": 0.08418746600610269, "three": 0.11500509196660115, "year": 0.08480245447971582, "wa": 0.05810709194103485, "condit": 0.09964896951512389, "such": 0.048594988284616183, "propagandist": 5.316559061427827, "say": 0.12777237076201134, "probabl": 0.2136484912224006, "number": 0.14539988408454269, "two": 0.10784256767919845, "world": 0.051281548957990586, "which": 0.06247925663271419, "come": 0.0795249202125085, "within": 0.08618682207110785, "corrupt": 0.5077061916464131, "think": 0.05704325099907983, "time": 0.06276661645828538, "work": 0.040578488448851376, "countri": 0.0506369622715636, "honesti": 1.5375481029880174, "faith": 0.7228175712633587, "hope": 0.1494381532485242, "also": 0.07462227623960106, "your": 0.12292076321272485, "support": 0.12381728306455389, "parti": 0.10726676894574355, "those": 0.049275491860178045, "who": 0.04834933575064105, "are": 0.04826818534844623, "leader": 0.2346178471236552, "parliamentari": 0.117058014013403, "same": 0.1484042953395027, "independ": 0.3432795538753403, "gentlemen": 0.6761094855404587, "their": 0.06093219420357349, "confeder": 6.809623382099727, "much": 0.05934078140682663, "sustain": 1.2290560310224432, "wind": 0.5708367315220763, "prorog": 3.0510152401141304, "assembl": 0.005802923804918838, "feb": 10.749669634517522, "herebi": 1.3874108064742179, "prorogu": 4.038080218481027, "conclus": 0.5891712427154866, "it": 0.047234444043610185, "sit": 0.37088500115033624, "februari": 1.8174033386315116, "farooq": 1.5474959102087495, "ahm": 0.5772194180970136, "khan": 0.045786606987846756, "leghari": 3.876702395980741, "presid": 1.069238331381666, "hous": 0.017861130903549214, "honour": 0.36422718742697757, "rule": 0.563737423364853, "privileg": 1.020461756023609, "motion": 0.4762682214889021, "out": 0.07192751594808298, "similar": 1.0528386251180835, "senat": 1.8524374034159348, "learn": 0.8806426716878862, "chairman": 0.21226784762327308, "address": 1.7025590107422741, "after": 0.07380887226920407, "session": 0.8728915243094748, "start": 0.2224616937631034, "may": 0.09277907358125992, "juli": 0.4588630599725327, "issu": 0.140811633092556, "agit": 1.4869300105374597, "through": 0.13619109428606585, "predecessor": 2.0342817252091305, "under": 0.06479331771282158, "seek": 0.7163489153508987, "vole": 9.947228620601994, "confid": 4.9297692224041585, "date": 0.09792461879841625, "enter": 0.37621618416060837, "upon": 0.1874675576342835, "offic": 0.0611966443501873, "provis": 0.4512027569854764, "be": 0.028771006379233192, "distinct": 1.2537677132073002, "can": 0.04839820102882858, "subject": 0.1606434822179659, "violat": 2.083430258474089, "taken": 0.06751594969541813, "place": 0.13087440570005593, "point": 0.4323467514012379, "now": 0.14293872266730193, "announc": 0.21006277506495913, "result": 0.17674315230763427, "mian": 1.1135104655036812, "muhammad": 0.27287834791909094, "nawaz": 2.9294719447531565, "sharif": 3.5277912745113063, "obtain": 1.1275057532673425, "consequ": 0.5290673186457812, "resolut": 0.9960566343432697, "been": 0.044757865432184886, "pass": 0.043093411035553926, "invit": 0.8681833961410823, "speak": 0.2410767219850537, "floor": 0.331796710112649, "wish": 0.8259594813735381, "anyh": 3.8226340361155713, "bismillah": 0.5980601901327327, "rehman": 0.4055766965700332, "rahim": 0.4069167302713945, "almighti": 1.0725806229254735, "onc": 0.24468076143438947, "again": 0.05016645339301446, "asceain": 3.918965145054003, "got": 0.513646950364557, "today": 0.1771846008429494, "allah": 0.7251821070825397, "take": 0.06993208265416212, "five": 0.14750884726454155, "founder": 3.4762068498565277, "go": 0.12718404110336173, "inshaallah": 3.298403732726042, "member": 0.08146844833726766, "some": 0.04285717161661925, "where": 0.02737417844306307, "left": 0.11305199964246423, "seat": 0.42585404761743995, "sure": 0.42971455516342705, "succeed": 0.7622038153575095, "electr": 0.39392737195345817, "respect": 0.09799011285233057, "deepli": 1.640258389520751, "everyon": 0.2702056847294921, "repos": 5.96530299460948, "thought": 0.22532177552712532, "gave": 0.11580440973740913, "good": 0.10491218604976142, "assur": 0.34979100985033484, "them": 0.028251329856323105, "shall": 0.7273228617496391, "give": 0.057542012758466383, "relat": 0.05882697499486884, "rais": 0.18263843456478732, "nave": 9.74316488842965, "qamar": 8.340702520401926, "sahib": 0.6738159317021004, "subsequ": 1.571833032123064, "item": 0.4436536612938622, "procedur": 0.6837496786947763, "cast": 3.0545582631344548, "would": 0.05379995696424461, "follow": 0.0819973640048134, "sorri": 0.21088910757307266, "back": 0.10236468529355097, "make": 0.045786606987846756, "oath": 4.274853523789055, "sign": 0.5901475026150113, "roll": 0.8620122109391328, "could": 0.03589663011851132, "pleas": 0.3589663011851132, "rise": 0.32922341115962406, "made": 0.08961380108780678, "atta": 1.8855087166159907, "qureshi": 0.7937828299775143, "sardar": 0.1533327446959599, "yaqoob": 2.311776952353918, "nasir": 2.00664479349775, "allow": 0.1482156148455618, "proceed": 0.469744819841342, "how": 0.03705390371139045, "deni": 0.47955591391136615, "tahmeena": 6.798163602352043, "bibi": 1.6730098548131949, "carri": 0.4439452472770715, "function": 0.3553050152474965, "down": 0.717618158461212, "request": 0.11627222800119338, "process": 0.5953352768611276, "alreadi": 0.05811716779601484, "describ": 0.666937112868902, "yesterday": 0.21863465113726777, "interrupt": 0.186391420861073, "sy": 1.1931846957845247, "ghau": 1.6506691255385897, "ali": 0.09384264675396371, "shah": 0.6205369431181603, "pray": 0.585557506600524, "him": 0.1669979956894675, "riot": 1.620884564181062, "karachi": 0.12714388475818925, "kathah": 7.308989226118033,