{"financ": 3.6473238136895034, "revis": 7.567765337564417, "bill": 3.5795540873535745, "speaker": 2.1682147543517414, "will": 0.05361932525189856, "now": 0.05497643179511612, "put": 0.14914207692266243, "claus": 7.336573579945289, "preambl": 2.757027901272962, "titl": 1.5954786277451776, "question": 0.6809554714303292, "form": 0.7673593152612144, "part": 0.3022748374161016, "motion": 1.7860058305833828, "wa": 0.08425528331450054, "adopt": 0.8934718598729797, "ehsanulhaqu": 15.428908668452396, "piracha": 20.785745093579123, "sir": 0.30583011033191704, "beg": 1.0147055311131266, "move": 0.44464684453668546, "give": 0.15824053508578256, "effect": 0.9024354627066606, "financi": 1.4893606680643017, "propos": 0.6558652825611646, "feder": 1.507493471020614, "govern": 0.2944453464313651, "year": 0.2968085906790054, "begin": 1.321813467785976, "first": 0.16622094093680884, "day": 0.12451076889815194, "juli": 2.753178359835196, "amend": 2.17217594354867, "certain": 1.1588625303577318, "law": 0.19598022570466114, "pass": 0.21546705517776962, "bill1988": 8.407601514786142, "sinc": 0.11394206351112404, "there": 0.0644441020750457, "busi": 0.45359250473066115, "befor": 0.056089031014309676, "hous": 0.015181961268016832, "adjourn": 0.17235985577652924, "meet": 0.07816822150689787, "tomorrow": 0.274152839462145, "ten": 0.18995097822235982, "clock": 0.660929752495378, "morn": 0.40312750401465736, "tuesday": 0.8223204361470174, "decemb": 5.2117087014950885, "pcppi157189na71291400": 8.407601514786142, "ehsanul": 23.218159830830242, "haqu": 3.9525408657053287, "word": 0.30598786693241686, "six": 0.21513960601313567, "occur": 1.4096092185781033, "last": 0.14031244334350448, "line": 0.31083215756562843, "seven": 0.4680520563039798, "substitut": 2.3511823662427696, "ha": 0.08498279587330454, "schedul": 1.0894389602893055, "nation": 0.08330567551028559, "assembl": 0.002455083148234893, "pakistan": 0.003347840656683945, "amand": 3.5120592823928316, "minut": 0.4193597363283758, "who": 0.03626200181298079, "were": 0.036767437439490194, "male": 1.320863580275566, "ahmad": 0.47242405983444785, "saeed": 8.68070826393865, "awan": 9.699313556859474, "begum": 4.370077753489232, "rihanna": 6.875576430420285, "sarwar": 10.10426131657529, "clau": 4.261916050888997, "withdrawn": 1.287460453931842, "what": 0.04655440323824992, "allow": 0.11116171113417136, "them": 0.04708554976053851, "withdraw": 1.1228024967182457, "ye": 0.12696599794619773, "moziz": 6.798163602352043, "member": 0.023276699524933615, "present": 0.031943092690502835, "kalna": 13.672361739228254, "declar": 0.22812132942725155, "delay": 0.34927420820518523, "been": 0.03916313225316177, "approv": 1.5388543502608902, "speak": 0.08035890732835123, "ammunit": 3.1971244174863274, "pracha": 14.273209649322629, "spell": 2.462180906179568, "dec": 7.759611154727158, "they": 0.11037764064203026, "can": 0.02419910051441429, "old": 0.6604334463940698, "system": 1.0609386346289835, "negoti": 1.443796907103191, "commun": 1.2784382511009145, "obstruct": 1.5930586175261847, "moment": 0.17755720466002775, "current": 0.5391020445429681, "after": 0.07380887226920407, "assur": 1.5740595443265069, "are": 0.04826818534844623, "readi": 0.5503140064448455, "your": 0.07024043612155706, "return": 0.19097302165270014, "modif": 1.7835362869862494, "rehana": 11.860735217057398, "time": 0.035866637976163074, "plate": 1.7368351939402689, "should": 0.14130432842239446, "set": 0.13811326959512835, "two": 0.013480320959899806, "three": 0.11500509196660115, "mat": 2.451764145321312, "tell": 0.0576442427458194, "someth": 0.24906800894787726, "within": 0.043093411035553926, "month": 0.0569352742652194, "becaus": 0.040578488448851376, "budget": 0.8229229606905285, "new": 0.07457103846133122, "fiscal": 1.1173086323395462, "also": 0.06633091221297872, "left": 0.22610399928492847, "too": 0.15058632513405007, "short": 0.3684852306137691, "way": 0.08936397852292509, "want": 0.07296677951916163, "improv": 0.15698143261145142, "peopl": 0.036372246162005836, "welfar": 0.4784750274793435, "class": 0.9515976545784675, "one": 0.01748302066354053, "especi": 0.18209841721922534, "those": 0.03285032790678536, "small": 0.2983581046545331, "businessmen": 6.474519087175891, "say": 0.07985773172625708, "veri": 0.04519478390838423, "suller": 7.308989226118033, "know": 0.1794018131310276, "revenu": 0.4663059438796111, "tax": 6.154224977704454, "collect": 0.38032595411191145, "countri": 0.0506369622715636, "chain": 1.4321875873301912, "holi": 0.15878404607482133, "timelet": 7.021307153666252, "given": 0.055406980312269614, "sher": 5.424135605986757, "afgan": 19.88504117130637, "khan": 0.14880647271050196, "niazi": 12.50252274155666, "point": 0.10808668785030948, "astor": 4.2029088953951765, "order": 0.042176498439545185, "advisor": 1.3618249379066314, "implement": 0.2880221643376476, "committe": 0.5614522929874431, "our": 0.08223923828639501, "neither": 0.2696210603340043, "nor": 0.24821477724726412, "categor": 1.1498938376261003, "statement": 0.25343588159522473, "come": 0.0795249202125085, "here": 0.056124977337401794, "unless": 0.17622546921217408, "solv": 1.0402372855554796, "ani": 0.022893303493923378, "problem": 0.3226182180838045, "make": 0.03433995524088507, "employ": 0.34832529148049424, "then": 0.08254896033970507, "dear": 0.3373206213922435, "minist": 0.09417109952107702, "implant": 3.307735086961945, "kati": 2.8702672477676066, "rail": 1.6231444521484995, "process": 0.23813411074445104, "otherwis": 0.1714458531030179, "packer": 0.5602296786263543, "haq": 5.602296786263543, "paracha": 15.322893438125375, "which": 0.02776855850342853, "be": 0.057542012758466383, "fulli": 0.7558567332604256, "awar": 0.21088910757307266, "difficulti": 1.2346190633712126, "industri": 3.1988334468937754, "late": 0.36683252041856385, "trader": 4.263105166139148, "aros": 1.7254929173363343, "incom": 4.782849956596951, "when": 0.021539360082179083, "these": 0.039471053628934216, "done": 0.05888106413092595, "strike": 3.2217753573853773, "still": 0.0936564852824143, "happi": 0.281674712078257, "peac": 0.2902890531841694, "dent": 1.860816104025619, "increas": 0.19289793356890608, "their": 0.06093219420357349, "review": 0.4313495710405198, "cherri": 3.864306732516139, "commerc": 1.3583714698902023, "includ": 0.20215258151732454, "repres": 0.48839262763912594, "all": 0.03760925678664383, "chamber": 0.7067932354434723, "result": 0.08837157615381713, "appoint": 0.710228818640111, "it": 0.03148962936240679, "ministri": 0.1018703699102775, "therefor": 0.12571752073719433, "divis": 0.21171612347134666, "men": 0.24337586252031596, "addit": 0.2654693882017788, "secretari": 0.13400971658651162, "agar": 3.8858129377371027, "plang": 3.4308677723655685, "held": 0.12841173759113925, "total": 0.1370764197310725, "reduc": 0.22672057278975333, "use": 0.03013026654504301, "steal": 1.7305180535390072, "door": 1.4118983042878355, "close": 0.1258775243747522, "theft": 1.2514248773055276, "receiv": 0.06333415852349787, "due": 0.053633384472871776, "factor": 0.7023390399198178, "nuni": 5.922694864998142, "case": 0.0308204770866506, "even": 0.04285717161661925, "reach": 0.14866105179768335, "decis": 0.13620122356039596, "convers": 0.75838519496551, "report": 0.03937247650986376, "index": 1.7808837655371184, "do": 0.07025295028896769, "hinder": 2.177120067207661, "path": 0.5732092118757066, "honor": 0.5539070932511181, "consid": 0.14118640024584705, "interest": 0.07529316256702503, "chariti": 1.8353189720921355, "concern": 0.1390818754313761, "express": 0.16011951050045017, "would": 0.06276661645828538, "like": 0.054826158857596674, "request": 0.13565093266805894, "emphas": 1.1491893641908366, "ammunct": 5.229547684438198, "open": 0.14770101566512647, "speech": 0.2256043115871388, "refer": 0.09448481196688957, "panel": 2.8907161010398723, "introduc": 0.2974747128450438, "caretak": 2.0958667056332287, "ment": 0.6552663514838513, "onli": 0.029676803496165104, "lead": 1.1857556263750464, "evas": 2.4569589621984163,