{"point": 0.0900722398752579, "order": 0.05272062304943148, "exercis": 0.5847562245063699, "power": 0.039836836861834625, "confer": 0.43444608134200985, "claus": 0.4075874211080716, "articl": 0.21863465113726777, "constitut": 0.05010770212758062, "islam": 0.13095238936428263, "republ": 0.6041664578339753, "pakistan": 0.0013391362626735779, "herebi": 1.3874108064742179, "prorogu": 4.038080218481027, "nation": 0.041652837755142794, "assembl": 0.0015623256397858409, "conclus": 0.5891712427154866, "it": 0.015744814681203395, "sit": 0.04636062514379203, "april": 2.02637785117489, "wa": 0.008716063791155228, "pcppi225189": 8.407601514786142, "na8492400": 8.407601514786142, "speaker": 0.3335715006694987, "khawaja": 1.772567069173806, "ahmad": 0.18896962393377914, "tariq": 1.6784444938992413, "raheem": 6.198667634769876, "minist": 0.018834219904215403, "parliamentari": 0.117058014013403, "affair": 0.07385050783256324, "sir": 0.030583011033191703, "beg": 0.25367638277828164, "move": 0.03705390371139045, "under": 0.016198329428205396, "rule": 0.05934078140682663, "procedur": 0.09767852552782519, "conduct": 0.16932889015311378, "busi": 0.056699063091332644, "hous": 0.0044652827258873035, "reassembl": 0.9686299223902812, "after": 0.010544124609886296, "minut": 0.31451980224628184, "chair": 0.003573822706589759, "bajnab": 3.864306732516139, "omar": 3.6215298655235575, "hayat": 2.2115189777863513, "lalika": 6.855326115815272, "one": 0.008741510331770265, "quorum": 5.133612396110134, "fulfil": 0.4058593716706641, "what": 0.015518134412749974, "will": 0.00446827710432488, "here": 0.028062488668700897, "are": 0.008044697558074371, "such": 0.016198329428205396, "number": 0.0484666280281809, "absent": 1.4800436085078263, "there": 0.005370341839587141, "herd": 2.40866495283946, "mahbran": 7.308989226118033, "just": 0.03589663011851132, "look": 0.05481137966151531, "posit": 0.050811844862929494, "count": 1.1607212260666633, "made": 0.038405914751917195, "rang": 1.0957153507089783, "ordinari": 0.6556961817075333, "fifteen": 0.3736187801029229, "adjourn": 0.08617992788826462, "princ": 4.475634198464487, "salahuddin": 3.6598330520135622, "speak": 0.08035890732835123, "full": 0.11355187468411533, "miraj": 2.4569589621984163, "khalid": 0.8532666910603954, "debat": 0.026056073835632625, "saturday": 2.9097457403225495, "met": 0.0035770214755437148, "parliament": 0.14607506638967535, "islamabad": 0.331796710112649, "four": 0.053162574671331446, "clock": 0.330464876247689, "afternoon": 1.180665496292854, "recit": 0.21116741006987694, "holi": 0.15878404607482133, "quran": 0.27243716314387756, "name": 0.01892374560533286, "allah": 0.18129552677063493, "most": 0.06026053309008602, "graciou": 1.1734243350362945, "merci": 0.8401540698747524, "translat": 0.17675795058790786, "day": 0.01778725269973599, "wrap": 4.089146822491356, "sky": 1.3820632001476225, "angel": 1.745746774240832, "deed": 1.3108801362913827, "they": 0.006492802390707662, "again": 0.02508322669650723, "befor": 0.01869634367143656, "promis": 0.30380480180435027, "must": 0.05882697499486884, "inde": 1.493090264848627, "wrote": 0.6969481912849415, "psalm": 4.941865611986416, "heir": 1.870909917194838, "earth": 1.036112219571866, "would": 0.008966659494040768, "good": 0.026228046512440355, "servant": 0.3853605979796061, "suffici": 0.5147759885350253, "worship": 1.575647949220288, "did": 0.027144846943376565, "send": 0.19503311655199854, "all": 0.006268209464440637, "say": 0.015971546345251417, "revel": 2.272036623704404, "your": 0.017560109030389265, "god": 0.2326113257614729, "muslim": 0.1411800418015894, "volum": 1.3002454964039278, "nap": 1.9876065866390005, "ii789": 8.407601514786142, "offici": 0.117058014013403, "report": 0.03937247650986376, "session": 0.0671455018699596, "contain": 0.22588105965803504, "no": 0.7883680985593373, "content": 0.37816867420490013, "page": 0.35657930659546483, "print": 0.8044688949389596, "manag": 0.3819460433054003, "corpor": 0.3723226036414763, "press": 0.15541607878281422, "publish": 0.3830666431804473, "public": 0.028751272991650288, "karachi": 0.06357194237909462, "price": 0.1759593348127325}