{"call": 0.10283608136882251, "attent": 0.29540203133025295, "notic": 0.15347580312279815, "telecast": 5.082266915705692, "cricket": 5.3625849247673605, "match": 3.7754097486862097, "instead": 0.266489016059703, "news": 0.7349537006755256, "ptv": 5.643319965646059, "khabarnama": 8.528933576789221, "speaker": 0.4169643758368734, "jave": 1.4337167024885424, "ibrahim": 3.142684475018152, "piracha": 2.3095272326199026, "sahib": 0.11230265528368341, "minist": 0.018834219904215403, "inform": 0.1247671762194318, "pleas": 0.07179326023702264, "resum": 1.7044391410917399, "your": 0.07024043612155706, "seat": 1.1356107936465065, "request": 0.09689352333432781, "member": 0.023276699524933615, "their": 0.02284957282634006, "now": 0.010995286359023224, "ha": 0.03399311834932182, "made": 0.012801971583972397, "happi": 0.563349424156514, "occupi": 0.5132834509445192, "would": 0.008966659494040768, "suggest": 0.12917325558707207, "know": 0.0299003021885046, "rule": 0.05934078140682663, "clearli": 0.4358253919055153, "state": 0.018241694879790406, "shall": 0.18183071543740978, "sit": 0.04636062514379203, "such": 0.016198329428205396, "order": 0.010544124609886296, "may": 0.03976246010625425, "determin": 0.31934678766371205, "alreadi": 0.05811716779601484, "been": 0.005594733179023111, "alloc": 0.4177021398432036, "befor": 0.01869634367143656, "further": 0.07939202303741066, "let": 0.04449233875262068, "say": 0.015971546345251417, "someth": 0.08302266964929242, "yesterday": 0.21863465113726777, "there": 0.005370341839587141, "wa": 0.02324283677641394, "much": 0.029670390703413315, "chao": 1.6288166171009661, "hous": 0.003572226180709843, "pure": 0.8132202722343262, "becaus": 0.020289244224425688, "they": 0.019478407172122986, "want": 0.018241694879790406, "discuss": 0.06357194237909462, "import": 0.062234475293726776, "issu": 0.035202908273139, "like": 0.013706539714399169, "cyclon": 2.824105206004444, "victim": 0.7512643483559601, "sindh": 0.41736332906577994, "agre": 0.09694060887891849, "situat": 0.059537286377877044, "today": 0.02531208583470706, "indic": 0.4177021398432036, "interest": 0.07529316256702503, "particular": 0.21226784762327308, "subject": 0.1606434822179659, "voic": 0.3572170617191219, "adjourn": 0.17235985577652924, "meet": 0.026056073835632625, "again": 0.05016645339301446, "friday": 1.4855714590008158, "june": 2.0729035921884265, "morn": 0.20156375200732868, "ten": 0.09497548911117991, "clock": 0.660929752495378, "pcppi332000na23012001100": 8.407601514786142, "institut": 0.09644896678445304, "prate": 6.105016421792097, "develop": 0.07625608994041853, "will": 0.00223413855216244, "bring": 0.04030141294452259, "public": 0.057502545983300575, "deep": 1.0538791843865116, "concern": 0.04636062514379203, "immedi": 0.1263838534994936, "which": 0.013884279251714265, "relat": 0.05882697499486884, "show": 0.07963365648065471, "newslett": 3.5954171594137256, "result": 0.08837157615381713, "pakistan": 0.000892757508449052, "district": 0.18370613460732224, "were": 0.009191859359872549, "depriv": 0.5298251815088831, "where": 0.02737417844306307, "broadcast": 0.8846605967137725, "are": 0.0026815658526914573, "visibl": 1.2176793440403353, "leav": 0.9157708328900063, "applic": 0.17516135631580662, "mohtarma": 2.237990782294687, "benzair": 6.328159973106307, "mna": 1.882706672727624, "grant": 1.3182619190330627, "whole": 0.1327771445644978, "session": 0.2014365056098788, "begum": 0.546259719186154, "nusrat": 1.8325256741865226, "butto": 5.517229756889979, "sy": 0.11931846957845248, "shahid": 0.9254825912340275, "mehdi": 1.9476970604086083, "naseem": 1.6682648874289692, "arbab": 1.4664114597177684, "saudullah": 7.308989226118033, "khan": 0.022893303493923378, "requestec": 6.798163602352043, "nawab": 0.7650773805532411, "muhammad": 0.05457566958381819, "akbar": 0.7251190682516377, "bughti": 4.090113401249833, "nation": 0.02776855850342853, "assembl": 0.0011159468855613149, "god": 0.3489169886422093, "purchas": 0.4838911808169055, "live": 0.07625608994041853, "wealth": 0.8459597691973634, "believ": 0.09964896951512389, "return": 0.19097302165270014, "prepar": 0.15854924061485107, "paradis": 1.6437166062237079, "them": 0.009417109952107702, "these": 0.009867763407233554, "peopl": 0.012124082054001945, "fight": 0.3959147856582964, "way": 0.022340994630731272, "also": 0.00829136402662234, "kill": 0.6534901902903141, "true": 0.22113708536405283, "promis": 0.6076096036087005, "night": 0.39359652000668505, "gospel": 3.6035804700528864, "quran": 0.1816247754292517, "must": 0.05882697499486884, "fulfil": 0.20292968583533205, "who": 0.006043666968830131, "can": 0.008066366838138097, "more": 0.01869634367143656, "than": 0.02737417844306307, "bargain": 1.6495070103584122, "done": 0.029440532065462974, "him": 0.027832999281577914, "great": 0.03404777357151646, "success": 0.3932657774867194, "combin": 1.079164161890981, "occus": 6.46169136573083, "occur": 0.46986973952603445, "allot": 0.7132087121567217, "treasuri": 0.5144026452415343, "bench": 0.4437935615546922, "absenc": 0.23911509765946118, "ellahi": 2.636160391656127, "bakhsh": 1.0615913048728507, "soomro": 1.3267336180953613, "chair": 0.0017869113532948794, "debat": 0.013028036917816312, "tuesday": 0.8223204361470174, "met": 0.0035770214755437148, "hall": 0.43306867065591476, "parliament": 0.14607506638967535, "islamabad": 0.1658983550563245, "recit": 0.10558370503493847, "holi": 0.07939202303741066, "surat": 2.2255166080695115}