{"statement": 3.37914508793633, "bhutto": 6.799325054467642, "joint": 5.706165586158802, "communiqu": 63.675758479318866, "veri": 0.07532463984730706, "fact": 0.18642759615332805, "govern": 0.2560394316794479, "ha": 0.1104776346352959, "propos": 0.5465544021343038, "india": 3.6526807174311844, "acced": 2.372120082261387, "ministeri": 5.0047946622869075, "discuss": 1.2714388475818925, "evid": 0.48534045643289586, "mind": 0.1473672231788459, "both": 0.2580945744670436, "parti": 0.32180030683723065, "are": 0.05094975120113769, "mould": 3.0943955357443556, "crystalis": 5.922694864998142, "certain": 1.3906350364292783, "form": 0.05481137966151531, "action": 0.1157613546273088, "concret": 1.31585939969099, "basi": 0.19831198880076611, "demonstr": 1.018655417167706, "our": 0.23301117514478586, "cautious": 7.584961995889767, "unless": 0.17622546921217408, "fortifi": 4.063796092932459, "there": 0.07518478575421997, "chang": 0.5913503903888577, "heart": 0.31352836671679074, "sincer": 0.8532666910603954, "approach": 1.6480419978003416, "summit": 6.621277022230359, "confer": 0.8688921626840197, "obvious": 0.5747939982612781, "will": 0.02904380117811172, "take": 0.06993208265416212, "place": 0.11217806202861935, "import": 0.0829793003916357, "condi": 2.5934709829610765, "tion": 1.3805004852016278, "preced": 2.567667898304497, "meet": 0.026056073835632625, "should": 0.09083849684296787, "mini": 1.0242333677937598, "terial": 4.456357796204716, "negoti": 5.053289174861169, "now": 0.06597171815413935, "sir": 0.5352026930808548, "would": 0.12553323291657076, "like": 0.08223923828639501, "again": 0.05016645339301446, "assur": 0.34979100985033484, "hous": 0.02411252671979144, "these": 0.059206580443401324, "present": 0.09582927807150851, "develop": 1.143841349106278, "which": 0.15966921139471404, "culmin": 3.1981153619447222, "ani": 0.09157321397569351, "way": 0.08936397852292509, "prejudic": 3.0750962059760347, "jeopardis": 6.3962307238894445, "relat": 0.35296184996921304, "other": 0.09436224671929865, "state": 0.12769186415853284, "what": 0.17069947854024972, "pakistan": 0.005133355673582049, "agre": 0.48470304439459244, "peac": 0.8708671595525083, "settlement": 4.926139068996595, "thier": 4.1734950101888835, "outstand": 2.6134992116841858, "disput": 2.1629405395245698, "exactli": 0.4075874211080716, "peopl": 0.07274449232401167, "republ": 0.6041664578339753, "china": 1.1456268147958977, "also": 0.0414568201331117, "between": 0.5981531120126832, "settl": 0.527553313814566, "manner": 0.548615307127019, "through": 0.10214332071454939, "show": 0.07963365648065471, "endang": 2.608508860325617, "countri": 0.15191088681469078, "cularli": 3.1764928979315563, "immedi": 0.6319192674974681, "neighbour": 3.0117286162591377, "thank": 0.05386887252294154, "have": 0.22672057278975333, "given": 0.07387597374969282, "opportun": 0.09644896678445304, "address": 0.21281987634278426, "grate": 0.3165864730756116, "speaker": 0.4169643758368734, "farid": 7.722942854361931, "ahmad": 0.47242405983444785, "east": 0.9605543089526983, "dont": 0.17118098752075178, "think": 0.05704325099907983, "ment": 4.586864460386959, "made": 0.16642563059164117, "honour": 0.6373975779972108, "minist": 0.20717641894636943, "done": 0.05888106413092595, "anyth": 0.11856441650765959, "clear": 0.4357670041479219, "confus": 2.692170681725548, "proceed": 0.469744819841342, "fashion": 1.7612109999384136, "continu": 0.10303296752932557, "further": 0.15878404607482133, "befor": 0.03739268734287312, "beg": 0.25367638277828164, "submit": 0.10856433317307636, "wors": 1.0039312247737695, "con": 1.7138805433616149, "found": 0.09276933550158675, "situat": 0.5358355774008934, "met": 0.0071540429510874295, "last": 0.056124977337401794, "morn": 2.8218925281026017, "find": 0.09276933550158675, "ourselv": 0.5324822337458502, "been": 0.12867886311753154, "differ": 0.15841851892812953, "matter": 0.19804421513304318, "make": 0.057233258734808445, "issu": 0.49284071582394606, "prime": 1.6199666865660243, "presid": 0.6237223599726386, "after": 0.05272062304943148, "had": 0.12928295406196244, "kind": 0.17381988747538846, "enough": 0.2385483648588005, "adjourn": 0.9479792067709107, "came": 0.0645236436167609, "know": 0.1196012087540184, "late": 0.36683252041856385, "well": 0.025998977676253796, "about": 0.07660479705052445, "indian": 3.401370378220462, "lok": 21.22081253598767, "sabha": 22.569337450832865, "respons": 0.040766204958467764, "queri": 2.541133457852846, "one": 0.03496604132708106, "nehru": 39.14553880260591, "report": 0.3543522885887738, "categor": 1.1498938376261003, "noth": 0.11155387202144224, "shall": 0.18183071543740978, "alter": 1.7901985368116657, "arrang": 0.39441051936273736, "accord": 0.07828075434060985, "newspap": 0.23883169111087296, "call": 0.068557387579215, "mohammad": 0.4282916343456249, "yusuf": 2.0311398945431036, "khattak": 2.28434358306438, "west": 1.284787858571447, "point": 0.05404334392515474, "order": 0.05272062304943148, "their": 0.030466097101786747, "specif": 0.26932887625595775, "forthcom": 4.484367321109446, "go": 0.0847893607355745, "criticis": 1.6052067514618322, "such": 0.06479331771282158, "refer": 0.18896962393377914, "might": 2.449466343135882, "directli": 0.5767785196508272, "concern": 0.2781637508627522, "boil": 2.858525429890923, "down": 0.06523801440556473, "whether": 0.12788260904224996, "stand": 0.16975218439975132, "daybeforeyesterday": 4.669931896502774, "subject": 0.3212869644359318, "pandit": 9.11089045997544, "told": 0.10583175166897728, "coun": 1.840929084982902, "trymen": 7.308989226118033, "world": 0.10256309791598117, "upset": 0.8728388577486057, "speech": 0.1128021557935694, "correct": 0.20819343182672054, "member": 0.04655339904986723, "nation": 0.09718995476199986, "assembl": 0.0026782725253471557, "decemb": 2.405404016074656, "zulfikar": 24.244818383490966, "ali": 0.28152794026189115, "view": 0.3285727263497767, "event": 3.6141060243342062, "sinc": 0.11394206351112404, "sign": 0.5901475026150113, "com": 3.2710400104139428, "muniqu": 17.098653941051797, "hope": 0.2988763064970484, "pleas": 0.07179326023702264, "wonder": 0.9339644062899368, "disappoint": 2.6201053283427007, "duncan": 26.14773842219099, "sandi": 32.93713658910202, "read": 0.9237802558885784, "follow": 0.0819973640048134, "when": 0.06461808024653726, "ask": 0.06994354912251659, "comment": 0.6682423120970448, "harriman": 17.305632555512652, "said": 0.11217806202861935, "correctli": 1.2139156963910314, "repres": 0.19535705105565038, "posit": 0.15243553458878847, "never": 0.1327346941008894, "question": 0.10214332071454939, "precondit": 8.00176453504378, "restrict": 0.4451858346650791, "scope": 1.4668971870089358, "talk": 0.19785868765450926, "two": 0.026960641919799612, "initi": 0.7208239052312824, "indic": 2.9239149789024252, "yesterday": 1.3118079068236066, "problem": 0.3871418617005654, "kashmir": 2.0480109840320644, "complic": 1.3811747060865074, "difficult": 0.23543706267423922, "sure": 0.5729527402179028, "goodwil": 1.8339213478254974, "side": 0.2695060442003979, "possibl": 0.8129137370841732, "work": 0.040578488448851376, "out": 0.11508402551693277, "equit": 8.398012293106449, "solut": 2.02637785117489, "essenti": 0.5447194801446528, "fundament": 1.630470772532694, "put": 0.03728551923066561, "signatur": 1.7769181291437715, "public": 0.057502545983300575, "document": 1.242099416714863, "whole": 0.1327771445644978, "wit": 0.7104801975035177, "absolut": 0.28790526182889314, "fulcrum": 6.46169136573083, "crux": 3.2956137264296, "elucid": 2.874212026058623, "here": 0.08418746600610269, "sudden": 2.0411310670547054, "dramat": 8.297083331544087, "polici": 0.17138709311143782, "can": 0.016132733676276195, "suddenli": 1.4238115495280084, "admit": 0.8469591121664319, "foreign": 0.10906196941126327, "deal": 0.1432381850544757, "opinion": 0.3792466232708217, "how": 0.03705390371139045, "strong": 0.9598329383407299, "feel": 0.293183457524631, "therefor": 0.12571752073719433, "beseech": 3.7536411646286196,