{"nation": 0.05553711700685706, "assembl": 0.0022318937711226297, "pakistan": 0.002008704394010367, "speaker": 0.4586608134205607, "ani": 0.011446651746961689, "other": 0.04044096287969942, "honour": 0.18211359371348879, "member": 0.04655339904986723, "ist": 3.9882851152375722, "june": 1.7274196601570218, "would": 0.035866637976163074, "also": 0.024874092079867023, "like": 0.054826158857596674, "associ": 0.3553050152474965, "irrepar": 2.935330841114668, "loss": 0.7610291483348449, "wa": 0.031958900567569164, "untim": 7.728613465032278, "when": 0.03230904012326863, "heard": 0.19693348362316646, "last": 0.056124977337401794, "night": 0.7871930400133701, "could": 0.03589663011851132, "believ": 0.19929793903024778, "ironi": 2.6024665458696545, "fate": 1.0963831303665148, "morn": 0.20156375200732868, "time": 0.07173327595232615, "articl": 0.21863465113726777, "deceas": 4.038080218481027, "appear": 0.2914830831767771, "anyhow": 2.336863786783653, "accept": 0.10806694445354559, "these": 0.009867763407233554, "remark": 0.6218806182515187, "put": 0.03728551923066561, "resolut": 2.656151024915386, "hous": 0.009823621996952067, "unanim": 0.6673719900229615, "pass": 0.043093411035553926, "let": 0.04449233875262068, "copi": 0.4835291898627265, "sent": 0.1118034041499985, "bereav": 6.208593213454135, "famili": 0.8343952500057386, "place": 0.03739268734287312, "record": 0.2558087618170317, "agre": 0.2908218266367555, "deputi": 0.4937461373906827, "leader": 0.7038535413709656, "busi": 0.056699063091332644, "should": 0.030279498947655956, "transact": 1.31585939969099, "adjourn": 0.25853978366479385, "meet": 0.026056073835632625, "tomorrow": 0.1370764197310725, "thank": 0.05386887252294154, "veri": 0.04519478390838423, "much": 0.05934078140682663, "half": 0.20077777631566882, "past": 0.16604533929858484, "five": 0.09833923150969437, "clock": 0.660929752495378, "afternoon": 2.361330992585708, "wednesday": 0.9476867485450381, "commun": 0.7305361434862369, "andrew": 32.05272082807934, "expir": 1.4054455603825218, "peshawar": 1.6667442067792715, "even": 0.021428585808309624, "due": 0.053633384472871776, "heart": 0.31352836671679074, "failur": 0.7761698502092377, "age": 0.43928201477342615, "year": 0.04240122723985791, "outstand": 1.3067496058420929, "lawyer": 0.8522195705458699, "social": 0.414656967468037, "worker": 0.7984718889464464, "sever": 0.2875067668344733, "societi": 0.38045140795336785, "committe": 0.1247671762194318, "work": 0.06086773267327707, "welfar": 1.4354250824380306, "minor": 3.689445489894384, "board": 0.498170539958622, "governor": 0.6218806182515187, "edward": 3.587319949181106, "colleg": 0.4032359498065694, "vice": 1.2671484716849846, "chairman": 0.21226784762327308, "church": 2.3508175015575183, "sudden": 2.0411310670547054, "prematur": 2.1653782493309777, "death": 1.46910278537468, "august": 0.4941665346172759, "been": 0.022378932716092443, "maki": 4.248718431426471, "valuabl": 2.830994730951654, "contribut": 0.586359431262585, "peopl": 0.012124082054001945, "inde": 0.7465451324243135, "matter": 0.028292030733291885, "great": 0.03404777357151646, "distress": 1.831131945737919, "shock": 1.3927871635105984, "all": 0.012536418928881275, "our": 0.12335885742959252, "deep": 2.1077583687730232, "sens": 0.3101752161889297, "sorrow": 4.13801487316592, "grief": 3.494052729892914, "resolv": 0.38175817063523954, "heartfelt": 2.4211495095017055, "condol": 7.196364988030645, "convey": 0.7339133855184131, "may": 0.0795249202125085, "god": 0.11630566288073645, "almighti": 0.5362903114627368, "give": 0.014385503189616596, "them": 0.028251329856323105, "forebear": 6.210376937449924, "patienc": 0.9680422056528235, "bear": 0.7288125165869894, "fortitud": 4.2804671297410515, "depart": 0.3004317181114137, "soul": 2.823670716962585, "rest": 0.11255237435103191, "peac": 0.2902890531841694, "want": 0.03648338975958081, "add": 0.3972419258663588, "someth": 0.24906800894787726, "more": 0.01869634367143656, "say": 0.047914639035754256, "sheikh": 2.141388799895067, "muhammad": 0.16372700875145457, "rashid": 1.6341584404339584, "onli": 0.029676803496165104, "suggest": 0.5166930223482883, "mark": 0.7141198739509675, "respect": 0.06532674190155371, "request": 0.019378704666865563, "move": 0.11116171113417136, "ye": 0.12696599794619773, "after": 0.010544124609886296, "have": 0.22672057278975333, "two": 0.013480320959899806, "three": 0.028751272991650288, "speech": 0.2256043115871388, "who": 0.018131000906490394, "wart": 5.075397004610939, "ministerincharg": 1.9260243855097121, "minorti": 6.46169136573083, "affair": 0.3692525391628162, "foreign": 0.10906196941126327, "maulana": 0.6374654512483051, "kausar": 2.403714447679604, "niazi": 1.136592976505151, "minist": 0.018834219904215403, "religi": 0.5381998022090537, "fact": 0.03728551923066561, "sad": 1.049818616994235, "rew": 5.2721072988569935, "dedic": 1.5500874522407526, "servic": 0.07673790156139908, "first": 0.018468993437423205, "separ": 0.14633336420849496, "same": 0.021200613619928955, "week": 0.6834159356437389, "be": 0.028771006379233192, "celebr": 1.077851825744631, "receiv": 0.12666831704699574, "detail": 0.10931088042686077, "dilig": 2.379322994555445, "hard": 0.4535804275081055, "they": 0.006492802390707662, "organ": 0.2357195086583228, "nwfp": 1.816356448387829, "saturday": 1.4548728701612748, "hope": 0.2988763064970484, "govern": 0.038405914751917195, "come": 0.026508306737502832, "correct": 0.10409671591336027, "debat": 0.026056073835632625, "monday": 0.6505503727541293, "met": 0.0035770214755437148, "chamber": 0.35339661772173614, "state": 0.018241694879790406, "bank": 0.2261608190667697, "build": 0.1794246188348231, "islamabad": 0.1658983550563245, "sahibzada": 0.7456039558842498, "farooq": 0.7737479551043748, "ali": 0.03128088225132124, "chair": 0.003573822706589759, "recit": 0.3167511151048154, "holi": 0.07939202303741066, "quran": 0.09081238771462585, "sir": 0.030583011033191703, "seek": 0.35817445767544936, "permiss": 0.18129552677063493, "demis": 6.374491379415637, "colleagu": 1.9500732629316349, "beg": 0.25367638277828164, "follow": 0.0409986820024067, "resolu": 2.8316524116398267, "tion": 0.6902502426008139, "bring": 0.04030141294452259, "notic": 0.07673790156139908, "news": 0.3674768503377628, "one": 0.01748302066354053, "dear": 0.3373206213922435, "recent": 0.24423019832623158, "elect": 0.13400971658651162, "repres": 0.09767852552782519, "christian": 1.5375481029880174, "urg": 0.29537355643641894, "talk": 0.06595289588483642, "each": 0.07097142714899692, "inappropri": 1.758616964761367, "known": 0.2539640284008603, "obituari": 13.093650740854779, "refer": 0.2834544359006687, "volum": 1.3002454964039278, "iv276": 8.407601514786142, "offici": 0.117058014013403, "report": 0.03937247650986376, "tuesday": 0.8223204361470174, "session": 0.0671455018699596, "contain": 0.22588105965803504, "no": 0.7883680985593373, "content": 0.37816867420490013, "print": 0.4022344474694798, "rabat": 3.9532542185326354, "printer": 3.1501061427583616, "ltd": 1.328417120176475, "link": 0.6853667700765357, "mcleod": 4.217946772759717, "road": 0.26699447192769327, "lahor": 0.1874675576342835, "publish": 0.3830666431804473, "manag": 0.19097302165270014, "public": 0.028751272991650288, "karachi": 0.06357194237909462, "price": 0.1759593348127325, "paisa": 2.0224071157884174, "page": 0.35657930659546483, "person": 0.020972693391022187, "ha": 0.021245698968326135, "emerg": 0.5767785196508272, "promin": 1.5303054432887144, "which": 0.013884279251714265, "led": 0.6871398201864214, "major": 0.14770101566512647, "gap": 1.2655649400793403, "area": 0.06666828878526493, "gave": 0.11580440973740913, "use": 0.03013026654504301, "ministri": 0.1018703699102775, "short": 0.18424261530688454, "term": 0.12183609427181284, "membership": 1.5068708507409705, "advisori": 1.0844307968426736, "particip": 0.3546684779885754, "occas": 0.22588105965803504, "griev": 2.7138693759834434, "within": 0.043093411035553926, "ourselv": 0.5324822337458502,