{"make": 0.03433995524088507, "oath": 19.236840857050748, "sign": 1.4753687565375282, "roll": 1.2930183164086992, "member": 0.11056432274343467, "elect": 0.6700485829325581, "pcppi133788na23121990400": 8.407601514786142, "messeng": 1.104431463549343, "ehsan": 4.109944236933154, "messer": 2.939541373651012, "nasreen": 3.119334484091608, "begum": 2.185038876744616, "amina": 3.7162536325569993, "tabl": 1.6698385540116034, "samina": 2.372120082261387, "razak": 2.8624240703065804, "presid": 1.1583415256634715, "signatur": 1.7769181291437715, "ritual": 1.870909917194838, "end": 0.05481137966151531, "disney": 6.328159973106307, "now": 0.02199057271804645, "saturday": 2.9097457403225495, "decemb": 1.603602677383104, "postpon": 0.6458565301272302, "hous": 0.013395848177661911, "adjourn": 0.08617992788826462, "meet": 0.06514018458908157, "half": 0.10038888815783441, "past": 0.08302266964929242, "five": 0.049169615754847185, "clock": 0.660929752495378, "even": 0.021428585808309624, "recs": 7.714454334226198, "offic": 0.1223932887003746, "overrul": 2.809179555787768, "all": 0.031341047322203185, "your": 0.052680327091167795, "object": 0.10236468529355097, "everi": 0.03335533268983864, "thing": 0.06717218609246703, "ha": 0.01699655917466091, "been": 0.033568399074138666, "consid": 0.04706213341528235, "administ": 2.542236612391791, "accord": 0.35226339453274436, "law": 0.06532674190155371, "far": 0.037517188408117845, "session": 0.0671455018699596, "concern": 0.04636062514379203, "rule": 0.029670390703413315, "veri": 0.015064927969461411, "clear": 0.08715340082958438, "nomin": 0.624377498450106, "everyth": 0.2256013784927382, "just": 0.03589663011851132, "pleas": 0.07179326023702264, "more": 0.01869634367143656, "interrupt": 0.186391420861073, "go": 0.04239468036778725, "memberselect": 6.0097062419877725, "they": 0.04544961673495364, "are": 0.021452526821531658, "entitl": 0.7032403468758306, "call": 0.17139346894803753, "can": 0.09679640205765716, "conven": 1.3566120677180982, "electr": 0.39392737195345817, "nation": 0.08330567551028559, "assembl": 0.0022318937711226297, "sinc": 0.07596137567408269, "wa": 0.020337482179362196, "complet": 0.28096945584724287, "constitut": 0.651400127658548, "likewis": 1.1352031222160968, "sir": 0.04587451654978755, "over": 0.044681989261462544, "speaker": 0.125089312751062, "present": 0.047914639035754256, "deputi": 0.16458204579689423, "one": 0.01748302066354053, "select": 0.37005832966744645, "addit": 0.1327346941008894, "someon": 0.28612114003539163, "want": 0.054725084639371216, "say": 0.047914639035754256, "great": 0.03404777357151646, "literatur": 1.0957153507089783, "these": 0.009867763407233554, "goal": 0.8564146474899936, "delay": 0.34927420820518523, "moment": 0.17755720466002775, "democrat": 0.41668605169481787, "process": 0.11906705537222552, "sacr": 1.2260095701742781, "document": 0.6210497083574315, "implement": 0.1440110821688238, "countri": 0.033757974847709066, "action": 0.1736420319409632, "should": 0.030279498947655956, "request": 0.07751481866746225, "bring": 0.04030141294452259, "record": 0.12790438090851586, "reserv": 0.3623337981783397, "right": 0.022112814367333946, "after": 0.021088249219772592, "problem": 0.0645236436167609, "thank": 0.05386887252294154, "bismillah": 0.5980601901327327, "rahman": 0.258577646734373, "rahim": 0.4069167302713945, "dear": 0.3373206213922435, "women": 1.5204999357026443, "first": 0.03693798687484641, "congratul": 0.7159446919755965, "success": 0.3932657774867194, "tomorrow": 0.4112292591932175, "visit": 0.13171584531178648, "today": 0.07593625750412117, "may": 0.013254153368751416, "allaah": 0.7311278683969866, "help": 0.13349951249381128, "serv": 0.25195224442014186, "desir": 0.4560421836308913, "whole": 0.04425904818816593, "justic": 0.18477938397248317, "nusrat": 1.8325256741865226, "chair": 0.0017869113532948794, "pakistan": 0.0013391362626735779, "debat": 0.013028036917816312, "thursday": 0.8418082323576287, "met": 0.0035770214755437148, "parliament": 0.14607506638967535, "islamabad": 0.1658983550563245, "eleven": 0.7159446919755965, "morn": 0.20156375200732868, "recit": 0.10558370503493847, "holi": 0.07939202303741066, "quran": 0.09081238771462585, "sufa": 7.714454334226198, "allah": 0.36259105354126986, "most": 0.06026053309008602, "graciou": 1.1734243350362945, "merci": 0.4200770349373762, "good": 0.026228046512440355, "command": 0.6717311948335764, "well": 0.05199795535250759, "known": 0.2539640284008603, "translat": 0.17675795058790786, "believ": 0.09964896951512389, "marta": 6.328159973106307, "seb": 5.463162535619703, "exact": 1.000283804316726, "rhetor": 2.8821485756543592, "result": 0.08837157615381713, "launch": 0.6505503727541293, "god": 0.11630566288073645, "vers": 1.260829335333506, "antetl": 8.407601514786142, "era": 0.7952646776183975, "sinata": 5.842652157324606, "group": 0.3329524397194907, "ess": 4.296727650612832, "wish": 0.20648987034338454, "hope": 0.1494381532485242, "will": 0.00446827710432488, "bless": 0.5313426324829167, "give": 0.028771006379233192, "courag": 0.7091187269051967, "guid": 0.7522108699599909, "properli": 0.42997641600155034, "some": 0.021428585808309624, "reason": 0.07688880439461995, "gentlemen": 0.6761094855404587, "who": 0.012087333937660262, "could": 0.07179326023702264, "take": 0.01748302066354053, "yesterday": 0.6559039534118033, "began": 0.815235386266347, "stand": 0.028292030733291885, "their": 0.007616524275446687, "own": 0.035202908273139, "seat": 0.28390269841162663, "them": 0.009417109952107702, "while": 0.06857850904138423, "ramula": 7.714454334226198, "abdul": 0.07337008505128344, "sattar": 0.7967487243908926, "khan": 0.022893303493923378, "niazi": 1.136592976505151, "took": 0.2306068154458436, "top": 0.37784299434532065, "presidenti": 1.3497035773742865, "also": 0.01658272805324468, "too": 0.07529316256702503, "get": 0.029670390703413315, "follow": 0.0409986820024067, "list": 0.172240871032795, "shamim": 1.860816104025619, "nabi": 1.5098965716575075, "dad": 1.5058643081295688, "mir": 0.5728365454146296, "mahmuda": 5.635012792546362, "shah": 0.12410738862363206, "golden": 1.6276796073138908, "majid": 1.4054455603825218, "miss": 0.5586677884220719, "ruqiyah": 8.407601514786142, "miir": 8.407601514786142, "kulthum": 8.407601514786142, "seifullah": 8.407601514786142, "mistor": 6.615842045558088, "malik": 0.36473238136895036, "fahr": 6.210376937449924, "nisa": 1.8023035938379413, "bellem": 5.635012792546362, "rihanna": 3.4377882152101424, "sarwar": 1.4434659023678984, "sardari": 4.6009390250158235, "sadiq": 0.868574458962148, "nadira": 5.188725689917942, "khakwani": 3.744162420674076, "amna": 4.1734950101888835, "pracha": 2.854641929864526, "raza": 0.6365344287207375, "sultana": 2.325382604409697, "shahnaz": 4.120424610260265, "ali": 0.03128088225132124, "mr": 0.9840330705269762, "aida": 4.6009390250158235, "fist": 2.9695222058629476, "point": 0.07205779190020632, "order": 0.021088249219772592, "chaudhri": 0.24280671054137778, "mumtaz": 3.7240066219575145, "ahmad": 0.18896962393377914, "tarard": 6.228593380123302, "nasheen": 5.316559061427827, "padri": 4.3822498240509935, "ahm": 0.09620323634950226, "tarz": 3.018529784969642, "wala": 0.5851567852968248, "draw": 0.24110119563109045, "attent": 0.07385050783256324, "articl": 0.6559039534118033, "consist": 0.6239609185648898, "three": 0.057502545983300575, "type": 0.2941748748424885, "number": 0.14539988408454269, "muslim": 0.2823600836031788, "non": 0.33544620659789315, "femal": 1.4000009008342897, "until": 0.40859497598172106, "categori": 0.6403375180288354, "come": 0.013254153368751416, "into": 0.027603562547750454, "exist": 0.1409230714802474, "eye": 0.6821600486322983, "sworn": 10.711501510242165, "were": 0.009191859359872549, "second": 0.06404767978102627, "given": 0.03693798687484641, "becaus": 0.040578488448851376, "taken": 0.033757974847709066, "befor": 0.01869634367143656, "collect": 0.19016297705595572, "rais": 0.04565960864119683, "front": 0.42784969766180514,