{"wa": 0.0755392195233453, "hous": 0.009823621996952067, "adjourn": 0.17235985577652924, "meet": 0.07816822150689787, "again": 0.0752496800895217, "saturday": 2.9097457403225495, "june": 1.0364517960942132, "hour": 0.10483993408209395, "speaker": 1.9180361288496175, "think": 0.17112975299723948, "serv": 0.25195224442014186, "peopl": 0.10911673848601751, "way": 0.13404596778438763, "which": 0.02776855850342853, "death": 3.427906499207587, "come": 0.06627076684375707, "when": 0.08615744032871633, "they": 0.15582725737698389, "are": 0.07508384387536081, "martyr": 3.3362810081607708, "too": 0.07529316256702503, "pray": 4.684460052804192, "allah": 2.356841848018254, "almighti": 2.145161245850947, "give": 0.15824053508578256, "him": 0.11133199712631166, "place": 0.07478537468574624, "paradis": 8.21858303111854, "patienc": 6.776295439569765, "believ": 0.09964896951512389, "same": 0.06360184085978687, "time": 0.07173327595232615, "mention": 0.14050590057793538, "here": 0.16837493201220538, "assur": 0.5246865147755022, "feder": 0.1256244559183845, "govern": 0.10241577267177918, "punjab": 0.8981839279228122, "one": 0.061190572322391855, "will": 0.03798035538676148, "left": 0.22610399928492847, "out": 0.057542012758466383, "investig": 0.8178603075407334, "catch": 1.0198922757051023, "accus": 0.5036358807539775, "right": 0.06633844310200183, "hand": 0.11198152831916777, "driven": 2.207092340743453, "their": 0.14471396123348704, "layer": 3.3837209939398667, "inshaallah": 0.5497339554543403, "our": 0.46602235028957173, "endeavor": 2.217286108932996, "whatev": 0.4045174187422327, "terror": 7.1424140343797795, "ani": 0.011446651746961689, "other": 0.06740160479949903, "element": 0.91595604118101, "behind": 0.3032002068645308, "incid": 1.0535242417894781, "soon": 0.26852983256331403, "possibl": 0.1806474971298163, "onli": 0.014838401748082552, "releas": 0.344538603459351, "also": 0.0829136402662234, "brought": 0.1747938344145284, "charact": 1.0088152393661949, "agre": 0.19388121775783698, "sheikh": 3.5689813331584452, "sahib": 1.2353292081205176, "opportun": 0.28934690035335914, "into": 0.05520712509550091, "more": 0.01869634367143656, "detail": 0.10931088042686077, "today": 0.27843294418177766, "great": 0.20428664142909878, "day": 0.17787252699735992, "state": 0.018241694879790406, "grief": 5.241079094839371, "them": 0.12242242937740012, "survivor": 3.351355709437835, "merci": 0.8401540698747524, "well": 0.025998977676253796, "mqm": 5.416063150369865, "brother": 0.5148444902076345, "tri": 0.09740180472899794, "three": 0.14375636495825145, "culprit": 1.5129314753526615, "hold": 0.35831526356421833, "should": 0.1110248294747385, "role": 0.8044829787346026, "kafir": 2.991501112581723, "thank": 0.4848198527064739, "veri": 0.1355843517251527, "much": 0.08901117211023994, "nation": 0.05553711700685706, "assembl": 0.0013391362626735779, "pakistan": 0.0013391362626735779, "debat": 0.013028036917816312, "friday": 1.4855714590008158, "met": 0.0035770214755437148, "hall": 0.43306867065591476, "parliament": 0.2921501327793507, "islamabad": 0.331796710112649, "clock": 0.330464876247689, "morn": 0.20156375200732868, "sardar": 0.1533327446959599, "ayaz": 1.260829335333506, "sadiq": 0.868574458962148, "chair": 0.0017869113532948794, "recit": 0.10558370503493847, "holi": 0.07939202303741066, "quraan": 5.111764648781814, "translat": 0.17675795058790786, "all": 0.10655956089549083, "mill": 0.4962774958227903, "rope": 2.085036274858859, "guidanc": 0.9153984721674016, "strong": 0.47991646917036496, "differ": 0.07920925946406476, "rememb": 0.2233667406913219, "grace": 0.6535488757503859, "allaah": 2.9245114735879465, "were": 0.09191859359872548, "enemi": 1.500637443615906, "each": 0.14194285429799383, "put": 0.03728551923066561, "your": 0.03512021806077853, "heart": 0.6270567334335815, "becam": 0.812492977918881, "sister": 4.076176931331735, "had": 0.07387597374969282, "reach": 0.2973221035953667, "edg": 2.0602123051301326, "fire": 1.741081839099995, "pit": 2.4211495095017055, "save": 0.35032271263161324, "open": 0.14770101566512647, "revel": 2.272036623704404, "may": 0.10603322695001133, "guid": 0.7522108699599909, "there": 0.09129581127298139, "parti": 0.6436006136744613, "among": 0.6295009744955182, "who": 0.07856767059479171, "call": 0.068557387579215, "good": 0.13114023256220178, "command": 1.3434623896671527, "forbid": 1.4173450142922621, "evil": 0.8162444680875921, "deed": 1.3108801362913827, "these": 0.029603290221700662, "about": 0.038302398525262224, "like": 0.12335885742959252, "those": 0.01642516395339268, "gone": 0.09571195655578432, "countri": 0.253184811357818, "happen": 0.3836796576306072, "tahira": 13.664809396995722, "asif": 6.2521500537101, "danger": 1.478951417236392, "see": 0.06717218609246703, "member": 0.034915049287400426, "keep": 0.09599648788935308, "yourself": 0.7680982447635908, "awak": 5.394348994822547, "tragic": 8.427216335998086, "situat": 0.11907457275575409, "bloodsh": 4.480170047795603, "pick": 0.6514061708380254, "newspap": 0.23883169111087296, "what": 0.0620725376509999, "nevertheless": 1.2124203889893141, "express": 0.6404780420018007, "condol": 16.791518305404836, "colleagu": 2.4375915786645437, "comrad": 2.87817242727472, "behalf": 1.4493351927133589, "backward": 0.9906218934049891, "forgiv": 2.4960505896850522, "sorri": 1.0544455378653632, "got": 0.12841173759113925, "ten": 0.18995097822235982, "oclock": 0.5960330254409635, "just": 0.10768989035553395, "arriv": 0.4300620872679384, "whole": 0.17703619275266372, "abomin": 3.744162420674076, "pleas": 0.10768989035553395, "choos": 1.2671484716849846, "least": 0.1968339741996903, "parliamentarian": 1.365426150926139, "long": 0.043326429794618315, "likewis": 1.1352031222160968, "yet": 0.07097142714899692, "similar": 0.5264193125590417, "everi": 0.06671066537967728, "spoken": 0.8038016722472001, "mahmud": 3.1501359416273695, "achakzai": 11.24422936220166, "demand": 0.10856433317307636, "judici": 0.8527429937454676, "commiss": 0.5527278459206536, "form": 0.05481137966151531, "funer": 3.8985264628827063, "request": 0.11627222800119338, "prime": 0.12461282204354034, "minist": 0.009417109952107702, "involv": 0.7020466442699904, "himself": 0.17542727840220274, "attend": 0.6541090979232896, "respect": 0.06532674190155371, "woman": 3.9004708274760955, "ha": 0.03824225814298705, "die": 1.0063386197936794, "duti": 0.1963415452916262, "her": 0.6203504323778594, "talk": 0.19785868765450926, "ye": 0.0952244984596483, "shahida": 3.8953941208172167, "akhtar": 1.4790156114074746, "ali": 0.1564044112566062, "bismillah": 1.7941805703981981, "rahman": 0.517155293468746, "rahim": 1.627666921085578, "arab": 1.6094021051627752, "late": 0.7336650408371277, "longer": 0.4122948944953212, "spent": 0.515999558099977, "been": 0.027973665895115553, "sinc": 0.11394206351112404, "mourner": 4.347158504239724, "make": 0.03433995524088507, "step": 0.15299393346620843, "easier": 2.983756132309658, "fardo": 4.578960118297048, "where": 0.08212253532918921, "high": 0.08132672738937845, "posit": 0.050811844862929494, "amen": 3.322378772425538, "remark": 0.6218806182515187, "rana": 1.0161540855078908, "tanveer": 2.7481900609968912, "hussain": 0.4618574856753757, "occas": 0.4517621193160701, "extrem": 1.174323999047925, "sad": 2.6245465424855876, "collag": 9.46598426021854, "dynam": 2.229657400735543, "live": 0.15251217988083707, "person": 0.06291808017306656, "bau": 2.4236652340989524, "heir": 1.870909917194838, "equal": 0.8114943754405253, "baus": 4.744039868656497, "becaus": 0.040578488448851376, "condemn": 1.6133981104881212, "senior": 0.9092694477260231, "kolig": 8.405817790790353, "said": 0.07478537468574624, "she": 1.3247816442167426, "walk": 0.4217768483672256, "path": 1.1464184237514132, "public": 0.028751272991650288, "repres": 0.09767852552782519, "visit": 0.13171584531178648, "abid": 4.238630766549823, "let": 0.13347701625786204, "conduct": 0.16932889015311378, "sir": 0.07645752758297926, "given": 0.03693798687484641,