{"justic": 0.18477938397248317, "nusrat": 1.8325256741865226, "chair": 0.0017869113532948794, "nation": 0.10413209438785699, "assembl": 0.0037942194109084706, "pakistan": 0.0026782725253471557, "debat": 0.026056073835632625, "wednesday": 1.8953734970900762, "march": 2.893542180122908, "met": 0.0071540429510874295, "chamber": 0.35339661772173614, "state": 0.018241694879790406, "bank": 0.2261608190667697, "build": 0.1794246188348231, "islamabad": 0.8294917752816224, "nine": 0.7951479726088183, "clock": 0.660929752495378, "morn": 0.40312750401465736, "chief": 0.16195461391228286, "elect": 0.40202914975953485, "commission": 0.6756707928376565, "recit": 0.21116741006987694, "holi": 0.15878404607482133, "quran": 0.1816247754292517, "hand": 0.11198152831916777, "our": 0.027413079428798337, "odana": 8.407601514786142, "made": 0.012801971583972397, "success": 0.3932657774867194, "earth": 1.036112219571866, "right": 0.04422562873466789, "between": 0.1709008891464809, "peopl": 0.07274449232401167, "truth": 0.9750366314658174, "follow": 0.24599209201444022, "hobbi": 2.608508860325617, "will": 0.04915104814757368, "misl": 2.6645983269766607, "path": 2.2928368475028265, "god": 0.2326113257614729, "flao": 7.714454334226198, "your": 0.31608196254700677, "lord": 1.3760550510531242, "believ": 0.19929793903024778, "until": 0.40859497598172106, "they": 0.07791362868849194, "judg": 0.5610115394949564, "tree": 1.1111882460122229, "them": 0.018834219904215403, "then": 0.07223034029724194, "find": 0.09276933550158675, "their": 0.038082621377233436, "priest": 3.4447568845262357, "like": 0.013706539714399169, "what": 0.04655440323824992, "done": 0.029440532065462974, "over": 0.06702298389219381, "deliveri": 1.4635143065566156, "translat": 0.17675795058790786, "david": 3.032323107101978, "rememb": 0.4467334813826438, "kind": 0.08690994373769423, "gave": 0.11580440973740913, "govern": 0.012801971583972397, "ben": 2.0940534685090477, "empow": 1.3026360665163008, "such": 0.016198329428205396, "case": 0.0308204770866506, "alway": 0.11105499448552816, "decid": 0.11812737880009117, "among": 0.3147504872477591, "wish": 0.41297974068676907, "desir": 0.4560421836308913, "seduc": 3.2202157089453882, "allah": 1.0877731606238097, "which": 0.0069421396258571326, "want": 0.10945016927874243, "run": 0.08253782115494587, "listen": 0.3339053028224613, "care": 0.1743640140808727, "there": 0.021481367358348564, "sever": 0.14375338341723665, "punish": 0.3404524748760373, "those": 0.03285032790678536, "who": 0.05439300271947118, "mislead": 1.661189386212769, "becaus": 0.020289244224425688, "stick": 1.0386311125913497, "day": 0.05336175809920797, "come": 0.053016613475005664, "calcul": 0.6818300731981914, "son": 0.5672885314659789, "prophet": 0.6136024252821476, "peac": 0.2902890531841694, "bless": 1.59402789744875, "allaah": 0.7311278683969866, "upon": 0.1874675576342835, "him": 0.027832999281577914, "unless": 0.17622546921217408, "these": 0.029603290221700662, "make": 0.08012656222873182, "fair": 0.527553313814566, "all": 0.04387746625108446, "conflict": 1.0785077785395514, "even": 0.021428585808309624, "tire": 2.450498805801761, "heart": 0.6270567334335815, "are": 0.021452526821531658, "accept": 0.10806694445354559, "happi": 0.281674712078257, "volum": 1.3002454964039278, "nap": 1.9876065866390005, "offici": 0.117058014013403, "report": 0.03937247650986376, "first": 0.018468993437423205, "session": 0.0671455018699596, "contain": 0.22588105965803504, "no": 0.7883680985593373, "content": 0.37816867420490013, "page": 0.35657930659546483, "oath": 33.130114809365175, "sign": 5.311327523535101, "roll": 2.5860366328173985, "member": 0.16875607155576872, "print": 0.8044688949389596, "manag": 0.3819460433054003, "corpor": 0.3723226036414763, "pakitan": 4.313256952564043, "press": 0.15541607878281422, "publish": 0.3830666431804473, "public": 0.028751272991650288, "karachi": 0.06357194237909462, "price": 0.1759593348127325, "honor": 1.3847677331277952, "justifi": 1.3260634108632954, "said": 0.01869634367143656, "presid": 1.5147543027906936, "offic": 0.7955563765524348, "mean": 0.15058632513405007, "take": 0.13986416530832424, "seat": 0.42585404761743995, "request": 0.13565093266805894, "pleasur": 1.085091080788749, "sit": 0.09272125028758406, "hous": 0.0053583392710647645, "again": 0.02508322669650723, "pleas": 0.3589663011851132, "galleri": 2.3296071839847747, "somewher": 0.4915234184833573, "els": 0.1653716234139118, "backward": 0.9906218934049891, "here": 0.14031244334350448, "visit": 1.0537267624942919, "least": 0.09841698709984514, "been": 0.03916313225316177, "wit": 3.552400987517588, "stage": 0.3960420626211308, "amanullah": 18.53033306166756, "khan": 0.7898189705403565, "jadun": 4.159106272736784, "gari": 3.918965145054003, "inde": 0.7465451324243135, "should": 0.030279498947655956, "provinci": 0.17771852418748785, "membership": 3.013741701481941, "remain": 0.08399307244257102, "intact": 2.4674302620657116, "keep": 0.19199297577870617, "respect": 0.03266337095077686, "own": 0.035202908273139, "place": 0.0934817183571828, "now": 0.0439811454360929, "anoth": 0.056699063091332644, "event": 1.204702008111402, "begin": 0.881208978523984, "befor": 0.07478537468574624, "some": 0.06428575742492887, "thought": 0.22532177552712532, "mind": 0.1473672231788459, "say": 0.031943092690502835, "front": 1.497473941816318, "pick": 0.6514061708380254, "fact": 0.07457103846133122, "taken": 0.13503189939083626, "eight": 0.5131131382022391, "million": 0.23562186320899775, "seen": 0.11030714451922634, "thu": 0.7439976437351227, "whole": 0.1327771445644978, "best": 0.21558460024926693, "prayer": 0.6884473848382333, "everi": 0.06671066537967728, "person": 0.020972693391022187, "explain": 0.2456898431914161, "methodolog": 2.7763897329647773, "women": 0.7602499678513222, "inform": 0.0623835881097159, "meet": 0.11725233226034681, "today": 0.1265604291735353, "accord": 0.03914037717030493, "program": 0.49591099407780453, "held": 0.2568234751822785, "offer": 0.16247954830753897, "servic": 0.07673790156139908, "repres": 0.19535705105565038, "balochistan": 0.46595026185558747, "nwfp": 0.9081782241939145, "border": 0.41736332906577994, "after": 0.021088249219772592, "punjab": 0.1496973213204687, "provinc": 0.07649696673310422, "six": 0.10756980300656784, "oclock": 0.5960330254409635, "jana": 3.4517744571848823, "love": 0.5736051730766828, "method": 0.2914830831767771, "choic": 1.8884769385322442, "process": 0.11906705537222552, "vote": 0.29357607242938644, "wa": 0.0029053545970517424, "complet": 0.14048472792362143, "postpon": 0.6458565301272302, "proceed": 0.469744819841342, "till": 0.08229548503356125, "tomorrow": 0.274152839462145, "goe": 0.1520328615023969, "adjourn": 0.08617992788826462, "thursday": 0.8418082323576287, "ha": 0.01699655917466091, "regist": 2.662761369328153, "mark": 0.7141198739509675, "two": 0.013480320959899806, "far": 0.037517188408117845, "signatur": 3.553836258287543, "yet": 0.35485713574498456, "mistakenli": 3.1501061427583616, "forgotten": 2.275969530355947, "readi": 0.18343800214828185, "otherwis": 0.1714458531030179, "gentlemen": 2.028328456621376, "yogurt": 3.018529784969642, "consid": 0.0941242668305647, "rest": 0.11255237435103191, "ritual": 1.870909917194838, "suffer": 0.17835709805023098, "one": 0.008741510331770265, "think": 0.028521625499539915, "someon": 0.858363420106175, "left": 0.22610399928492847, "out": 0.014385503189616596, "jadoon": 9.99807430646885, "stood": 0.5237782998939902, "ani": 0.022893303493923378, "both": 0.0645236436167609, "sir": 0.04587451654978755, "fifteen": 0.3736187801029229, "when": 0.03230904012326863, "time": 0.035866637976163074, "doe": 0.02416831354942992, "end": 0.05481137966151531, "reason": 0.038444402197309976, "passag": 1.0745785003996617, "can": 0.008066366838138097, "dai": 3.3641763978668964, "just": 0.03589663011851132, "stand": 0.08487609219987566, "dysfunct": 3.918965145054003, "dice": 10.574398776599317, "twenti": 0.3658668032986049,