{"got": 0.2568234751822785, "your": 0.03512021806077853, "point": 0.01801444797505158, "chairperson": 6.749525438603392, "been": 0.027973665895115553, "veri": 0.09038956781676846, "liber": 1.1003992000214047, "onli": 0.014838401748082552, "thing": 0.10075827913870054, "could": 0.03589663011851132, "say": 0.14374391710726275, "are": 0.03486035608498894, "sorri": 0.21088910757307266, "far": 0.037517188408117845, "feder": 0.251248911836769, "govern": 0.16642563059164117, "concern": 0.1390818754313761, "sure": 0.2864763701089514, "offici": 0.117058014013403, "polic": 0.2893944653803608, "will": 0.01340483131297464, "ask": 0.20983064736754975, "explain": 0.12284492159570805, "answer": 0.07939202303741066, "whatev": 0.20225870937111634, "complain": 0.8325298152785822, "thank": 0.32321323513764927, "sir": 0.12233204413276681, "deputi": 2.139566595359625, "speaker": 0.9173216268411214, "now": 0.02199057271804645, "put": 0.18642759615332805, "motion": 0.35720116611667657, "hous": 0.0044652827258873035, "question": 0.10214332071454939, "move": 0.1482156148455618, "may": 0.03976246010625425, "adopt": 0.17869437197459595, "wa": 0.02324283677641394, "ye": 0.12696599794619773, "allow": 0.0741078074227809, "beg": 0.25367638277828164, "under": 0.08099164714102698, "rule": 0.05934078140682663, "procedur": 0.09767852552782519, "conduct": 0.16932889015311378, "busi": 0.056699063091332644, "nation": 0.034710698129285664, "assembl": 0.0011159468855613149, "feel": 0.1465917287623155, "how": 0.22232342226834273, "nice": 2.0707757836397023, "critic": 0.8455962501034736, "which": 0.06942139625857133, "ha": 0.05098967752398273, "even": 0.10714292904154812, "complet": 0.04682824264120715, "one": 0.061190572322391855, "hundr": 0.15645937569539195, "day": 0.03557450539947198, "what": 0.21725388177849964, "peopl": 0.14548898464802335, "done": 0.029440532065462974, "give": 0.11508402551693277, "minut": 0.2096798681641879, "they": 0.06492802390707662, "should": 0.05046583157942659, "their": 0.02284957282634006, "head": 0.238176069112232, "high": 0.1626534547787569, "mass": 1.1098332322547633, "made": 0.038405914751917195, "cover": 0.34927420820518523, "pleas": 0.14358652047404527, "again": 0.10033290678602892, "let": 0.8898467750524136, "togeth": 0.3270604889807137, "team": 0.7456039558842498, "work": 0.20289244224425687, "countri": 0.253184811357818, "inshaa": 5.411869241232152, "allah": 0.36259105354126986, "budget": 3.5659994963256234, "excel": 1.2397923304696992, "toward": 0.49359518766295457, "target": 1.7148807991937314, "help": 0.13349951249381128, "dont": 0.8559049376037589, "person": 0.06291808017306656, "anoth": 0.11339812618266529, "parti": 0.16090015341861533, "alien": 2.1731907890677715, "provinc": 0.07649696673310422, "much": 0.11868156281365326, "proceed": 0.234872409920671, "suspend": 0.583155583908524, "zohr": 4.694029448081835, "prayer": 0.34422369241911666, "hour": 0.10483993408209395, "cross": 0.5944142472647268, "talk": 0.06595289588483642, "ministri": 0.1018703699102775, "law": 0.03266337095077686, "justic": 0.18477938397248317, "there": 0.016111025518761424, "such": 0.016198329428205396, "act": 0.08569354655571891, "can": 0.05646456786696668, "prevent": 0.39062376802388077, "misus": 1.2887752657240654, "think": 0.08556487649861974, "afridi": 3.2327601041199148, "finish": 0.281674712078257, "attent": 0.3692525391628162, "notic": 0.23021370468419722, "kindli": 0.660929752495378, "wind": 2.283346926088305, "shehyar": 6.798163602352043, "take": 0.026224530995310795, "two": 0.013480320959899806, "extra": 0.750318721807953, "special": 0.0859367076511419, "request": 0.07751481866746225, "current": 0.13477551113574202, "labour": 1.4678267710368262, "forc": 0.1943730411957021, "grow": 0.47595749333183274, "per": 0.3275861822417242, "annum": 3.509476970865592, "employ": 0.34832529148049424, "youth": 0.9037607680871919, "pick": 0.6514061708380254, "need": 0.2593773259797332, "growth": 1.8141440587816957, "rate": 0.254827462042069, "more": 0.03739268734287312, "importantli": 2.4012483551844106, "must": 0.23530789997947535, "abl": 0.06357194237909462, "sustain": 1.2290560310224432, "averag": 0.8755133712444205, "eleventh": 3.283637535382884, "time": 0.04483329747020384, "period": 0.09179038290260261, "entir": 0.19289793356890608, "upa": 5.188725689917942, "gen": 2.081452041631044, "them": 0.04708554976053851, "food": 0.33482218161664484, "basket": 2.6742602378883977, "good": 0.10491218604976142, "transport": 0.6045748711539263, "these": 0.039471053628934216, "were": 0.027575578079617646, "punjab": 0.2993946426409374, "whi": 0.04123121310448916, "mian": 0.5567552327518406, "nawaz": 3.9059625930042086, "sharif": 2.351860849674204, "mandat": 4.230911240191224, "overal": 1.6476904281580622, "today": 0.05062417166941412, "our": 0.20559809571598753, "first": 0.03693798687484641, "all": 0.04387746625108446, "hand": 0.055990764159583886, "down": 0.06523801440556473, "relax": 1.6096611018112126, "right": 0.04422562873466789, "order": 0.010544124609886296, "eighteen": 1.0455909635264096, "crore": 1.5545873265216998, "twenti": 1.4634672131944195, "five": 0.14750884726454155, "said": 0.07478537468574624, "know": 0.0897009065655138, "mani": 0.11500509196660115, "went": 0.4819304466538977, "norway": 2.561162739728419, "deer": 3.547789110424471, "leopard": 4.00088226752189, "laugh": 1.642562538005601, "within": 0.043093411035553926, "myself": 0.28197052630907854, "forget": 1.4622557367939732, "pti": 5.737007876547404, "chanc": 0.5770013542973138, "improv": 0.15698143261145142, "make": 0.057233258734808445, "chang": 0.5068717631904495, "requir": 0.10303296752932557, "direct": 0.42035118508794395, "becaus": 0.020289244224425688, "exactli": 0.4075874211080716, "way": 0.022340994630731272, "go": 0.04239468036778725, "want": 0.09120847439895204, "concentr": 1.2711183061958955, "secur": 1.4623159347678507, "die": 0.33544620659789315, "ladi": 2.072224439143732, "mna": 1.882706672727624, "gentleman": 2.203482964204268, "parliamentarian": 2.0481392263892086, "get": 0.11868156281365326, "everybodi": 0.9448123573736948, "pakistan": 0.0011159468855613149, "most": 0.03013026654504301, "import": 0.062234475293726776, "than": 0.02737417844306307, "never": 0.1327346941008894, "constitu": 0.25310133963420106, "gun": 1.3927871635105984, "aliv": 2.0534449584440537, "keep": 0.09599648788935308, "then": 0.05159310021231567, "do": 0.14050590057793538, "district": 0.18370613460732224, "noth": 0.11155387202144224, "differ": 0.15841851892812953, "area": 0.06666828878526493, "everi": 0.13342133075935456, "blood": 2.5075225146728983, "drop": 3.5320066696434838, "balochistan": 0.9319005237111749, "sindh": 1.2520899871973399, "tahmina": 8.076307324638243, "daultana": 4.908716360996718, "system": 0.09644896678445304, "reign": 2.449176821756361, "terror": 0.8928017542974724, "over": 0.022340994630731272, "after": 0.010544124609886296, "agenc": 0.27284073236749734, "come": 0.13254153368751415, "umbrella": 7.145206622882485, "prime": 0.12461282204354034, "minist": 0.037668439808430806, "groom": 3.7924809979448835, "job": 0.20210990166590687, "plan": 0.29525171003573364, "show": 0.07963365648065471, "correct": 0.10409671591336027, "line": 0.15541607878281422, "year": 0.12720368171957375, "condit": 0.09964896951512389, "here": 0.028062488668700897, "realli": 0.21033814337180723, "proud": 1.5562231967842963, "ourselv": 0.5324822337458502, "ani": 0.022893303493923378, "pia": 1.0857518009977871, "aero": 3.8537246231856024, "plane": 1.345409882499587, "reach": 0.2973221035953667, "railway": 0.5799619684197207, "steel": 1.000283804316726, "mill": 0.4962774958227903, "profit": 0.6004982246601629, "place": 0.01869634367143656, "previou": 0.18049328043799692, "iqbal": 0.3889760497403942, "qadri": 1.5908656341911744, "grant": 0.7909571514198377, "leav": 0.592557597752357, "june": 1.7274196601570218, "item": 0.4436536612938622, "agenda": 0.7118435242313819, "alway": 0.3331649834565845, "tri": 0.2922054141869938,