{"constitu": 0.5062026792684021, "assembl": 0.000892757508449052, "pakistan": 0.000446378754224526, "tuesday": 0.8223204361470174, "april": 1.013188925587445, "met": 0.0035770214755437148, "chamber": 0.35339661772173614, "karachi": 0.06357194237909462, "half": 0.20077777631566882, "past": 0.16604533929858484, "eleven": 0.7159446919755965, "clock": 0.660929752495378, "morn": 0.20156375200732868, "presid": 0.356412777127222, "honour": 0.5463407811404664, "tamizuddin": 2.1556976316202543, "khan": 0.011446651746961689, "chair": 0.0017869113532948794, "adjourn": 0.6032594952178523, "meet": 0.013028036917816312, "brohi": 5.913126122440885, "sind": 0.8723048123420545, "muslim": 0.42354012540476826, "sir": 0.030583011033191703, "may": 0.013254153368751416, "leav": 0.05386887252294154, "hous": 0.0026791696355323823, "request": 0.038757409333731126, "good": 0.026228046512440355, "enough": 0.2385483648588005, "today": 0.05062417166941412, "sit": 0.04636062514379203, "dayaftertomorrow": 10.080611369599339, "sheikh": 0.3568981333158445, "sadiq": 0.868574458962148, "hassan": 0.650978180247285, "punjab": 0.2993946426409374, "till": 0.329181940134245, "when": 0.010769680041089542, "dayaft": 5.517229756889979, "tomorrow": 0.1370764197310725, "there": 0.010740683679174282, "are": 0.0053631317053829146, "some": 0.021428585808309624, "import": 0.020744825097908925, "matter": 0.028292030733291885, "which": 0.0069421396258571326, "under": 0.016198329428205396, "activ": 0.26991332980853827, "con": 0.8569402716808074, "sider": 1.831131945737919, "parti": 0.053633384472871776, "therefor": 0.06285876036859717, "proceed": 0.234872409920671, "taken": 0.016878987423854533, "hand": 0.055990764159583886, "reason": 0.038444402197309976, "will": 0.00446827710432488, "abl": 0.06357194237909462, "make": 0.011446651746961689, "ani": 0.022893303493923378, "progress": 0.30804723240977877, "hope": 0.1494381532485242, "member": 0.023276699524933615, "object": 0.3070940558806529, "sy": 0.11931846957845248, "khalilurrehman": 3.6891026434910485, "objec": 2.7481192990265217, "tion": 0.6902502426008139, "sever": 0.14375338341723665, "defenc": 0.626045555550803, "wish": 0.20648987034338454, "then": 0.010318620042463134, "four": 0.053162574671331446, "afternoon": 1.180665496292854, "thursday": 0.8418082323576287, "gppkl": 2.935330841114668}