{"item": 3.1055756290570353, "shahadat": 46.74176237592276, "awan": 16.97379872450408, "sahib": 1.1230265528368342, "move": 1.2598327261872755, "retir": 0.6747939843641221, "peopl": 0.07274449232401167, "past": 0.16604533929858484, "present": 0.20763010248826844, "these": 0.059206580443401324, "parliament": 0.7303753319483768, "should": 0.10093166315885319, "system": 0.6751427674911713, "long": 0.043326429794618315, "happen": 0.05481137966151531, "economi": 4.039041756917751, "our": 0.3015438737167817, "countri": 0.28694278620552705, "will": 0.03127793973027416, "come": 0.06627076684375707, "right": 0.22112814367333947, "path": 0.5732092118757066, "think": 0.17112975299723948, "even": 0.0857143432332385, "today": 0.32905711585119174, "prioriti": 2.089089102051809, "pakistan": 0.004240598165132997, "better": 0.07337008505128344, "ha": 0.1104776346352959, "get": 0.05934078140682663, "rid": 1.1331219560122723, "terror": 2.6784052628924173, "bring": 0.08060282588904517, "intern": 0.5729527402179028, "stabil": 0.8659184149040319, "within": 0.25856046621332357, "everyon": 0.2702056847294921, "tabl": 0.477096729717601, "defeat": 2.145239271828658, "doe": 0.04833662709885984, "win": 3.2811440494580433, "posit": 0.050811844862929494, "wa": 0.07263386492629356, "lost": 0.37102810507883044, "won": 1.2184337763658204, "good": 0.026228046512440355, "also": 0.0414568201331117, "arriv": 0.4300620872679384, "address": 0.21281987634278426, "prime": 0.6230641102177017, "minist": 0.15067375923372323, "speaker": 2.50178625502124, "pleas": 0.10768989035553395, "order": 0.10544124609886296, "hous": 0.01250279163248445, "extra": 0.750318721807953, "member": 0.023276699524933615, "visit": 0.26343169062357297, "their": 0.030466097101786747, "own": 0.070405816546278, "seat": 0.28390269841162663, "ramesh": 6.449801780710514, "kumar": 5.113240204635841, "nakwani": 4.578960118297048, "request": 0.21316575133552118, "are": 0.04022348779037186, "punjab": 0.2993946426409374, "there": 0.037592392877109984, "were": 0.009191859359872549, "role": 0.5363219858230684, "model": 1.8475896542406158, "becom": 0.04030141294452259, "chang": 0.1689572543968165, "your": 0.10536065418233559, "econom": 1.1296525252803111, "polici": 0.2570806396671567, "pick": 0.6514061708380254, "chose": 2.2463941930910667, "remov": 0.17967069613359862, "person": 0.041945386782044375, "job": 0.20210990166590687, "give": 0.04315650956884979, "then": 0.030955860127389403, "abl": 0.12714388475818925, "decis": 0.13620122356039596, "time": 0.04483329747020384, "case": 0.0616409541733012, "polit": 0.09964896951512389, "game": 2.140027542495094, "ever": 0.24081722572999154, "anyon": 0.41407743555515863, "day": 0.12451076889815194, "bodi": 0.3706328818268524, "assembl": 0.004240598165132997, "continu": 0.051516483764662786, "back": 0.20472937058710194, "sir": 0.10704053861617097, "thank": 0.43095098018353234, "point": 0.05404334392515474, "legisl": 0.9168623487988499, "senat": 5.09420285939382, "bashir": 7.100368940156136, "work": 0.020289244224425688, "report": 0.47246971811836513, "head": 0.15878404607482133, "chairman": 0.8490713904930923, "stand": 0.5658406146658377, "committe": 0.5614522929874431, "mehmood": 4.369532500132674, "virk": 13.790123592130666, "motion": 2.976676384305638, "condon": 7.879399460198966, "delay": 1.397096832820741, "law": 0.3919604514093223, "justic": 1.6630144557523485, "beg": 2.029411062226253, "bill": 6.443197357236434, "further": 0.714528207336696, "amend": 5.275284434332484, "control": 3.064815483406611, "narcot": 36.622638914758376, "substanc": 32.508189175587034, "act": 1.1140161052243458, "till": 0.1645909700671225, "now": 0.12094814994925547, "put": 0.29828415384532486, "been": 0.07273153132730044, "adopt": 0.7147774878983838, "said": 0.14957074937149248, "suspens": 7.475877071081734, "subrul": 7.564657376763307, "rule": 0.9494525025092261, "under": 0.09718997656923237, "procedur": 0.6837496786947763, "conduct": 1.1853022310717964, "busi": 0.5669906309133265, "nation": 0.16661135102057117, "requir": 0.30909890258797673, "dispens": 6.434182610909388, "take": 0.043707551658851325, "into": 0.19322493783425318, "consider": 1.1215760669333448, "suspend": 1.166311167817048, "regard": 0.08143454083012969, "notic": 0.15347580312279815, "question": 0.20428664142909878, "receiv": 0.12666831704699574, "session": 0.9400370261794344, "may": 0.026508306737502832, "laps": 2.7605740014927336, "prorog": 6.102030480228261, "what": 0.04655440323824992, "want": 0.07296677951916163, "say": 0.047914639035754256, "murtaza": 8.202390747421125, "jave": 4.301150107465627, "abbasi": 3.9964075530258905, "one": 0.03496604132708106, "minut": 0.31451980224628184, "had": 0.055406980312269614, "joint": 0.8778716286398157, "didnt": 0.527553313814566, "word": 0.15299393346620843, "could": 0.03589663011851132, "complet": 0.0936564852824143, "it": 0.06297925872481358, "just": 0.07179326023702264, "tone": 1.4090918725355417, "which": 0.05553711700685706, "inflat": 1.7812485803636438, "commiss": 1.2896983071481918, "made": 0.07681182950383439, "prosper": 0.9419462046520866, "fast": 0.9054150281832184, "grow": 1.4278724799954983, "region": 0.6429979582340853, "direct": 0.21017559254397197, "listen": 0.3339053028224613, "defaut": 6.210376937449924, "destruct": 2.5850500907304603, "form": 0.21924551864606123, "decid": 0.05906368940004558, "fail": 0.3729704818630369, "wrong": 0.1383569936030866, "imran": 2.2210210192514506, "khan": 0.03433995524088507, "previou": 0.18049328043799692, "pti": 3.8246719176982693, "govern": 0.10241577267177918, "whether": 0.04262753634741666, "respons": 0.20383102479233883, "coalit": 1.8241922926273784, "who": 0.05439300271947118, "difficult": 0.23543706267423922, "save": 0.35032271263161324, "be": 0.04315650956884979, "default": 1.3740950304984456, "vio": 3.0416254997642915, "constitut": 0.3507539148930643, "urg": 0.29537355643641894, "look": 0.21924551864606123, "mislead": 1.661189386212769, "parti": 0.053633384472871776, "night": 0.7871930400133701, "morn": 0.20156375200732868, "make": 0.045786606987846756, "tell": 0.0576442427458194, "fact": 0.03728551923066561, "foreign": 1.199681663523896, "invest": 4.51475163572643, "promot": 3.168927987021454, "protect": 1.2917325558707207, "state": 0.07296677951916163, "pass": 0.3447472882844314, "taken": 0.1012739245431272, "onc": 0.48936152286877893, "claus": 8.559335843269503, "read": 0.10868003010453864, "part": 0.2686887443698681, "preambl": 8.271083703818885, "short": 1.1054556918413072, "titl": 4.786435883235533, "consequ": 1.0581346372915623, "introduc": 1.1898988513801751, "establish": 0.17918247447854369, "crimin": 4.06192469233442, "prosecut": 7.815816399097805, "servic": 0.46042740936839444, "islamabad": 1.1612884853942715, "capit": 1.9734797133376207, "territori": 4.665754846550121, "function": 1.421220060989986, "power": 0.35853153175651165, "parliamentari": 0.234116028026806, "affair": 0.07385050783256324, "transact": 2.63171879938198, "sy": 0.8352292870491673, "nave": 3.5429690503380544, "qamar": 3.3362810081607708, "commerc": 0.6791857349451011, "import": 0.12446895058745355, "export": 2.753178359835196, "concern": 0.04636062514379203, "they": 0.02597120956283065, "all": 0.031341047322203185, "over": 0.022340994630731272, "wherev": 0.4897009284582267, "satisfact": 1.3723329155050463, "offici": 0.234116028026806, "statement": 0.42239313599204126, "releas": 0.689077206918702, "them": 0.018834219904215403, "some": 0.021428585808309624, "wound": 1.5427537368152826, "serous": 2.910433289492941, "soldier": 1.0398929424117718, "two": 0.013480320959899806, "testimoni": 1.6220138697782134, "told": 0.10583175166897728, "befor": 0.01869634367143656, "other": 0.053921283839599224, "damag": 0.8326951698918889, "final": 0.13733240334951877, "after": 0.010544124609886296, "moppingup": 23.143363002678594, "oper": 0.6836647682947447, "issu": 0.10560872481941701, "ispr": 8.207072843163946, "regular": 0.3527612936851184, "press": 0.31083215756562843,