{"constitu": 1.7717093774394075, "assembl": 0.002455083148234893, "pakistan": 0.0015623256397858409, "jan": 2.235981986669951, "honour": 1.183738359137677, "pirzada": 3.0319587364953873, "abdu": 4.6597410375933634, "sattar": 2.390246173172678, "abdur": 6.063902470935559, "rahman": 0.775732940203119, "sir": 0.1834980661991502, "move": 0.8151858816505899, "today": 0.15187251500824234, "mian": 1.670265698255522, "muhammad": 0.4366053566705455, "iftikharuddin": 20.558968540961626, "may": 0.03976246010625425, "ask": 0.034971774561258294, "question": 0.3745255092866811, "your": 0.08780054515194632, "permiss": 0.18129552677063493, "could": 0.10768989035553395, "moneythousand": 8.407601514786142, "rupe": 0.14349575105718737, "fact": 0.03728551923066561, "over": 0.022340994630731272, "lakh": 0.49701090252966507, "rupeesthat": 7.714454334226198, "ha": 0.05523881731764795, "been": 0.03916313225316177, "spent": 0.515999558099977, "after": 0.042176498439545185, "decemb": 0.400900669345776, "member": 0.029095874406167017, "had": 0.018468993437423205, "remain": 0.08399307244257102, "here": 0.028062488668700897, "due": 0.053633384472871776, "keep": 0.04799824394467654, "hous": 0.0044652827258873035, "adjourn": 0.7756193509943816, "save": 0.17516135631580662, "meet": 0.039084110753448933, "food": 0.33482218161664484, "situat": 0.059537286377877044, "presid": 1.6929606913543047, "relev": 0.2899907683199145, "doe": 0.09667325419771967, "aris": 0.9460863241857973, "stand": 0.11316812293316754, "sine": 5.837327577258913, "die": 0.6708924131957863, "then": 0.04127448016985254, "speech": 0.4512086231742776, "correct": 0.4163868636534411, "gppkl382": 8.407601514786142, "ca31153340": 8.407601514786142, "basic": 2.038480850047688, "principl": 2.9594045527696125, "committe": 0.623835881097159, "reportmot": 25.222804544358425, "consider": 1.6823641004000174, "report": 0.5118421946282289, "such": 0.11338830599743777, "motion": 2.976676384305638, "all": 0.02507283785776255, "postpon": 6.458565301272302, "ment": 0.6552663514838513, "won": 1.2184337763658204, "agenda": 1.4236870484627637, "said": 0.01869634367143656, "would": 0.008966659494040768, "motio": 5.411869241232152, "ide": 4.3822498240509935, "name": 0.0946187280266643, "shri": 13.259296505996154, "dhirendra": 14.572700357227973, "nath": 13.057718820103856, "dut": 4.973614310300997, "can": 0.04033183419069049, "say": 0.12777237076201134, "anyth": 0.23712883301531917, "are": 0.02949722437960603, "prevent": 0.39062376802388077, "make": 0.03433995524088507, "ani": 0.08012656222873182, "submiss": 1.4037773817834311, "realli": 0.21033814337180723, "amount": 0.21669263360362873, "submit": 0.10856433317307636, "should": 0.05046583157942659, "debar": 2.2255166080695115, "our": 0.041119619143197506, "regard": 0.08143454083012969, "propos": 0.7651761629880254, "bound": 0.7878773010034729, "rule": 0.23736312562730652, "how": 0.03705390371139045, "allow": 0.1482156148455618, "someth": 0.41511334824646207, "which": 0.06247925663271419, "muhamma": 4.852253453296729, "punjab": 0.5987892852818748, "muslim": 1.1294403344127153, "gone": 0.09571195655578432, "stage": 0.3960420626211308, "further": 0.07939202303741066, "than": 0.02737417844306307, "what": 0.07759067206374987, "consid": 0.2823728004916941, "posit": 0.10162368972585899, "last": 0.08418746600610269, "wa": 0.008716063791155228, "know": 0.149501510942523, "therefor": 0.06285876036859717, "alreadi": 0.05811716779601484, "discuss": 0.2542877695163785, "postponementwithdraw": 8.407601514786142, "taken": 0.033757974847709066, "place": 0.01869634367143656, "earlier": 0.20156375200732868, "be": 0.028771006379233192, "too": 0.07529316256702503, "technic": 0.6809049497520746, "done": 0.08832159619638892, "abl": 0.12714388475818925, "remark": 0.6218806182515187, "present": 0.031943092690502835, "even": 0.04285717161661925, "point": 0.01801444797505158, "were": 0.009191859359872549, "clear": 0.08715340082958438, "decid": 0.05906368940004558, "withdraw": 0.7485349978121638, "now": 0.032985859077069676, "separ": 0.14633336420849496, "thing": 0.033586093046233514, "time": 0.017933318988081537, "till": 0.08229548503356125, "do": 0.07025295028896769, "els": 0.1653716234139118, "withdra": 6.615842045558088, "ving": 4.2029088953951765, "yet": 0.07097142714899692, "post": 0.26089246258282445, "pone": 4.248718431426471, "absolut": 0.28790526182889314, "wrong": 0.1383569936030866, "statement": 0.08447862719840825, "simpl": 0.5451043175555982, "there": 0.05907376023545855, "item": 0.29576910752924146, "khwaja": 1.1200408744764192, "nazimuddin": 5.400982500074535, "who": 0.006043666968830131, "pro": 0.6827130754630695, "pose": 1.2903960116217987, "matter": 0.11316812293316754, "end": 0.05481137966151531, "next": 0.11292581539997644, "sardar": 0.7666637234797995, "shaukat": 4.540812488864387, "hyat": 9.283307151495345, "khan": 0.06867991048177013, "pnjab": 7.308989226118033, "under": 0.016198329428205396, "opit": 8.407601514786142, "chairman": 0.21226784762327308, "urgent": 1.2018102845299279, "vital": 2.495064614380033, "import": 0.04148965019581785, "beg": 0.5073527655565633, "led": 0.6871398201864214, "controversi": 0.8470003520175864, "whole": 0.04425904818816593, "into": 0.027603562547750454, "dissolv": 1.6186297717939728, "new": 0.07457103846133122, "elect": 0.13400971658651162, "prepar": 0.15854924061485107, "out": 0.04315650956884979, "order": 0.18979424297795333, "rab": 2.4388939548007773, "nishtar": 2.37691625452488, "sind": 0.8723048123420545, "paus": 1.8118210008248314, "same": 0.021200613619928955, "everybodi": 1.8896247147473897, "feel": 0.293183457524631, "cold": 1.0449562443683187, "feet": 0.7636395657836137, "connect": 0.18773677287349194, "subject": 0.1606434822179659, "includ": 0.2695367753564327, "day": 0.07114901079894397, "befor": 0.01869634367143656, "those": 0.01642516395339268, "demand": 0.6513859990384582, "becaus": 0.040578488448851376, "pleas": 0.07179326023702264, "contempl": 1.6753908083189368, "like": 0.013706539714399169, "anoth": 0.056699063091332644, "arrest": 0.5578877571812731, "suleri": 6.210376937449924, "editor": 1.9682511436860446, "also": 0.00829136402662234, "khawaja": 0.886283534586903, "nazin": 6.798163602352043, "uddin": 7.045434957613038, "east": 1.4408314634290476, "bengal": 4.20815857521985, "awar": 0.21088910757307266, "fairli": 1.9168779802836358, "well": 0.025998977676253796, "receiv": 0.06333415852349787, "countri": 0.016878987423854533, "one": 0.01748302066354053, "two": 0.013480320959899806, "certain": 0.46354501214309274, "differ": 0.03960462973203238, "opinion": 0.3792466232708217, "think": 0.08556487649861974, "thi": 2.8430811074634494, "consult": 0.32365581249052155, "leader": 0.1173089235618276, "public": 0.057502545983300575, "will": 0.00670241565648732, "smooth": 1.955552560348917, "these": 0.009867763407233554, "difficulti": 0.30865476584280316, "get": 0.029670390703413315, "come": 0.013254153368751416, "some": 0.021428585808309624, "agreement": 0.306833271714412, "fore": 0.9425187783865956, "just": 0.03589663011851132, "moment": 0.17755720466002775, "dutta": 13.387508659062844, "gener": 0.038444402197309976, "want": 0.018241694879790406, "whether": 0.04262753634741666, "khwaa": 8.407601514786142, "actual": 0.20841215570807553, "nsider": 7.308989226118033, "entitl": 2.109721040627492, "about": 0.038302398525262224, "let": 0.04449233875262068, "take": 0.008741510331770265, "speak": 0.08035890732835123, "when": 0.010769680041089542, "onli": 0.014838401748082552, "origin": 0.39690997565584185, "wednesday": 1.8953734970900762, "januari": 0.9404536372456954, "met": 0.0035770214755437148, "chamber": 0.35339661772173614, "karachi": 0.2542877695163785, "ten": 0.09497548911117991, "clock": 0.330464876247689, "tamiz": 4.7187220606722065, "chair": 0.0017869113532948794, "student": 2.1117264007274157, "free": 0.5834724515684022, "educ": 0.3009504575774265, "go": 0.04239468036778725, "recit": 0.10558370503493847, "quran": 0.09081238771462585,