{"hous": 0.010716678542129529, "adjourn": 0.08617992788826462, "meet": 0.05211214767126525, "thursday": 1.6836164647152574, "septemb": 3.068012126410738, "fateha": 1.67658341430406, "khawani": 4.669931896502774, "give": 0.014385503189616596, "rais": 0.04565960864119683, "their": 0.015233048550893373, "destin": 1.2839287295815358, "rank": 0.913727628002584, "ha": 0.03399311834932182, "been": 0.022378932716092443, "tradit": 2.526579457392888, "assembl": 0.0022318937711226297, "will": 0.0111706927608122, "also": 0.024874092079867023, "wish": 0.20648987034338454, "today": 0.10124834333882823, "postpon": 0.6458565301272302, "packer": 3.92160775038448, "minist": 0.018834219904215403, "parliamentari": 0.234116028026806, "affair": 0.14770101566512647, "sher": 0.5424135605986757, "afgan": 1.8077310155733064, "khan": 0.011446651746961689, "niazi": 1.136592976505151, "wala": 0.5851567852968248, "great": 0.10214332071454939, "regret": 0.9511967248495172, "may": 0.013254153368751416, "allah": 0.36259105354126986, "grant": 0.08788412793553751, "him": 0.027832999281577914, "paradis": 1.6437166062237079, "these": 0.019735526814467108, "are": 0.013407829263457287, "when": 0.010769680041089542, "sit": 0.18544250057516812, "member": 0.034915049287400426, "die": 1.0063386197936794, "adjust": 0.949992225070537, "after": 0.010544124609886296, "pray": 2.9277875330026197, "forgiv": 2.4960505896850522, "there": 0.021481367358348564, "former": 0.5095618240215246, "then": 0.010318620042463134, "prayer": 0.6884473848382333, "forgiven": 1.1835767065003124, "regard": 0.027144846943376565, "adjoum": 4.857431499770042, "certain": 0.23177250607154637, "doubt": 0.2559798678163933, "about": 0.019151199262631112, "whenev": 0.26089246258282445, "such": 0.016198329428205396, "death": 1.46910278537468, "occur": 0.46986973952603445, "august": 0.24708326730863794, "all": 0.03760925678664383, "express": 0.32023902100090035, "sympathi": 1.087736584977173, "survivor": 3.351355709437835, "realli": 0.21033814337180723, "loss": 0.25367638277828164, "were": 0.009191859359872549, "experienc": 1.188691807167083, "parliamentarian": 0.6827130754630695, "they": 0.012985604781415324, "sadden": 2.2742034717894946, "against": 0.0308204770866506, "nation": 0.041652837755142794, "pakistan": 0.000892757508449052, "debat": 0.026056073835632625, "tuesday": 1.6446408722940349, "met": 0.0035770214755437148, "hall": 0.43306867065591476, "parliament": 0.14607506638967535, "islamabad": 0.1658983550563245, "speaker": 0.04169643758368734, "amir": 0.6058011128771705, "hussain": 0.23092874283768786, "chair": 0.0017869113532948794, "recit": 0.10558370503493847, "holi": 0.07939202303741066, "quran": 0.09081238771462585, "bismillah": 0.5980601901327327, "rahman": 0.258577646734373, "rahmani": 2.6176413438888897, "rahimiyyyyyyyyyyyyyyyyyyyyyyyyyi": 7.714454334226198, "shioba": 8.407601514786142, "surah": 1.7495904689153947, "hijrah": 5.075397004610939, "creat": 0.11907457275575409, "man": 0.06977425233822773, "woman": 0.9751177068690239, "tribe": 1.494858694292967, "identifi": 0.7274258743495529, "each": 0.07097142714899692, "other": 0.013480320959899806, "god": 0.2326113257614729, "most": 0.06026053309008602, "honor": 0.5539070932511181, "one": 0.008741510331770265, "who": 0.018131000906490394, "hazard": 2.1850252467147744, "inde": 0.7465451324243135, "know": 0.0598006043770092, "awar": 0.21088910757307266, "thing": 0.033586093046233514, "volumexxi": 5.842652157324606, "napxxi72004": 8.407601514786142, "offici": 0.117058014013403, "report": 0.07874495301972752, "session": 0.0671455018699596, "volum": 0.6501227482019639, "xxi": 3.645427579988387, "contain": 0.22588105965803504, "liaquat": 4.008423406346683, "baloch": 2.7220281200252052, "point": 0.03602889595010316, "order": 0.021088249219772592, "mna": 0.7530826690910496, "maulana": 0.9561981768724577, "anayaturrehman": 7.021307153666252, "receiv": 0.12666831704699574, "veri": 0.030129855938922822, "sad": 0.5249093084971175, "news": 0.3674768503377628, "inayat": 1.7861958630220083, "rehman": 0.4055766965700332, "sahib": 0.44921062113473365, "same": 0.021200613619928955, "twice": 0.76795922692813, "befor": 0.01869634367143656, "pass": 0.043093411035553926, "away": 0.14272325198439523, "morn": 0.20156375200732868, "wa": 0.005810709194103485, "religi": 0.5381998022090537, "scholar": 0.913727628002584, "continu": 0.051516483764662786, "particip": 0.3546684779885754, "lot": 0.10558370503493847, "polit": 0.09964896951512389, "hard": 0.4535804275081055, "work": 0.020289244224425688, "despit": 0.4029020042365933, "ill": 0.696052535156997, "long": 0.043326429794618315, "time": 0.008966659494040768, "attend": 0.6541090979232896, "our": 0.027413079428798337, "request": 0.019378704666865563, "should": 0.010093166315885319, "them": 0.018834219904215403, "usual": 0.7036913051698316, "action": 0.0578806773136544, "day": 0.01778725269973599, "sush": 3.2659379582834833, "those": 0.01642516395339268, "want": 0.018241694879790406, "funer": 1.9492632314413532, "fateh": 2.1253347678901364, "khwani": 3.099333817384938, "first": 0.018468993437423205, "raja": 1.232157391270822, "pervez": 1.746746377024107, "ashraf": 1.6867260792313044, "think": 0.05704325099907983, "hazrat": 1.235176937661298, "involv": 0.1404093288539981, "grief": 1.747026364946457, "major": 0.07385050783256324, "activ": 0.26991332980853827, "came": 0.0645236436167609, "north": 0.9345324267539455, "sever": 0.14375338341723665, "what": 0.015518134412749974, "traumat": 6.092618698153435, "caus": 0.09374924738793573, "almighti": 0.5362903114627368, "place": 0.01869634367143656, "merci": 0.4200770349373762}