{"sign": 0.2950737513075056, "mamnoon": 4.025574880112261, "hussain": 0.23092874283768786, "presid": 0.0891031942818055, "islam": 0.26190477872856527, "republ": 1.2083329156679505, "pakistan": 0.0015623256397858409, "hous": 0.01160973508730699, "wa": 0.020337482179362196, "prorogu": 4.038080218481027, "would": 0.008966659494040768, "look": 0.05481137966151531, "forward": 0.17489550492516742, "kind": 0.08690994373769423, "right": 0.08845125746933578, "both": 0.0645236436167609, "expect": 0.6143716968851964, "everi": 0.13342133075935456, "singl": 0.6064004137290616, "day": 0.14229802159788793, "exchequ": 1.5490364799947776, "ha": 0.025494838761991365, "spent": 0.2579997790499885, "million": 0.23562186320899775, "rupe": 0.14349575105718737, "noth": 0.22310774404288447, "come": 0.14579568705626558, "out": 0.057542012758466383, "proceed": 1.409234459524026, "becaus": 0.040578488448851376, "one": 0.03496604132708106, "when": 0.06461808024653726, "govern": 0.10241577267177918, "first": 0.03693798687484641, "made": 0.07681182950383439, "mistak": 0.48425330285598855, "put": 0.07457103846133122, "law": 0.03266337095077686, "order": 0.09489712148897667, "then": 0.02063724008492627, "mysteri": 2.496804870745616, "withdrew": 2.177120067207661, "middl": 0.4542831682257117, "night": 0.39359652000668505, "last": 0.14031244334350448, "will": 0.055853463804061, "sad": 0.5249093084971175, "end": 0.05481137966151531, "today": 0.07593625750412117, "are": 0.02949722437960603, "still": 0.04682824264120715, "wait": 1.0544755657232467, "peopl": 0.23035755902603694, "fata": 10.367706562252552, "opposit": 0.395638391788981, "stick": 1.0386311125913497, "it": 0.09446888808722037, "stand": 0.028292030733291885, "compromis": 1.2703230775257572, "therefor": 0.06285876036859717, "particip": 1.0640054339657263, "ani": 0.045786606987846756, "take": 0.026224530995310795, "place": 0.01869634367143656, "without": 0.06857850904138423, "bill": 1.3125031653629773, "sinc": 0.07596137567408269, "also": 0.00829136402662234, "absent": 1.4800436085078263, "all": 0.0501456757155251, "can": 0.008066366838138097, "see": 0.033586093046233514, "there": 0.037592392877109984, "futil": 2.590490354822939, "exercis": 1.1695124490127398, "hundr": 0.15645937569539195, "other": 0.013480320959899806, "issu": 0.035202908273139, "wish": 0.41297974068676907, "rais": 0.09131921728239366, "region": 0.32149897911704267, "countri": 0.06751594969541813, "rural": 0.6382229052721591, "urban": 0.985227813799319, "sensit": 2.0127405007462564, "enough": 0.477096729717601, "left": 0.22610399928492847, "choic": 0.9442384692661221, "way": 0.022340994630731272, "surpris": 0.994755615377597, "saw": 0.48534045643289586, "headlin": 2.1104921948522075, "regard": 0.027144846943376565, "whi": 0.08246242620897833, "dharna": 9.883731223972832, "faizabad": 3.320005179553759, "such": 0.016198329428205396, "big": 0.24216028220981387, "success": 0.7865315549734389, "your": 0.017560109030389265, "own": 0.070405816546278, "minist": 0.018834219904215403, "admit": 0.42347955608321597, "isol": 1.792875914582382, "becam": 0.812492977918881, "may": 0.013254153368751416, "lesson": 1.207176621841186, "learn": 0.4403213358439431, "call": 0.0342786937896075, "member": 0.011638349762466808, "walkout": 2.127205675825948, "say": 0.047914639035754256, "speaker": 0.7088394389226848, "gener": 0.1537776087892399, "qadir": 1.9502354137380478, "sahib": 0.44921062113473365, "anyth": 0.23712883301531917, "count": 2.3214424521333266, "suspend": 1.166311167817048, "till": 0.1645909700671225, "quorum": 7.187057354554188, "complet": 0.0936564852824143, "were": 0.009191859359872549, "reassembl": 0.9686299223902812, "deputi": 0.4937461373906827, "chair": 0.003573822706589759, "power": 0.039836836861834625, "confer": 0.43444608134200985, "claus": 0.4075874211080716, "articl": 0.21863465113726777, "constitut": 0.05010770212758062, "herebi": 1.3874108064742179, "nation": 0.034710698129285664, "assembl": 0.002008704394010367, "session": 0.0671455018699596, "summon": 1.4145863918531825, "thursday": 2.525424697072886, "decemb": 1.202702008037328, "conclus": 1.1783424854309732, "busi": 0.056699063091332644, "point": 0.16213003177546423, "reg": 2.411370394509032, "ramesh": 4.299867853807009, "lal": 1.177038361376851, "thank": 0.16160661756882463, "packer": 0.5602296786263543, "full": 0.11355187468411533, "pointout": 11.148776341459854, "hope": 0.1494381532485242, "long": 0.12997928938385495, "reform": 1.923553850299462, "tini": 3.7728725265565073, "littl": 0.40126374600490433, "bit": 0.5493473326001138, "brought": 0.43698458603632095, "unfortun": 0.4663607242792932, "aspir": 1.4702874335624616, "be": 0.014385503189616596, "sacrif": 2.521658670667012, "altar": 4.063796092932459, "polit": 0.09964896951512389, "expedi": 4.977415321025993, "how": 0.0741078074227809, "small": 0.14917905232726655, "short": 0.3684852306137691, "term": 0.12183609427181284, "gain": 0.8841202022126454, "which": 0.013884279251714265, "our": 0.10965231771519335, "entir": 0.19289793356890608, "who": 0.006043666968830131, "due": 0.053633384472871776, "shame": 1.8679288125798736, "sent": 0.223606808299997, "prophet": 0.6136024252821476, "guidanc": 0.9153984721674016, "allah": 0.5438865803119048, "suffici": 0.5147759885350253, "recit": 0.4223348201397539, "naat": 3.6456202448008534, "pile": 2.1290800906202985, "footstep": 4.734693607017459, "stone": 1.188691807167083, "stomach": 1.4635143065566156, "seven": 0.2340260281519899, "kami": 5.411869241232152, "crown": 2.1731907890677715, "under": 0.016198329428205396, "foot": 1.283123252292719, "bore": 2.0394143284356505, "palm": 1.9634702580857024, "prayer": 0.34422369241911666, "them": 0.028251329856323105, "throne": 2.163434614122407, "dagger": 3.070063435084825, "hidden": 0.8680426854851128, "sleev": 3.3016560408855624, "aud": 4.188093809610036, "ballah": 2.987066515513857, "mann": 1.932168798082053, "shayat": 2.758627276624937, "jarim": 2.8624240703065804, "rahman": 0.517155293468746, "rahim": 0.4069167302713945, "question": 0.10214332071454939, "hour": 0.10483993408209395, "sy": 0.23863693915690495, "nave": 1.7714845251690272, "qamar": 1.6681405040803854, "sir": 0.015291505516595852, "benefit": 0.14633336420849496, "particular": 0.21226784762327308, "debat": 0.026056073835632625, "met": 0.0035770214755437148, "hall": 0.43306867065591476, "parliament": 0.14607506638967535, "islamabad": 0.1658983550563245, "clock": 0.330464876247689, "morn": 0.20156375200732868, "sardar": 0.1533327446959599, "ayaz": 1.260829335333506, "sadiq": 0.868574458962148, "holi": 0.15878404607482133, "quran": 0.1816247754292517, "seek": 0.35817445767544936, "refug": 2.0023730567553018, "god": 0.4652226515229458, "satan": 3.209104483520317, "ritual": 1.870909917194838, "name": 0.03784749121066572, "most": 0.12052106618017204, "graciou": 2.346848670072589, "merci": 0.8401540698747524, "yourself": 0.3840491223817954, "messeng": 1.104431463549343, "suffic": 3.0369634866584803, "martyr": 0.8340702520401927, "translat": 0.17675795058790786, "naitah": 5.922694864998142, "farman": 2.464802139659442, "logo": 2.805482693906442, "rang": 1.0957153507089783, "went": 0.1606434822179659, "adam": 1.9618816954005647, "zad": 4.64640139909258, "good": 0.05245609302488071, "atmospher": 0.8595725448511288, "star": 0.4035700069334441, "answer": 0.15878404607482133, "unstar": 1.0094274218156778, "tabl": 0.2385483648588005, "content": 0.37816867420490013, "state": 0.018241694879790406, "border": 0.41736332906577994, "affair": 0.07385050783256324, "lieuten": 1.7381034249282639, "retir": 0.6747939843641221, "abdul": 0.07337008505128344, "baloch": 0.6805070300063013, "someth": 0.16604533929858484, "object": 0.10236468529355097, "pass": 0.12928023310666178, "achiev": 0.3044097625003563, "after": 0.010544124609886296, "year": 0.04240122723985791, "abov": 0.11005798542985967, "subject": 0.3212869644359318, "had": 0.018468993437423205, "forgotten": 2.275969530355947, "cruelti": 1.260829335333506,