{"deputi": 13.495727755345326, "speaker": 3.6692865073644856, "claus": 52.171189901833166, "question": 1.8045319992903726, "stand": 2.8009110425958967, "part": 2.8884040019760824, "bill": 12.767076244894415, "all": 0.04387746625108446, "those": 0.11497614767374877, "favour": 2.2995517968336863, "may": 0.10603322695001133, "say": 0.11180082441675993, "aye": 10.765303778439502, "against": 0.09246143125995179, "think": 0.11408650199815966, "consequ": 22.22082738312281, "schedul": 2.178877920578611, "now": 0.0879622908721858, "put": 0.29828415384532486, "hous": 0.010716678542129529, "preambl": 4.1355418519094425, "short": 0.5527278459206536, "titl": 2.3932179416177664, "one": 0.06993208265416212, "item": 1.626730091410828, "nazar": 7.691865116603564, "muhammad": 0.21830267833527275, "gondal": 9.526942163843314, "minist": 0.06591976966475391, "capit": 5.5915258544565924, "administr": 1.3975820161626902, "develop": 0.6863048094637668, "move": 0.5187546519594664, "beg": 0.7610291483348449, "provid": 0.434091677071255, "grant": 2.46075558219505, "degre": 3.5864950510881908, "award": 2.7663449925742243, "statu": 1.3480318993465004, "pakistan": 0.0013391362626735779, "institut": 0.38579586713781217, "medic": 4.857570219508393, "scienc": 10.839246111491828, "islamabad": 1.990780260675894, "shahe": 5.603625515177217, "zulfiqar": 3.8253869027662057, "ali": 0.21896617575924865, "bhutto": 2.615125020949093, "univers": 6.260449935986699, "pim": 12.194469774003887, "pass": 0.1723736441422157, "ani": 0.045786606987846756, "member": 0.04073422416863383, "who": 0.024174667875320525, "want": 0.21890033855748486, "oppos": 0.8317439020647155, "speak": 0.8035890732835123, "can": 0.016132733676276195, "give": 0.11508402551693277, "them": 0.04708554976053851, "floor": 0.4976950651689735, "nobodi": 0.7727808370406, "motion": 0.9525364429778042, "ha": 0.093481075460635, "been": 0.055947331790231106, "wa": 0.04648567355282788, "adopt": 0.3573887439491919, "adjourn": 0.17235985577652924, "meet": 0.026056073835632625, "again": 0.05016645339301446, "friday": 1.4855714590008158, "februari": 6.663812241648876, "zahid": 5.81329984224568, "hamid": 2.9177775196492544, "sir": 0.061166022066383406, "off": 0.24166937746455794, "follow": 0.0409986820024067, "dahn": 5.229547684438198, "call": 0.13711477515843, "prayer": 0.34422369241911666, "natasha": 41.458864054987, "daultana": 17.18050726348851, "thank": 0.21547549009176617, "jamshaid": 6.474235039495983, "ahmad": 0.9448481196688957, "dasti": 4.41824559658767, "chairman": 0.21226784762327308, "committe": 0.7486030573165908, "delay": 1.397096832820741, "present": 0.14374391710726275, "report": 0.3543522885887738, "establish": 0.44795618619635924, "technolog": 7.255800039592688, "till": 0.329181940134245, "today": 0.07593625750412117, "condon": 7.879399460198966, "sorri": 0.21088910757307266, "mahesh": 3.698071313473809, "kumar": 1.7044134015452803, "malani": 4.1734950101888835, "sahib": 1.7968424845389346, "ask": 0.3147459710513246, "count": 2.3214424521333266, "made": 0.07681182950383439, "proceed": 0.234872409920671, "are": 0.024134092674223114, "suspend": 0.583155583908524, "quorum": 2.0534449584440537, "complet": 0.32779769848845003, "reassembl": 0.9686299223902812, "chair": 0.003573822706589759, "order": 0.03163237382965889, "shakeela": 4.334651339230747, "khanam": 2.403714447679604, "rashe": 1.8884769385322442, "how": 0.22232342226834273, "much": 0.14835195351706656, "money": 0.5752650040519129, "collect": 0.38032595411191145, "park": 9.405882873198522, "time": 0.008966659494040768, "where": 0.08212253532918921, "kept": 0.3882816715272165, "khurshid": 6.59653374445708, "shah": 1.985718217978113, "sy": 1.3125031653629773, "bank": 0.4523216381335394, "there": 0.026851709197935704, "place": 0.03739268734287312, "cda": 5.429915978068336, "locker": 7.360427392147605, "natur": 0.17409837455214916, "their": 0.04569914565268012, "exactli": 0.4075874211080716, "use": 0.03013026654504301, "fact": 0.03728551923066561, "right": 0.04422562873466789, "newspap": 0.23883169111087296, "also": 0.01658272805324468, "come": 0.06627076684375707, "rumor": 2.4236652340989524, "were": 0.009191859359872549, "spent": 0.7739993371499655, "anoth": 0.056699063091332644, "head": 0.07939202303741066, "they": 0.03895681434424597, "will": 0.02904380117811172, "definit": 0.24679759383147729, "answer": 0.15878404607482133, "get": 0.029670390703413315, "receiv": 0.06333415852349787, "what": 0.03103626882549995, "balanc": 0.6441551260587806, "find": 0.09276933550158675, "out": 0.04315650956884979, "be": 0.014385503189616596, "save": 0.17516135631580662, "somewher": 0.4915234184833573, "els": 0.1653716234139118, "point": 0.05404334392515474, "reg": 2.411370394509032, "quroum": 6.615842045558088, "hanif": 3.75895847361744, "abbasi": 1.9982037765129452, "second": 0.1921430393430788, "packer": 0.5602296786263543, "herebi": 1.3874108064742179, "taken": 0.11815291196698173, "into": 0.05520712509550091, "consider": 0.37385868897778163, "onc": 0.24468076143438947, "someth": 0.08302266964929242, "should": 0.06055899789531191, "voic": 0.3572170617191219, "interrupt": 0.186391420861073, "nois": 0.998465070866015, "then": 0.010318620042463134, "doe": 0.04833662709885984, "talk": 0.13190579176967285, "khurshe": 1.870909917194838, "ahm": 0.19240647269900452, "make": 0.045786606987846756, "brief": 0.3768665906876018, "statement": 0.08447862719840825, "nazir": 0.9972544169651189, "bughio": 3.018529784969642, "nawab": 0.7650773805532411, "wasan": 4.103536421581973, "rashid": 0.5447194801446528, "sahiba": 1.3275750148635528, "enclav": 19.7736823585776, "which": 0.041652837755142794, "project": 0.7774675456287217, "progress": 0.30804723240977877, "compound": 2.276375025303002, "wall": 1.8285685318479963, "about": 0.038302398525262224, "sixti": 0.8648579694175929, "percent": 0.553220304133778, "rest": 0.11255237435103191, "piec": 0.9996771922265442, "disciput": 4.557453913076085, "some": 0.021428585808309624, "area": 0.06666828878526493, "chart": 7.908481174968381, "construct": 0.3345103150929882, "phase": 0.8228284371739443, "boundari": 1.3075743481568831, "march": 0.3616927725153635, "access": 0.995441179840938, "road": 0.26699447192769327, "complate": 2.8203528563858935, "juli": 0.4588630599725327, "infraistructur": 5.2721072988569935, "work": 0.020289244224425688, "packag": 1.0752323088570808, "two": 0.026960641919799612, "decemb": 0.801801338691552, "sewerarag": 4.233214244890506, "treatment": 0.5811583793301294, "plant": 0.47955591391136615, "novemb": 0.5944142472647268, "blood": 0.6268806286682246, "nag": 2.496804870745616, "sinc": 0.037980687837041345, "sign": 0.2950737513075056, "director": 0.439628335123208, "engin": 0.7766354437386999, "keep": 0.04799824394467654, "record": 0.2558087618170317, "commit": 0.19476193010965853, "offici": 0.117058014013403, "okay": 0.560620532647355, "take": 0.01748302066354053, "talat": 17.001010249195147, "masar": 4.280801932489561, "messer": 8.818624120953036, "honor": 0.5539070932511181, "pay": 0.07818473084682413, "attent": 0.3692525391628162, "hameedullah": 3.32619714980168, "jan": 1.1179909933349754, "inform": 0.0623835881097159, "nab": 1.51902905522078, "said": 0.01869634367143656, "rebalot": 16.815203029572285, "correct": 0.10409671591336027, "given": 0.018468993437423205, "detail": 0.10931088042686077, "long": 0.043326429794618315, "fund": 0.23968215182832747, "near": 0.43066275782670843, "util": 0.5181423653816188, "name": 0.01892374560533286, "veri": 0.030129855938922822, "good": 0.026228046512440355, "ive": 2.518723556453262, "too": 0.07529316256702503, "texa": 4.347158504239724, "houston": 4.796683602141918, "beauti": 2.7096298668747134, "after": 0.010544124609886296, "transpar": 1.27830396585677, "ballot": 2.020722195423498, "whi": 0.04123121310448916, "these": 0.019735526814467108, "object": 0.10236468529355097, "observ": 0.3952518754583488, "balloot": 5.111764648781814, "becaus": 0.020289244224425688, "proper": 0.2965736765924634,