{"statement": 0.5913503903888577, "murder": 6.780409456731968, "mir": 1.432091363536574, "thank": 0.16160661756882463, "hous": 0.006251395816242225, "wa": 0.06972851032924182, "adjourn": 0.17235985577652924, "meet": 0.039084110753448933, "again": 0.0752496800895217, "four": 0.10632514934266289, "clock": 0.660929752495378, "afternoon": 1.180665496292854, "monday": 1.3011007455082586, "septemb": 4.295216976975033, "pcppi283399": 8.407601514786142, "na1852000400": 7.308989226118033, "murtaza": 12.303586121131687, "bhutto": 6.276300050277823, "opposit": 1.7803727630504147, "leader": 0.9384713884946208, "speaker": 1.1675002523432454, "mian": 0.5567552327518406, "muhammad": 0.27287834791909094, "nawaz": 0.9764906482510521, "sharif": 1.175930424837102, "what": 0.18621761295299968, "they": 0.08440643107919961, "are": 0.037541921937680404, "make": 0.011446651746961689, "today": 0.3037450300164847, "doe": 0.09667325419771967, "know": 0.0897009065655138, "which": 0.04859497738099993, "should": 0.040372665263541274, "recogn": 0.6906953794877545, "now": 0.05497643179511612, "had": 0.055406980312269614, "said": 0.11217806202861935, "some": 0.0857143432332385, "time": 0.08966659494040768, "ago": 0.8851214881984443, "zulfiqar": 0.7650773805532411, "who": 0.07252400362596158, "terrorist": 2.175473169954346, "organ": 0.4714390173166456, "probabl": 0.2136484912224006, "use": 0.03013026654504301, "same": 0.08480245447971582, "kind": 0.17381988747538846, "word": 0.22949090019931265, "raw": 1.5934974487817852, "agent": 1.7478156098750217, "were": 0.09191859359872548, "sit": 0.09272125028758406, "insid": 0.4799315990795481, "hidden": 0.8680426854851128, "newspap": 0.4776633822217459, "headlin": 2.1104921948522075, "contribut": 0.586359431262585, "found": 0.1855386710031735, "befor": 0.056089031014309676, "there": 0.04833307655628427, "fire": 2.3214424521333266, "process": 0.11906705537222552, "larkana": 1.3267336180953613, "peopl": 0.10911673848601751, "kill": 0.6534901902903141, "injur": 2.2745772574142364, "begum": 1.638779157558462, "nusrat": 1.8325256741865226, "surviv": 0.9081782241939145, "least": 0.1968339741996903, "must": 0.11765394998973767, "fact": 0.18642759615332805, "truth": 0.9750366314658174, "right": 0.15478970057133762, "wrong": 0.41507098080925975, "matter": 0.08487609219987566, "sinc": 0.07596137567408269, "did": 0.08143454083012969, "session": 0.335727509349798, "onli": 0.0890304104884953, "condol": 9.595153317374193, "when": 0.06461808024653726, "discuss": 0.12714388475818925, "then": 0.11350482046709448, "both": 0.0645236436167609, "side": 0.08983534806679931, "will": 0.0335120782824366, "expos": 1.048133876530522, "mutual": 1.1255278566926783, "agre": 0.09694060887891849, "leather": 2.1673256696153733, "object": 0.10236468529355097, "treasuri": 0.5144026452415343, "bench": 0.4437935615546922, "till": 0.1645909700671225, "nation": 0.13190065289128552, "assembl": 0.003347840656683945, "pakistan": 0.002455083148234893, "sept": 10.470565375555559, "contradict": 0.9198677533496986, "these": 0.019735526814467108, "divis": 0.21171612347134666, "pure": 0.8132202722343262, "here": 0.22449990934960717, "rightli": 0.8717710519877756, "talk": 0.32976447942418213, "about": 0.17236079336368001, "way": 0.20106895167658145, "die": 1.0063386197936794, "man": 0.3488712616911387, "principl": 1.0761471100980409, "believ": 0.4982448475756195, "end": 0.05481137966151531, "though": 0.26379353801465827, "may": 0.03976246010625425, "differ": 0.07920925946406476, "upright": 3.6369168903204785, "brave": 1.5875851501120128, "bold": 1.7229897871182158, "best": 0.21558460024926693, "against": 0.18492286251990359, "veri": 0.09038956781676846, "forc": 0.09718652059785104, "brought": 0.0873969172072642, "into": 0.027603562547750454, "be": 0.04315650956884979, "becaus": 0.12173546534655413, "all": 0.02507283785776255, "product": 0.23036662927595028, "martial": 1.8884769385322442, "law": 0.19598022570466114, "resist": 1.5406682303242611, "seven": 0.2340260281519899, "long": 0.043326429794618315, "year": 0.12720368171957375, "interrupt": 0.372782841722146, "maj": 5.768898837452673, "retd": 3.2002978819886043, "nasirullah": 9.224648164562321, "khan": 0.09157321397569351, "babar": 3.8109692325772717, "patienc": 0.9680422056528235, "earlier": 0.20156375200732868, "seen": 0.22061428903845268, "boy": 2.950308701232344, "grow": 1.4278724799954983, "known": 1.0158561136034412, "famili": 1.3906587500095644, "been": 0.08951573086436977, "intim": 1.734303547018489, "involv": 0.1404093288539981, "them": 0.05650265971264621, "whi": 0.16492485241795665, "out": 0.014385503189616596, "set": 0.06905663479756417, "day": 0.03557450539947198, "rais": 0.13697882592359048, "those": 0.0821258197669634, "issu": 0.035202908273139, "happend": 3.9887609069895453, "malakand": 7.231527344379881, "happen": 0.3836796576306072, "karachi": 0.5721474814118516, "appropri": 0.5386577525119155, "respond": 0.7911665512541639, "clear": 0.08715340082958438, "consic": 6.328159973106307, "respons": 0.08153240991693553, "god": 0.2326113257614729, "apart": 0.6479873640892398, "one": 0.01748302066354053, "occas": 0.4517621193160701, "give": 0.04315650956884979, "full": 0.22710374936823066, "detail": 0.21862176085372154, "come": 0.053016613475005664, "formal": 1.5494320187820196, "can": 0.04033183419069049, "keep": 0.1439947318340296, "shout": 1.1967830613139228, "cow": 2.1404009662447807, "home": 0.7316078112756342, "worri": 0.5692581992290265, "point": 0.05404334392515474, "tragic": 7.022680279998406, "ha": 0.09773021525430023, "answer": 0.3969601151870533, "think": 0.1996513784967794, "enough": 0.2385483648588005, "pay": 0.07818473084682413, "tribut": 1.0564432883554495, "fought": 0.9651087919917024, "sympathis": 6.579215404738775, "sahiba": 2.6551500297271056, "person": 0.08389077356408875, "most": 0.09039079963512903, "her": 0.6203504323778594, "struggl": 0.8622117651743194, "along": 0.32057604411844187, "almost": 0.23430807581991514, "could": 0.1794831505925566, "better": 0.07337008505128344, "inform": 0.3119179405485795, "how": 0.03705390371139045, "entir": 0.38579586713781217, "prime": 0.12461282204354034, "minist": 0.06591976966475391, "lost": 0.7420562101576609, "brother": 1.029688980415269, "unfortun": 0.2331803621396466, "sir": 0.030583011033191703, "more": 0.056089031014309676, "pain": 0.8274120968416023, "than": 0.02737417844306307, "myself": 0.5639410526181571, "gentleman": 1.101741482102134, "him": 0.1948309949710454, "saw": 0.48534045643289586, "histori": 0.21088910757307266, "came": 0.1935709308502827, "life": 0.7097567460290666, "convert": 1.060301814042979, "style": 1.1186738202648863, "hypocrit": 2.3231021017109716, "possibl": 0.1806474971298163, "event": 1.606269344148536, "start": 0.08898467750524136, "controversi": 0.8470003520175864, "countri": 0.15191088681469078, "say": 0.031943092690502835, "good": 0.05245609302488071, "enjoin": 3.1981153619447222, "thing": 0.06717218609246703, "limit": 0.3160527295718898, "resolut": 0.33201887811442327, "past": 0.08302266964929242, "whether": 0.04262753634741666, "bajor": 4.536400503878252, "threadbar": 2.9186637886294564, "fulli": 0.25195224442014186, "awar": 0.21088910757307266, "step": 0.15299393346620843, "govern": 0.15362365900766878, "took": 0.576517038614609, "opinion": 0.3792466232708217, "correct": 0.3122901477400808, "other": 0.08088192575939884, "lead": 1.1857556263750464, "also": 0.058039548186356385, "express": 0.48035853150135055, "their": 0.030466097101786747, "survivor": 3.351355709437835, "understand": 0.11907457275575409, "demand": 0.10856433317307636, "tell": 0.1152884854916388, "terror": 5.356810525784835, "three": 0.11500509196660115, "consecut": 5.316417057755779, "reason": 0.038444402197309976, "seri": 1.9324653781763417, "extent": 0.49359518766295457, "bara": 7.301375708750644, "part": 0.06717218609246703, "democraci": 1.1257241005849277, "tri": 0.04870090236449897, "suppress": 1.28958531032081, "place": 0.056089031014309676,