{"sheikh": 4.282777599790134, "aftab": 10.570607441201247, "ahm": 0.7696258907960181, "sir": 0.0917490330995751, "wish": 0.20648987034338454, "move": 0.18526951855695226, "under": 0.016198329428205396, "rule": 0.14835195351706656, "ye": 0.22219049640584604, "what": 0.10862694088924982, "mandat": 3.173183430143418, "they": 0.07142082629778429, "four": 0.10632514934266289, "day": 0.03557450539947198, "ago": 0.3540485952793777, "today": 0.10124834333882823, "lost": 0.7420562101576609, "chakwal": 4.11692504681269, "seat": 1.2775621428523198, "say": 0.047914639035754256, "here": 0.056124977337401794, "resign": 3.5799358804465293, "should": 0.07065216421119723, "asham": 1.146376422814222, "such": 0.06479331771282158, "thing": 0.13434437218493406, "can": 0.016132733676276195, "allow": 0.0741078074227809, "them": 0.04708554976053851, "way": 0.044681989261462544, "speaker": 0.7505358765063721, "victim": 0.7512643483559601, "are": 0.024134092674223114, "disappoint": 1.3100526641713504, "interrupt": 0.9319571043053649, "act": 1.0283225586686269, "shah": 1.2410738862363206, "mehmood": 6.5542987501990115, "qureshi": 5.5564798098426, "sahib": 0.8984212422694673, "order": 0.16870599375818074, "hous": 0.022326413629436517, "becaus": 0.06086773267327707, "question": 0.23833441500061525, "hour": 0.6290396044925637, "hello": 3.734772680324237, "ha": 0.04249139793665227, "said": 0.056089031014309676, "come": 0.03976246010625425, "your": 0.08780054515194632, "mic": 1.0923831250331686, "syria": 2.024094879902137, "mahmood": 0.46169191617301036, "motion": 0.35720116611667657, "pleas": 0.07179326023702264, "talk": 0.3957173753090185, "want": 0.09120847439895204, "permiss": 0.18129552677063493, "head": 0.07939202303741066, "will": 0.02680966262594928, "all": 0.012536418928881275, "leader": 1.2903981591801035, "opposit": 0.8901863815252073, "request": 0.09689352333432781, "sit": 0.2781637508627522, "these": 0.009867763407233554, "member": 0.017457524643700213, "who": 0.012087333937660262, "stand": 0.08487609219987566, "their": 0.02284957282634006, "own": 0.035202908273139, "prorogu": 14.133280764683594, "exercis": 0.5847562245063699, "power": 0.039836836861834625, "confer": 0.43444608134200985, "claus": 0.4075874211080716, "articl": 0.21863465113726777, "constitut": 0.10021540425516123, "islam": 0.26190477872856527, "republ": 1.2083329156679505, "pakistan": 0.0011159468855613149, "herebi": 1.3874108064742179, "nation": 0.034710698129285664, "assembl": 0.0015623256397858409, "session": 0.0671455018699596, "summon": 1.4145863918531825, "wednesday": 0.9476867485450381, "april": 1.5197833883811676, "conclus": 0.5891712427154866, "it": 0.047234444043610185, "busi": 0.056699063091332644, "sign": 0.2950737513075056, "mamnoon": 4.025574880112261, "hussain": 1.1546437141884394, "presid": 0.0891031942818055, "wa": 0.005810709194103485, "dont": 0.17118098752075178, "pay": 0.07818473084682413, "debat": 0.026056073835632625, "friday": 0.7427857295004079, "met": 0.0035770214755437148, "hall": 0.43306867065591476, "parliament": 0.2921501327793507, "islamabad": 0.1658983550563245, "clock": 0.330464876247689, "morn": 0.20156375200732868, "murtaza": 1.3670651245701875, "jave": 0.7168583512442712, "abbasi": 0.666067925504315, "chair": 0.0017869113532948794, "recit": 0.4223348201397539, "holi": 0.15878404607482133, "quran": 0.1816247754292517, "seek": 0.35817445767544936, "refug": 2.0023730567553018, "god": 0.2326113257614729, "most": 0.15065133272521505, "merci": 0.8401540698747524, "banna": 4.00088226752189, "manga": 2.922804581295488, "bless": 0.5313426324829167, "attempt": 0.5815575012671779, "joe": 1.1207251030354435, "jaw": 2.3578680595541854, "rahman": 0.775732940203119, "farman": 2.464802139659442, "translat": 0.17675795058790786, "been": 0.011189466358046221, "kamm": 6.0097062419877725, "dunn": 5.316559061427827, "made": 0.025603943167944794, "naat": 3.6456202448008534, "fateha": 3.35316682860812, "prayer": 1.03267107725735, "point": 0.05404334392515474, "star": 0.4035700069334441, "answer": 0.15878404607482133, "unstar": 1.0094274218156778, "name": 0.01892374560533286, "allah": 0.18129552677063493, "graciou": 1.1734243350362945, "tabl": 0.2385483648588005, "content": 0.37816867420490013, "frdyy": 4.669931896502774, "think": 0.05704325099907983, "senior": 0.9092694477260231, "mani": 0.028751272991650288, "happen": 0.16443413898454592, "take": 0.008741510331770265, "suspens": 1.2459795118469557, "movement": 0.3016903167996347, "suspend": 1.749466751725572, "then": 0.04127448016985254, "onli": 0.014838401748082552, "tell": 0.0576442427458194, "run": 0.08253782115494587, "accord": 0.11742113151091478, "surpris": 0.4973778076887985, "good": 0.026228046512440355, "tradit": 0.421096576232148, "be": 0.014385503189616596, "establish": 0.08959123723927184, "procedur": 0.29303557658347557, "about": 0.038302398525262224, "that": 0.5162707571242545, "right": 0.04422562873466789, "method": 0.5829661663535542, "minist": 0.028251329856323105, "parliamentari": 0.117058014013403, "affair": 0.07385050783256324, "listen": 0.16695265141123064, "also": 0.00829136402662234, "chanc": 0.2885006771486569, "too": 0.07529316256702503, "give": 0.04315650956884979, "anyon": 0.20703871777757932, "had": 0.018468993437423205, "make": 0.022893303493923378, "speech": 0.2256043115871388, "there": 0.005370341839587141, "one": 0.01748302066354053, "hand": 0.11198152831916777, "judg": 2.2440461579798257, "disqualifi": 1.9618816954005647, "other": 0.013480320959899806, "decid": 0.05906368940004558, "jit": 11.067307930473145, "drama": 3.681858169965804, "high": 0.08132672738937845, "judiciari": 1.9455072791482868, "given": 0.018468993437423205, "decis": 0.20430183534059393, "forget": 0.7311278683969866, "nawaz": 1.4647359723765783, "sharif": 1.7638956372556531, "repres": 0.09767852552782519, "crore": 0.38864683163042496, "peopl": 0.012124082054001945, "how": 0.03705390371139045, "situat": 0.059537286377877044, "which": 0.013884279251714265, "sy": 0.23863693915690495, "khurshid": 1.1993697717194691, "ahmad": 0.18896962393377914, "thank": 0.05386887252294154, "histori": 0.21088910757307266, "where": 0.05474835688612614, "understand": 0.059537286377877044, "moral": 0.6822714768690086, "legal": 0.5645328561437063, "democrat": 0.41668605169481787, "alway": 0.11105499448552816, "better": 0.14674017010256687, "moment": 0.17755720466002775, "big": 0.12108014110490693, "clearli": 0.4358253919055153, "two": 0.026960641919799612, "arriv": 0.2150310436339692, "three": 0.028751272991650288, "did": 0.05428969388675313, "oppos": 0.27724796735490514, "matter": 0.028292030733291885, "becom": 0.04030141294452259, "clear": 0.3486136033183375, "just": 0.03589663011851132, "subordin": 1.2576846786540343, "invest": 0.45147516357264306, "owner": 0.6420324336888268, "now": 0.010995286359023224, "mian": 0.37117015516789376, "proper": 0.2965736765924634, "save": 0.5254840689474198, "system": 0.09644896678445304, "democraci": 0.37524136686164256, "alreadi": 0.05811716779601484, "institut": 0.09644896678445304, "safe": 1.4218688665193626, "veri": 0.015064927969461411, "claim": 0.3083509529891827, "figur": 0.2867154936933043, "start": 0.04449233875262068, "announc": 0.21006277506495913, "done": 0.029440532065462974, "would": 0.008966659494040768, "like": 0.013706539714399169, "imran": 1.1105105096257253, "khan": 0.011446651746961689, "minut": 0.10483993408209395, "time": 0.008966659494040768, "riaz": 1.976441863734902, "pirzada": 2.021305824330258, "inter": 0.7404432594669955, "provinci": 0.08885926209374392, "coordin": 0.7883680985593373, "law": 0.03266337095077686, "opportun": 0.09644896678445304, "rana": 1.0161540855078908, "tanveer": 2.7481900609968912, "defens": 0.726964087225207, "product": 0.23036662927595028, "our": 0.027413079428798337, "great": 0.06809554714303293, "parliamentarian": 0.6827130754630695, "men": 0.24337586252031596, "believ": 0.09964896951512389, "women": 0.3801249839256611, "see": 0.033586093046233514,