{"content": 0.37816867420490013, "wednesday": 1.8953734970900762, "novemb": 5.349728225382541, "proceed": 0.234872409920671, "presid": 0.0891031942818055, "address": 0.21281987634278426, "secret": 1.8816040795350821, "sit": 0.04636062514379203, "thursday": 1.6836164647152574, "discuss": 0.5721474814118516, "emerg": 4.03744963755579, "situat": 0.4167610046451393, "aris": 1.8921726483715946, "out": 0.08631301913769958, "largescal": 23.154145608733614, "suppli": 2.188289288376576, "arm": 3.7406912194638107, "india": 0.3652680717431184, "regard": 0.05428969388675313, "place": 0.01869634367143656, "certain": 0.23177250607154637, "document": 0.6210497083574315, "point": 0.07205779190020632, "order": 0.03163237382965889, "paper": 0.34895780257052533, "laid": 0.35339661772173614, "tabl": 0.2385483648588005, "friday": 1.4855714590008158, "session": 0.0671455018699596, "motion": 0.23813411074445104, "creat": 0.059537286377877044, "page": 0.35657930659546483, "saturday": 2.9097457403225495, "indianot": 21.063921460998756, "conclud": 3.963980750375346, "monday": 0.6505503727541293, "indianor": 16.815203029572285, "tuesday": 0.8223204361470174, "demand": 0.10856433317307636, "supplementari": 0.5084480314430455, "grant": 0.08788412793553751, "appropri": 0.26932887625595775, "privileg": 0.2551154390059022, "rais": 0.04565960864119683, "agre": 0.09694060887891849, "list": 0.172240871032795, "member": 0.005819174881233404, "wish": 0.20648987034338454, "take": 0.008741510331770265, "part": 0.033586093046233514, "debat": 0.013028036917816312, "imposit": 1.8297401570650962, "timelimit": 4.054957955772756, "fixat": 2.1929934163639513, "speech": 0.1128021557935694, "joint": 0.8778716286398157, "communiqu": 3.351355709437835, "kashmir": 0.4096021968064129, "decemb": 0.400900669345776, "statement": 0.08447862719840825, "bhutto": 0.5230250041898186, "emmuniqu": 8.407601514786142}