{"shireen": 6.886962270871135, "mehrunnisa": 3.410389241022028, "mazari": 5.457766395191212, "call": 0.0342786937896075, "quorum": 8.213779833776215, "becaus": 0.020289244224425688, "refus": 0.6361127546685269, "let": 0.2224616937631034, "speak": 0.40179453664175613, "speaker": 0.5837501261716227, "hous": 0.008037508906597147, "order": 0.06326474765931778, "proceed": 0.469744819841342, "are": 0.010726263410765829, "suspend": 1.166311167817048, "till": 0.1645909700671225, "complet": 0.0936564852824143, "were": 0.009191859359872549, "reassembl": 0.9686299223902812, "deputi": 0.8229102289844712, "murtaza": 1.3670651245701875, "jave": 0.7168583512442712, "abbasi": 0.666067925504315, "chair": 0.003573822706589759, "count": 3.48216367819999, "made": 0.08961380108780678, "wa": 0.014526772985258712, "star": 0.8071400138668882, "question": 0.20428664142909878, "answer": 0.15878404607482133, "time": 0.008966659494040768, "did": 0.05428969388675313, "talk": 0.06595289588483642, "mike": 4.263105166139148, "point": 0.14411558380041264, "out": 0.07192751594808298, "reg": 2.411370394509032, "drag": 2.2400817489528384, "now": 0.02199057271804645, "close": 0.3776325731242566, "mic": 4.369532500132674, "sahiba": 1.3275750148635528, "read": 0.10868003010453864, "rule": 0.029670390703413315, "suppos": 0.7348436181436326, "without": 0.06857850904138423, "mahar": 3.4889376375906798, "nisa": 5.406910781513824, "gave": 0.3474132292122274, "pleas": 0.03589663011851132, "interrupt": 0.9319571043053649, "packer": 1.680689035879063, "ye": 0.06348299897309886, "their": 0.02284957282634006, "occas": 0.22588105965803504, "maher": 2.242183660554723, "had": 0.03693798687484641, "told": 0.10583175166897728, "murad": 2.004027316851328, "would": 0.017933318988081537, "given": 0.09234496718711602, "saeed": 0.9645231404376278, "sahib": 0.3369079658510502, "will": 0.02457552407378684, "give": 0.014385503189616596, "them": 0.028251329856323105, "opportun": 0.09644896678445304, "today": 0.05062417166941412, "sit": 0.04636062514379203, "they": 0.006492802390707662, "still": 0.04682824264120715, "get": 0.08901117211023994, "floor": 0.4976950651689735, "hour": 0.4193597363283758, "later": 0.15411348644023817, "said": 0.01869634367143656, "found": 0.1855386710031735, "thank": 0.10773774504588308, "saman": 2.801799448490146, "sultana": 2.325382604409697, "jafri": 2.5553990350116687, "after": 0.021088249219772592, "right": 0.04422562873466789, "figur": 0.2867154936933043, "longer": 0.4122948944953212, "know": 0.0598006043770092, "chanc": 0.2885006771486569, "adjourn": 0.25853978366479385, "meet": 0.039084110753448933, "again": 0.10033290678602892, "tuesday": 1.6446408722940349, "januari": 1.8809072744913908, "nation": 0.02776855850342853, "assembl": 0.0013391362626735779, "pakistan": 0.0006695681313367889, "debat": 0.026056073835632625, "monday": 1.3011007455082586, "met": 0.0035770214755437148, "hall": 0.43306867065591476, "parliament": 0.14607506638967535, "islamabad": 0.1658983550563245, "clock": 0.330464876247689, "even": 0.04285717161661925, "sardar": 0.1533327446959599, "ayaz": 1.260829335333506, "sadiq": 0.868574458962148, "recit": 0.4223348201397539, "holi": 0.15878404607482133, "quran": 0.1816247754292517, "translat": 0.17675795058790786, "seek": 0.35817445767544936, "refug": 2.0023730567553018, "devil": 2.058462523406345, "allah": 0.5438865803119048, "begin": 0.220302244630996, "name": 0.01892374560533286, "which": 0.0069421396258571326, "most": 0.03013026654504301, "merci": 0.4200770349373762, "inde": 0.7465451324243135, "children": 0.25713360316213946, "adam": 1.9618816954005647, "mount": 2.1385052310798813, "drought": 2.4465961751628695, "tribe": 1.494858694292967, "citi": 0.21033814337180723, "desert": 1.620884564181062, "sea": 0.8944379695520676, "river": 0.7441938498926635, "susten": 2.805482693906442, "pure": 0.8132202722343262, "thing": 0.033586093046233514, "often": 0.6800664043106946, "creatur": 2.278551304725598, "creat": 0.059537286377877044, "superior": 1.2498660305362366, "excel": 1.2397923304696992, "day": 0.05336175809920797, "rememb": 0.2233667406913219, "when": 0.010769680041089542, "invit": 0.2893944653803608, "everi": 0.03335533268983864, "section": 0.2045712730712839, "peopl": 0.02424816410800389, "forefath": 3.645427579988387, "swollen": 7.686506646636614, "deed": 2.6217602725827653, "hand": 0.055990764159583886, "these": 0.019735526814467108, "happili": 5.059731466013008, "thread": 2.3414934246823953, "oppress": 0.6809478499385003, "whoever": 0.7674783420907794, "blind": 3.1556155545474356, "world": 0.051281548957990586, "hereaft": 2.065480096064992, "path": 0.5732092118757066, "salvat": 2.7206261584463234, "astray": 3.26010703797269, "tabl": 0.2385483648588005, "content": 0.37816867420490013, "naat": 3.6456202448008534, "what": 0.015518134412749974, "master": 1.6405820175270556, "peac": 0.2902890531841694, "upon": 0.1874675576342835, "him": 0.027832999281577914, "save": 0.17516135631580662, "honor": 0.27695354662555904, "person": 0.020972693391022187, "asian": 1.2004826585783872, "mine": 0.571231754241019, "kali": 3.0510152401141304, "kamli": 5.149504976764661, "he": 2.543970339188046, "gift": 2.4173405481959387, "neglig": 1.3009953770588407, "same": 0.021200613619928955, "pair": 2.543970339188046, "beggar": 2.343816306098535, "ass": 2.5468152913202773, "whose": 0.10508779627198599, "door": 0.7059491521439177, "dont": 0.17118098752075178, "dialogu": 1.3548804655538202, "crusal": 6.798163602352043, "who": 0.012087333937660262, "sultan": 1.0824525568305678, "slaveri": 1.9399027886817894, "veri": 0.015064927969461411, "authent": 1.6471868237027152, "head": 0.07939202303741066, "crown": 2.1731907890677715, "open": 0.07385050783256324, "doctor": 0.6189754491611112, "third": 0.19747710962187662, "two": 0.013480320959899806, "our": 0.054826158857596674, "mna": 0.3765413345455248, "been": 0.005594733179023111, "tri": 0.04870090236449897, "take": 0.008741510331770265, "motion": 0.11906705537222552, "parti": 0.10726676894574355, "addit": 0.1327346941008894, "where": 0.02737417844306307, "democraci": 0.37524136686164256, "do": 0.07025295028896769, "resolut": 0.33201887811442327, "against": 0.0308204770866506, "leader": 0.1173089235618276, "make": 0.011446651746961689, "speech": 0.1128021557935694, "ani": 0.011446651746961689, "men": 0.24337586252031596, "although": 0.5170189801296066, "write": 0.5919468729568067}