{"constitu": 2.2779120567078097, "assembl": 0.0022318937711226297, "pakistan": 0.004017408788020734, "februari": 4.240607790140194, "speaker": 1.1675002523432454, "let": 0.40043104877358615, "guid": 2.2566326098799725, "wish": 0.41297974068676907, "peopl": 0.20610939491803307, "want": 0.21890033855748486, "know": 0.20930211531953222, "whether": 0.2983927544319166, "honour": 3.6422718742697757, "member": 0.1512985469120685, "veri": 0.1506492796946141, "seriou": 1.274137310210345, "about": 0.11490719557578667, "divis": 0.8468644938853866, "zahiruddin": 42.78040733834107, "ye": 0.12696599794619773, "think": 0.17112975299723948, "would": 0.16139987089273383, "ask": 0.034971774561258294, "rise": 0.9876702334788722, "their": 0.09901481558080692, "place": 0.03739268734287312, "those": 0.11497614767374877, "who": 0.09065500453245197, "are": 0.09653637069689246, "favour": 1.5330345312224576, "adjourn": 1.6374186298770277, "con": 0.8569402716808074, "sider": 1.831131945737919, "bill": 7.755700522599411, "may": 0.18555814716251984, "seat": 0.8517080952348799, "twentysix": 8.951551764123634, "rose": 2.5327127848713036, "were": 0.13787789039808823, "count": 1.1607212260666633, "against": 0.18492286251990359, "consider": 2.2431521338666895, "nine": 0.7951479726088183, "after": 0.05272062304943148, "paus": 3.623642001649663, "therefor": 0.06285876036859717, "sardar": 2.4533239151353583, "amir": 9.692817806034729, "azam": 9.279391494715531, "khan": 0.18314642795138703, "move": 0.2593773259797332, "hour": 0.10483993408209395, "eleven": 0.7159446919755965, "suspend": 1.166311167817048, "today": 0.1265604291735353, "hous": 0.04108060107816319, "tommorow": 7.021307153666252, "sens": 1.5508760809446485, "mani": 0.11500509196660115, "stand": 0.028292030733291885, "till": 0.329181940134245, "tomorrow": 0.274152839462145, "then": 0.04127448016985254, "three": 0.057502545983300575, "clock": 0.660929752495378, "noon": 1.4201112677851524, "thursday": 0.8418082323576287, "gppkl": 2.935330841114668, "valid": 8.314153444082772, "law": 0.457287193310876, "sheikh": 3.5689813331584452, "mujibur": 26.90573813379921, "rahman": 2.58577646734373, "east": 5.283048699239841, "bengal": 15.429914775806116, "muslim": 1.8353405434206624, "can": 0.08873003521951907, "yusuf": 3.046709841814655, "haroon": 5.938488726304641, "address": 0.21281987634278426, "opposit": 0.395638391788981, "bench": 2.2189678077734607, "your": 0.12292076321272485, "respons": 0.08153240991693553, "also": 0.024874092079867023, "our": 0.15077193685839085, "point": 0.1981589277255674, "order": 0.14761774453840815, "ha": 0.09773021525430023, "gone": 0.09571195655578432, "sir": 0.5810772096306424, "wa": 0.04358031895577614, "dilat": 2.413640087479574, "unhesitatingli": 10.823738482464304, "support": 0.3095432076613847, "had": 0.12928295406196244, "truth": 2.4375915786645437, "honesti": 1.5375481029880174, "been": 0.19022092808678576, "behind": 0.6064004137290616, "while": 0.13715701808276845, "discuss": 0.8900071933073247, "claus": 6.113811316621074, "hammer": 3.1553280867395133, "best": 0.21558460024926693, "capac": 0.43444608134200985, "fact": 0.18642759615332805, "creat": 0.11907457275575409, "interest": 0.07529316256702503, "poor": 0.15229270300054595, "benefit": 0.8780001852509698, "few": 0.45464706210051303, "famili": 2.5031857500172157, "struggl": 3.4488470606972776, "which": 0.13190065289128552, "carri": 0.6659178709156073, "musalman": 3.114296690061651, "subcontin": 1.459664446171174, "india": 0.3652680717431184, "ani": 0.11446651746961689, "particular": 0.42453569524654616, "group": 1.3318097588779627, "class": 0.3171992181928225, "tribe": 1.494858694292967, "constitut": 1.4531233616998378, "rightli": 0.8717710519877756, "said": 0.07478537468574624, "behalf": 1.0870013945350192, "linchpin": 6.210376937449924, "whole": 0.08851809637633186, "busi": 0.28349531545666323, "provid": 0.04823240856347278, "deliber": 0.6889160195876772, "laid": 0.7067932354434723, "down": 0.06523801440556473, "befor": 0.07478537468574624, "go": 0.12718404110336173, "capitalist": 3.201544308787933, "economi": 0.8078083513835502, "basi": 0.09915599440038306, "quot": 1.0718177009249958, "anybodi": 0.6630317054316477, "els": 0.1653716234139118, "govern": 0.10241577267177918, "one": 0.01748302066354053, "whose": 0.21017559254397197, "minist": 0.009417109952107702, "kamini": 3.1764928979315563, "kumar": 1.7044134015452803, "dutta": 2.6775017318125687, "boldli": 2.9565630612204425, "declar": 0.22812132942725155, "onli": 0.11870721398466041, "last": 0.028062488668700897, "night": 1.180789560020055, "base": 0.2045712730712839, "hang": 1.1386813865924215, "head": 0.07939202303741066, "shame": 0.9339644062899368, "becaus": 0.12173546534655413, "consid": 0.0941242668305647, "grossest": 6.798163602352043, "betray": 2.042850757934232, "promis": 0.30380480180435027, "given": 0.055406980312269614, "liber": 1.1003992000214047, "freedom": 1.2545968537555394, "creation": 1.0622366743692744, "appreci": 3.3987505022002407, "much": 0.14835195351706656, "name": 0.07569498242133144, "some": 0.1928572722747866, "gallant": 15.721058801231747, "fighter": 2.4186400978962794, "could": 0.1794831505925566, "speak": 0.2410767219850537, "under": 0.11338830599743777, "ban": 0.43755220981000786, "partydisciplin": 8.407601514786142, "told": 0.3174952550069318, "must": 0.23530789997947535, "pay": 0.15636946169364827, "tribut": 3.1693298650663486, "friend": 0.805371005672678, "honest": 1.0661176624229822, "myself": 0.28197052630907854, "admit": 0.8469591121664319, "great": 0.06809554714303293, "they": 0.2077696765026452, "made": 0.05120788633588959, "outsid": 0.15985762756062677, "what": 0.13966320971474977, "see": 0.13434437218493406, "same": 0.10600306809964477, "courag": 1.4182374538103935, "acced": 2.372120082261387, "demand": 0.21712866634615272, "amend": 0.9309325472351442, "tion": 1.3805004852016278, "surrend": 1.5417104399027048, "fest": 4.103536421581973, "brought": 0.5243815032435852, "home": 0.18290195281890856, "them": 0.16950797913793864, "floor": 0.331796710112649, "saleabl": 5.36307907706272, "commod": 0.998465070866015, "leagu": 1.0161540855078908, "when": 0.12923616049307451, "suit": 9.630123941227923, "adopt": 0.44673592993648986, "doe": 0.09667325419771967, "discard": 3.0416254997642915, "did": 0.05428969388675313, "discu": 4.467630821768413, "sing": 3.926940516171405, "allit": 7.021307153666252, "punjab": 1.6466705345251558, "such": 0.048594988284616183, "other": 0.08088192575939884, "like": 0.027413079428798337, "make": 0.09157321397569351, "refer": 0.3779392478675583, "disclos": 1.3900953718448867, "realli": 0.8413525734872289, "good": 0.20982437209952284, "measur": 0.49302400388069184, "obvious": 0.5747939982612781, "surreptiti": 4.475775882061817, "midst": 7.189003021145943, "countri": 0.11815291196698173, "time": 0.035866637976163074, "without": 0.13715701808276845, "number": 0.0484666280281809, "thing": 0.23510265132363461, "shall": 0.9091535771870489, "sit": 0.09272125028758406, "voic": 0.3572170617191219, "sat": 1.0317193665711306, "here": 0.11224995467480359, "fight": 1.9795739282914822, "everi": 0.06671066537967728, "inch": 1.9587121206392857, "late": 0.36683252041856385, "morn": 0.20156375200732868, "vital": 2.495064614380033, "left": 0.45220799856985694, "overth": 6.46169136573083, "preambl": 1.378513950636481, "still": 0.0936564852824143, "over": 0.1563869624151189, "ment": 1.3105327029677025, "there": 0.05370341839587141, "new": 0.11185655769199682, "introduc": 0.8924241385351314, "amount": 0.21669263360362873, "import": 0.10372412548954463, "submiss": 0.7018886908917156, "relev": 0.2899907683199145, "action": 0.1736420319409632, "actual": 0.20841215570807553, "come": 0.11928738031876274, "question": 0.20428664142909878, "principl": 2.1522942201960817, "resign": 0.8949839701116323, "retrograd": 3.864306732516139, "parti": 0.32180030683723065, "take": 0.09615661364947292, "nevertheless": 0.6062101944946571, "advoc": 1.5964699536638627,