{"constitu": 2.2779120567078097, "assembl": 0.003347840656683945, "pakistan": 0.004463787542245259, "dec": 3.879805577363579, "mark": 1.428239747901935, "respect": 0.1633168547538843, "memori": 2.2510557133853566, "maulana": 4.143525433113983, "sahib": 0.3369079658510502, "hous": 0.006251395816242225, "will": 0.01340483131297464, "adjourn": 0.34471971155305847, "without": 0.06857850904138423, "transact": 1.31585939969099, "ani": 0.011446651746961689, "busi": 0.056699063091332644, "sure": 0.1432381850544757, "desir": 0.4560421836308913, "messag": 1.4173306299453905, "sympathi": 2.175473169954346, "should": 0.010093166315885319, "sent": 0.1118034041499985, "famili": 0.5562635000038257, "deceas": 2.0190401092405135, "would": 0.017933318988081537, "now": 0.032985859077069676, "request": 0.038757409333731126, "ladi": 2.072224439143732, "gentlemen": 1.3522189710809174, "rise": 0.32922341115962406, "your": 0.017560109030389265, "seat": 0.28390269841162663, "those": 0.03285032790678536, "who": 0.018131000906490394, "like": 0.013706539714399169, "offer": 0.32495909661507794, "silent": 2.1013665448602445, "prayer": 0.6884473848382333, "soul": 5.64734143392517, "depart": 0.15021585905570686, "great": 0.2723821885721317, "all": 0.031341047322203185, "member": 0.06401092369356744, "then": 0.030955860127389403, "rose": 2.5327127848713036, "their": 0.038082621377233436, "presid": 0.44551597140902754, "thank": 0.05386887252294154, "stand": 0.028292030733291885, "till": 0.1645909700671225, "friday": 1.4855714590008158, "decemb": 2.00450334672888, "half": 0.10038888815783441, "past": 0.08302266964929242, "four": 0.053162574671331446, "even": 0.021428585808309624, "ggppf24": 8.407601514786142, "ca14250770": 8.407601514786142, "condol": 9.595153317374193, "demis": 15.936228448539092, "shabbir": 9.194216565057395, "ahmad": 0.3779392478675583, "usmani": 19.155994543062945, "believ": 0.09964896951512389, "immort": 2.0958667056332287, "wish": 0.6194696110301536, "may": 0.053016613475005664, "rest": 0.11255237435103191, "peac": 0.2902890531841694, "ahm": 0.19240647269900452, "pass": 0.043093411035553926, "away": 0.28544650396879045, "baghdadul": 8.407601514786142, "jadid": 5.229547684438198, "bahawalpur": 2.1374267618945275, "state": 0.09120847439895204, "tuesday": 0.8223204361470174, "age": 0.8785640295468523, "wa": 0.07263386492629356, "born": 0.5574979696105613, "district": 0.18370613460732224, "bijnaur": 7.714454334226198, "receiv": 0.06333415852349787, "educa": 2.416136967678161, "tion": 1.3805004852016278, "world": 0.3076892937479435, "famou": 1.4644790919667148, "darul": 10.27198467923342, "ulum": 18.631130812349774, "deoband": 15.448514930293982, "pupil": 4.400268329553672, "later": 0.15411348644023817, "becam": 0.812492977918881, "close": 0.1258775243747522, "associ": 0.710610030494993, "late": 0.7336650408371277, "mahmudul": 5.075397004610939, "hassan": 0.650978180247285, "rever": 3.0416254997642915, "whose": 0.10508779627198599, "unfinish": 4.076868174499812, "work": 0.10144622112212844, "tafsirul": 8.407601514786142, "quran": 0.1816247754292517, "com": 0.8177600026034857, "plete": 2.464802139659442, "him": 0.333995991378935, "allama": 1.4529626499051556, "dedic": 1.5500874522407526, "life": 0.8517080952348799, "pursuit": 2.272036623704404, "dissemin": 4.857431499770042, "knowledg": 0.6534901902903141, "head": 0.238176069112232, "teacher": 3.7154667568730724, "madrassah": 4.6009390250158235, "fatehpuri": 8.407601514786142, "delhi": 1.4558293503872317, "year": 0.06360184085978687, "dabel": 7.714454334226198, "surat": 2.2255166080695115, "ultim": 1.0082034314547892, "institut": 0.09644896678445304, "reput": 1.3670651245701875, "erudit": 4.881240990169982, "orient": 1.7982522716187626, "scholar": 1.827455256005168, "had": 0.14775194749938564, "spread": 0.5230250041898186, "throughout": 1.7626905759821692, "islam": 1.047619114914261, "literari": 2.9480160006419838, "ha": 0.012747419380995682, "left": 0.11305199964246423, "show": 0.07963365648065471, "depth": 2.144203252194519, "learn": 1.3209640075318294, "posthum": 5.922694864998142, "degre": 1.7932475255440954, "doctor": 0.6189754491611112, "been": 0.011189466358046221, "confer": 0.43444608134200985, "punjab": 0.1496973213204687, "univers": 0.41736332906577994, "fit": 0.8771215195406066, "tribut": 1.0564432883554495, "scholarship": 1.608545652727347, "selfless": 7.325338772845786, "devot": 1.5734927759723045, "duti": 0.3926830905832524, "pieti": 3.160577442625657, "deep": 1.0538791843865116, "nor": 0.12410738862363206, "oblivi": 3.6369168903204785, "mundan": 5.36307907706272, "affair": 0.07385050783256324, "social": 0.414656967468037, "patriot": 0.9918245393707495, "fervour": 4.796683602141918, "zeal": 2.6268579989938137, "freedom": 1.8818952806333091, "were": 0.027575578079617646, "uniqu": 5.326799212171539, "cha": 3.782628701501872, "racter": 6.798163602352043, "dure": 0.16944298603247662, "balkan": 5.635012792546362, "war": 0.3697352800765253, "took": 0.1153034077229218, "lead": 0.3952518754583488, "part": 0.10075827913870054, "collect": 0.19016297705595572, "money": 0.11505300081038258, "hilaleahmar": 6.615842045558088, "red": 0.9656947867345186, "crescent": 2.9651838042643495, "fund": 0.23968215182832747, "taken": 0.033757974847709066, "promin": 4.590916329866143, "polit": 0.39859587806049557, "activ": 0.26991332980853827, "prepartit": 2.684016412833762, "india": 0.1826340358715592, "culmin": 3.1981153619447222, "glori": 1.6861758139954994, "career": 1.8104558128994914, "reach": 0.14866105179768335, "when": 0.021539360082179083, "rare": 1.6518325928018878, "vision": 0.9816478577086022, "superb": 5.411869241232152, "bold": 1.7229897871182158, "sever": 0.14375338341723665, "long": 0.043326429794618315, "connect": 0.3754735457469839, "old": 0.16510836159851744, "reactionari": 3.248546215571614, "colleagu": 0.4875183157329087, "establish": 0.17918247447854369, "jamiatul": 6.0097062419877725, "ulemaiislam": 7.714454334226198, "which": 0.020826418877571397, "founderpresid": 7.308989226118033, "threw": 2.524279126297864, "himself": 0.17542727840220274, "heart": 0.31352836671679074, "into": 0.05520712509550091, "struggl": 0.8622117651743194, "weight": 1.3141968889173767, "support": 0.12381728306455389, "factor": 2.1070171197594534, "achiev": 0.3044097625003563, "sourc": 0.29897824643154874, "strength": 0.6539779682263968, "father": 0.7209801798415232, "nation": 0.020826418877571397, "quaidiazam": 1.8145569806437063, "after": 0.010544124609886296, "though": 0.5275870760293165, "fail": 0.3729704818630369, "health": 0.6953863604157329, "constant": 1.3954862204797631, "endeavour": 1.8508231586281005, "build": 0.3588492376696462, "strengthen": 0.5305836191637452, "infant": 2.816614534275286, "educationist": 3.390321677971219, "par": 1.3083997712330506, "excel": 1.2397923304696992, "realis": 3.592565659846065, "greatest": 2.0886438556462092, "make": 0.03433995524088507, "lay": 0.46666175245835156, "reorient": 3.283637535382884, "countrywid": 3.357745507536606, "educ": 0.4514256863661398, "nationbuild": 7.378205286982097, "effort": 0.17462972419270578, "therefor": 0.1885762811057915, "mainli": 1.0693633647205536, "direct": 0.10508779627198599, "end": 0.10962275932303062, "mission": 0.7362405915954993, "call": 0.068557387579215, "last": 0.056124977337401794, "journey": 1.4303201731553956, "best": 0.21558460024926693, "readili": 1.9290918725775739, "respond": 0.39558327562708195, "practic": 0.347134614188204, "laid": 0.35339661772173614, "down": 0.06523801440556473, "altar": 4.063796092932459, "most": 0.06026053309008602, "poig": 8.407601514786142, "nant": 4.557453913076085, "contempl": 1.6753908083189368, "sweet": 3.2736241817543266, "ring": 1.3026360665163008, "voic": 0.3572170617191219, "longer": 0.4122948944953212, "heard": 0.19693348362316646, "floor": 0.1658983550563245, "piti": 1.37321358487064, "given": 0.018468993437423205, "complet": 0.04682824264120715, "provid": 0.04823240856347278, "inscrut": 6.105016421792097,