{"constitu": 4.555824113415619, "assembl": 0.00669568131336789, "pakistan": 0.006472491936255626, "motion": 3.9292128272834423, "move": 1.0004554002075423, "next": 0.3952403538999175, "sep": 10.233106939357135, "hous": 0.04911810998476034, "stand": 0.19804421513304318, "adjourn": 2.068318269318351, "till": 1.0698413054362963, "octob": 3.6427505028054754, "sardar": 1.0733292128717193, "shaukat": 11.352031222160967, "hyat": 11.60413393936918, "khan": 0.12591316921657858, "got": 0.513646950364557, "amend": 0.7757771226959536, "may": 0.18555814716251984, "oclock": 1.7880990763228906, "even": 0.021428585808309624, "mohammad": 0.21414581717281245, "abul": 1.5595962402097798, "quasem": 2.4569589621984163, "east": 5.283048699239841, "bengal": 15.429914775806116, "muslim": 1.9765205852222518, "sir": 0.42816215446468386, "support": 0.12381728306455389, "honour": 3.6422718742697757, "moham": 7.567688980620546, "ali": 0.4066514692671761, "presid": 1.960270274199721, "correct": 0.3122901477400808, "think": 0.11408650199815966, "there": 0.1181475204709171, "onli": 0.19289922272507318, "one": 0.06993208265416212, "ment": 1.3105327029677025, "today": 0.27843294418177766, "other": 0.10784256767919845, "member": 0.16875607155576872, "will": 0.04244863249108636, "say": 0.14374391710726275, "anyth": 0.11856441650765959, "these": 0.039471053628934216, "two": 0.053921283839599224, "put": 0.22371311538399363, "them": 0.05650265971264621, "vote": 0.8807282172881593, "first": 0.03693798687484641, "all": 0.0501456757155251, "question": 0.8171465657163951, "wa": 0.03486425516462091, "negativ": 1.9634702580857024, "adopt": 0.8041246738856818, "then": 0.061911720254778806, "ten": 0.2849264673335397, "clock": 0.660929752495378, "wednesday": 1.8953734970900762, "gppkl": 2.935330841114668, "ca61053340": 8.407601514786142, "veri": 0.12051942375569129, "long": 0.043326429794618315, "period": 0.09179038290260261, "would": 0.16139987089273383, "certainli": 0.5657169888011506, "welcom": 0.9233838323460207, "postpon": 10.979561012162913, "consider": 3.925516234266707, "constitut": 0.6012924255309674, "peopl": 0.10911673848601751, "power": 0.07967367372366925, "were": 0.04595929679936274, "come": 0.10603322695001133, "out": 0.057542012758466383, "tell": 0.0576442427458194, "countri": 0.16878987423854533, "within": 0.08618682207110785, "most": 0.09039079963512903, "three": 0.028751272991650288, "month": 0.1708058227956582, "they": 0.1038848382513226, "are": 0.0563128829065206, "go": 0.0847893607355745, "hold": 0.17915763178210917, "direct": 0.10508779627198599, "elect": 0.13400971658651162, "over": 0.044681989261462544, "new": 0.11185655769199682, "consid": 0.23531066707641174, "report": 0.5118421946282289, "reason": 0.2691108153811698, "present": 0.031943092690502835, "sit": 0.3245243760065442, "hand": 0.055990764159583886, "compos": 4.296040101442441, "their": 0.06093219420357349, "own": 0.070405816546278, "differ": 0.1980231486601619, "bargain": 1.6495070103584122, "amongst": 1.6283925343730496, "themselv": 0.38032595411191145, "sure": 0.5729527402179028, "take": 0.08741510331770265, "note": 0.7852857055479061, "know": 0.299003021885046, "how": 0.0741078074227809, "wast": 0.6827878935597587, "money": 0.11505300081038258, "time": 0.13449989241061153, "respons": 0.08153240991693553, "fact": 0.14914207692266243, "import": 0.0829793003916357, "institut": 0.09644896678445304, "shall": 0.9091535771870489, "abid": 1.0596576916374558, "wish": 0.41297974068676907, "mian": 0.5567552327518406, "iftikhar": 1.2475323071900164, "uddin": 2.348478319204346, "ha": 0.08073365607963931, "issu": 0.10560872481941701, "befor": 0.2804451550715484, "also": 0.07462227623960106, "arithmet": 3.8537246231856024, "confus": 0.673042670431387, "find": 0.09276933550158675, "programm": 0.43306867065591476, "meet": 0.27358877527414255, "legislatur": 1.887329820634436, "monday": 1.3011007455082586, "transact": 5.26343759876396, "offici": 0.351174042040209, "legisl": 2.4449662634636, "busi": 0.6803887570959917, "could": 0.4307595614221358, "again": 0.12541613348253616, "either": 0.9417482506969569, "constitutionmak": 24.333003998114332, "bodi": 0.7412657636537048, "therefor": 0.6914463640545688, "suggest": 1.0333860446965766, "ahmad": 0.7558784957351166, "jaffer": 7.442026466447196, "sind": 2.616914437026163, "point": 0.1801444797505158, "can": 0.09679640205765716, "some": 0.171428686466477, "week": 1.3668318712874779, "afternoon": 5.90332748146427, "morn": 0.40312750401465736, "attend": 0.6541090979232896, "abdul": 0.29348034020513375, "hamid": 1.1671110078597018, "leader": 0.2346178471236552, "opposit": 0.1978191958944905, "complain": 0.8325298152785822, "been": 0.08951573086436977, "too": 0.2258794877010751, "much": 0.11868156281365326, "delay": 1.746371041025926, "frame": 2.491438751728392, "him": 0.027832999281577914, "due": 0.053633384472871776, "committe": 0.3743015286582954, "which": 0.11801637363957125, "figur": 0.5734309873866086, "took": 0.1153034077229218, "inordin": 3.571319607834665, "certain": 0.46354501214309274, "decis": 0.20430183534059393, "well": 0.05199795535250759, "complic": 1.3811747060865074, "con": 0.8569402716808074, "titut": 2.4261873035316626, "thrash": 2.7835840085988046, "matter": 0.42438046099937826, "agre": 0.19388121775783698, "principl": 1.345183887622551, "whole": 0.17703619275266372, "abl": 0.19071582713728386, "ani": 0.2060397314453104, "object": 0.8189174823484078, "outsid": 0.15985762756062677, "what": 0.18621761295299968, "your": 0.03512021806077853, "view": 0.06571454526995534, "about": 0.038302398525262224, "after": 0.05272062304943148, "qaiyum": 5.368032825667524, "propos": 1.2024196846954684, "made": 0.05120788633588959, "prime": 0.12461282204354034, "minist": 0.018834219904215403, "should": 0.222049658949477, "accept": 0.10806694445354559, "regard": 0.05428969388675313, "second": 0.1921430393430788, "like": 0.06853269857199584, "last": 0.08418746600610269, "night": 0.39359652000668505, "had": 0.11081396062453923, "read": 0.10868003010453864, "answer": 0.07939202303741066, "friend": 0.3451590024311477, "nur": 2.086833220535561, "ahm": 0.09620323634950226, "mani": 0.028751272991650288, "becom": 0.04030141294452259, "difficult": 0.23543706267423922, "session": 0.4700185130897172, "now": 0.1869198681033948, "prepar": 0.15854924061485107, "withdraw": 0.7485349978121638, "provid": 0.04823240856347278, "part": 0.033586093046233514, "specif": 0.26932887625595775, "entitl": 0.7032403468758306, "thereaft": 1.3067496058420929, "pirzada": 5.053264560825646, "abdu": 4.6597410375933634, "sattar": 2.390246173172678, "abdur": 6.063902470935559, "rahman": 0.775732940203119, "mu": 3.271803077735881, "lim": 3.5023267363477135, "perfectli": 1.7105672671196586, "simpl": 1.0902086351111964, "whenev": 0.26089246258282445, "stage": 0.7920841252422616, "anoth": 0.34019437854799583, "see": 0.16793046523116756, "strength": 0.6539779682263968, "order": 0.10544124609886296, "rais": 0.04565960864119683, "further": 0.238176069112232, "place": 0.0934817183571828, "subsequ": 1.571833032123064, "date": 0.8813215691857463, "noth": 0.22310774404288447, "rule": 0.08901117211023994, "prevent": 0.39062376802388077, "ye": 0.03174149948654943, "open": 0.14770101566512647, "formal": 1.5494320187820196, "left": 0.22610399928492847, "malik": 0.9118309534223759, "posit": 0.15243553458878847, "quit": 1.0831564725091936, "who": 0.04834933575064105, "himself": 0.17542727840220274, "discuss": 0.5721474814118516, "right": 0.13267688620400367, "technic": 1.3618098995041492, "same": 0.021200613619928955, "although": 0.5170189801296066, "request": 0.09689352333432781, "consi": 4.261916050888997, "derat": 2.4211495095017055, "defer": 2.049464607457817, "latter": 1.9138476749344566, "portion": 0.8873669583115156, "gurmani": 22.46373138464222, "particular": 0.42453569524654616, "want": 0.23714203343727527, "sens": 0.3101752161889297, "respect": 0.03266337095077686, "shri": 7.955577903597693, "sri": 3.0057014896486094,