{"iii": 0.58435582410062, "emigr": 2.7105080282807386, "amend": 0.9309325472351442, "bill": 3.1022802090397645, "privat": 1.0207333570350583, "member": 0.058191748812334035, "antihonour": 7.308989226118033, "kill": 0.32674509514515704, "law": 0.13065348380310743, "crimin": 1.3539748974448067, "antirap": 5.463162535619703, "commiss": 0.18424261530688454, "second": 0.1921430393430788, "then": 0.030955860127389403, "would": 0.008966659494040768, "like": 0.013706539714399169, "say": 0.015971546345251417, "few": 0.0757745103500855, "thing": 0.06717218609246703, "take": 0.01748302066354053, "motion": 1.7860058305833828, "move": 0.33348513340251407, "speaker": 0.5420536885879353, "now": 0.02199057271804645, "put": 0.07457103846133122, "hous": 0.0053583392710647645, "question": 0.06809554714303293, "adopt": 0.5360831159237879, "consequ": 1.0581346372915623, "wa": 0.008716063791155228, "unanim": 1.334743980045923, "muhammad": 0.27287834791909094, "ishaq": 10.61386894476289, "dar": 10.520222390491712, "thank": 0.05386887252294154, "beg": 0.5073527655565633, "under": 0.016198329428205396, "rule": 0.08901117211023994, "parliament": 1.314675597507078, "joint": 4.828293957518986, "sit": 0.5563275017255044, "colleg": 0.4032359498065694, "into": 0.05520712509550091, "confid": 0.35212637302886846, "taken": 0.033757974847709066, "someth": 0.16604533929858484, "share": 0.29387542881539697, "too": 0.07529316256702503, "whi": 0.04123121310448916, "are": 0.008044697558074371, "do": 0.14050590057793538, "committe": 0.6862194692068749, "ye": 0.12696599794619773, "reg": 4.822740789018064, "composit": 4.566275534253977, "refer": 0.3779392478675583, "majliseshoora": 18.857080964937417, "discuss": 0.06357194237909462, "way": 0.044681989261462544, "follow": 0.12299604600722011, "pakistan": 0.000892757508449052, "intern": 0.1432381850544757, "airlin": 1.6970784053337147, "corpor": 0.3723226036414763, "convers": 0.75838519496551, "civil": 0.2620518830025592, "servant": 0.3853605979796061, "top": 0.37784299434532065, "can": 0.008066366838138097, "comment": 0.6682423120970448, "yet": 0.21291428144699076, "need": 0.03705390371139045, "give": 0.014385503189616596, "mike": 1.4210350553797162, "pleas": 0.03589663011851132, "dont": 0.17118098752075178, "dictat": 0.9505694256637626, "what": 0.10862694088924982, "sahib": 0.22460531056736682, "financ": 0.18236619068447518, "minist": 0.009417109952107702, "think": 0.08556487649861974, "opposit": 0.2967287938417358, "leader": 0.1173089235618276, "bit": 0.5493473326001138, "must": 0.05882697499486884, "make": 0.03433995524088507, "our": 0.013706539714399169, "own": 0.035202908273139, "busi": 0.11339812618266529, "should": 0.030279498947655956, "honor": 0.5539070932511181, "agre": 0.09694060887891849, "regul": 0.38339402900756525, "want": 0.03648338975958081, "rais": 0.09131921728239366, "ani": 0.011446651746961689, "other": 0.013480320959899806, "come": 0.06627076684375707, "will": 0.0223413855216244, "see": 0.2015165582774011, "until": 0.20429748799086053, "sir": 0.061166022066383406, "unless": 0.17622546921217408, "chamber": 0.35339661772173614, "go": 0.04239468036778725, "shah": 0.12410738862363206, "pass": 0.08618682207110785, "provok": 2.213196123681471, "let": 0.13347701625786204, "start": 0.04449233875262068, "referr": 6.664855399104632, "six": 0.21513960601313567, "consist": 0.6239609185648898, "elect": 0.13400971658651162, "senat": 1.8524374034159348, "mushahid": 3.074882721520774, "ullah": 1.4673790456665043, "khan": 0.03433995524088507, "mir": 0.2864182727073148, "hasil": 4.188093809610036, "bizenjo": 3.0139739684337816, "saeed": 2.8935694213128835, "ghani": 4.6597410375933634, "zahid": 1.162659968449136, "hamid": 0.5835555039298509, "mna": 2.6357893418186737, "shahid": 0.9254825912340275, "khaqan": 1.8973431742629934, "abbasi": 0.666067925504315, "khurram": 1.9352552202852424, "dastgir": 1.9634702580857024, "sy": 0.11931846957845248, "nave": 0.8857422625845136, "qamar": 0.8340702520401927, "asad": 1.1207251030354435, "umar": 1.5139451601835074, "farooq": 0.7737479551043748, "sattar": 0.7967487243908926, "maulana": 0.31873272562415256, "fazalurrehman": 3.587319949181106, "shall": 0.18183071543740978, "final": 0.13733240334951877, "it": 0.03148962936240679, "report": 0.03937247650986376, "april": 2.532972313968613, "today": 0.07593625750412117, "march": 1.0850783175460905, "author": 0.10434439393320229, "such": 0.016198329428205396, "chang": 0.08447862719840825, "when": 0.03230904012326863, "requir": 0.051516483764662786, "adjourn": 0.17235985577652924, "meet": 0.026056073835632625, "again": 0.12541613348253616, "monday": 1.3011007455082586, "debat": 0.026056073835632625, "tuesday": 1.6446408722940349, "met": 0.0035770214755437148, "even": 0.021428585808309624, "sardar": 0.1533327446959599, "ayaz": 1.260829335333506, "sadiq": 0.868574458962148, "chair": 0.0017869113532948794, "recit": 0.4223348201397539, "holi": 0.15878404607482133, "quran": 0.1816247754292517, "after": 0.010544124609886296, "evid": 0.48534045643289586, "came": 0.0645236436167609, "them": 0.018834219904215403, "there": 0.010740683679174282, "longer": 0.4122948944953212, "among": 0.3147504872477591, "god": 0.11630566288073645, "guid": 0.7522108699599909, "those": 0.01642516395339268, "who": 0.006043666968830131, "believ": 0.19929793903024778, "they": 0.03895681434424597, "disagre": 1.918535307777335, "truth": 0.4875183157329087, "permiss": 0.18129552677063493, "translat": 0.17675795058790786, "joe": 2.241450206070887, "kafir": 2.991501112581723, "momnnu": 5.922694864998142, "beriz": 6.798163602352043, "allah": 0.5438865803119048, "jasa": 6.210376937449924, "mind": 0.1473672231788459, "differ": 0.1980231486601619, "book": 0.5533184251085312, "forbidden": 1.3811747060865074, "presenc": 0.709572344513338, "agii": 8.407601514786142, "against": 0.0308204770866506, "kaya": 4.475775882061817, "tabl": 0.2385483648588005, "content": 0.37816867420490013, "naat": 3.6456202448008534, "sovereignti": 1.0519604118118895, "assembl": 0.000223189377112263, "use": 0.03013026654504301, "almighti": 1.0725806229254735, "show": 0.15926731296130942, "grace": 0.6535488757503859, "whom": 0.15073466581183137, "belov": 1.9003238024011313, "anywher": 0.5927980852967835, "els": 0.1653716234139118, "mat": 2.451764145321312, "throne": 2.163434614122407, "same": 0.04240122723985791, "gabriel": 3.9649502582958265, "also": 0.01658272805324468, "gatekeep": 4.824082576330033, "door": 0.7059491521439177, "pir": 0.7536323343073684, "talk": 0.13190579176967285, "first": 0.018468993437423205, "relat": 0.11765394998973767, "appris": 2.472707319166555, "littl": 0.1337545820016348, "ago": 0.17702429763968885, "happen": 0.05481137966151531, "interrupt": 0.186391420861073, "decis": 0.13620122356039596, "ha": 0.012747419380995682, "been": 0.016784199537069333, "made": 0.025603943167944794, "between": 0.08545044457324046, "treasuri": 0.5144026452415343, "both": 0.1290472872335218, "were": 0.009191859359872549, "present": 0.015971546345251417, "decid": 0.05906368940004558, "onc": 0.12234038071719473, "these": 0.009867763407233554, "intensulud": 8.407601514786142, "pia": 1.0857518009977871, "view": 0.06571454526995534, "brought": 0.1747938344145284, "allow": 0.0741078074227809, "ten": 0.09497548911117991, "which": 0.013884279251714265, "prepar": 0.15854924061485107, "suggest": 0.12917325558707207, "session": 0.0671455018699596, "continu": 0.051516483764662786, "that": 0.5162707571242545, "privileg": 0.2551154390059022, "about": 0.019151199262631112, "reach": 0.14866105179768335, "saw": 0.48534045643289586}