{"nation": 0.05553711700685706, "assembl": 0.002008704394010367, "pakistan": 0.002455083148234893, "speaker": 1.0841073771758707, "can": 0.10486276889579527, "both": 0.2580945744670436, "way": 0.1563869624151189, "farid": 11.584414281542896, "ahmad": 0.8503633077020061, "are": 0.021452526821531658, "have": 1.36032343673852, "sir": 0.33641312136510876, "they": 0.006492802390707662, "close": 0.1258775243747522, "govern": 0.025603943167944794, "left": 0.22610399928492847, "onli": 0.16322241922890807, "singl": 0.3032002068645308, "half": 0.40155555263133763, "been": 0.011189466358046221, "given": 0.018468993437423205, "nine": 1.1927219589132274, "hour": 1.0483993408209396, "demand": 0.10856433317307636, "imagin": 0.949992225070537, "consider": 0.37385868897778163, "period": 0.18358076580520521, "time": 0.12553323291657076, "what": 0.04655440323824992, "your": 0.017560109030389265, "exact": 1.000283804316726, "propos": 0.4372435217074431, "whole": 0.04425904818816593, "thing": 0.10075827913870054, "two": 0.10784256767919845, "day": 0.21344703239683188, "alreadi": 0.11623433559202968, "allot": 1.4264174243134433, "question": 0.10214332071454939, "how": 0.18526951855695226, "get": 0.17802234422047988, "these": 0.029603290221700662, "monday": 6.505503727541293, "busi": 0.17009718927399792, "hous": 0.01160973508730699, "could": 0.10768989035553395, "extend": 1.5810075018333951, "will": 0.03127793973027416, "make": 0.045786606987846756, "three": 0.11500509196660115, "anoth": 0.056699063091332644, "session": 0.2014365056098788, "exactli": 0.4075874211080716, "sit": 0.7881306274444645, "away": 0.14272325198439523, "suffer": 0.17835709805023098, "inconveni": 2.029175331134556, "one": 0.09615661364947292, "then": 0.10318620042463134, "should": 0.12111799579062382, "switch": 2.2591332188684965, "our": 0.06853269857199584, "normal": 0.4227981250517368, "schedul": 1.0894389602893055, "address": 0.21281987634278426, "secretari": 0.40202914975953485, "true": 0.22113708536405283, "miss": 0.5586677884220719, "there": 0.0644441020750457, "item": 0.29576910752924146, "second": 0.06404767978102627, "goe": 0.1520328615023969, "right": 0.022112814367333946, "abul": 1.5595962402097798, "quasem": 2.4569589621984163, "east": 1.4408314634290476, "may": 0.06627076684375707, "tomorrow": 0.1370764197310725, "cover": 0.6985484164103705, "loss": 0.5073527655565633, "now": 0.032985859077069676, "think": 0.17112975299723948, "come": 0.03976246010625425, "decis": 0.3405030589009899, "consult": 0.32365581249052155, "dispos": 1.273068857441475, "decid": 0.05906368940004558, "tuesday": 0.8223204361470174, "usual": 1.4073826103396632, "stand": 0.05658406146658377, "adjourn": 0.5170795673295877, "till": 0.329181940134245, "next": 0.11292581539997644, "past": 0.16604533929858484, "seven": 0.4680520563039798, "clock": 0.660929752495378, "morn": 0.604691256021986, "june": 0.6909678640628087, "gppr": 6.105016421792097, "postpon": 2.583426120508921, "must": 0.05882697499486884, "readi": 0.18343800214828185, "sacrific": 1.4502381365032755, "shamsur": 6.238668968183216, "rahman": 0.517155293468746, "harm": 1.0718177009249958, "hold": 0.35831526356421833, "sunday": 2.902112143269148, "member": 0.034915049287400426, "when": 0.04307872016435817, "friday": 0.7427857295004079, "doe": 0.02416831354942992, "agre": 0.48470304439459244, "let": 0.04449233875262068, "abdul": 0.5869606804102675, "bari": 7.6735863338433035, "west": 1.284787858571447, "request": 0.07751481866746225, "fresh": 0.5621854781936584, "mind": 0.1473672231788459, "after": 0.021088249219772592, "full": 0.11355187468411533, "prepar": 0.6341969624594043, "lot": 0.10558370503493847, "work": 0.06086773267327707, "present": 0.047914639035754256, "attend": 0.6541090979232896, "meet": 0.09119625842471418, "everi": 0.06671066537967728, "ani": 0.03433995524088507, "follow": 0.0409986820024067, "pro": 0.6827130754630695, "posal": 2.8203528563858935, "discuss": 0.31785971189547313, "amongst": 1.0855950229153664, "yourselv": 3.0463093490767177, "matter": 0.05658406146658377, "ourselv": 1.0649644674917005, "held": 0.2568234751822785, "without": 0.06857850904138423, "mutual": 1.1255278566926783, "budget": 1.3715382678175474, "ha": 0.012747419380995682, "pass": 0.21546705517776962, "befor": 0.03739268734287312, "year": 0.04240122723985791, "out": 0.014385503189616596, "shall": 0.18183071543740978, "other": 0.013480320959899806, "over": 0.022340994630731272, "therefor": 0.12571752073719433, "suggest": 0.38751976676121624, "place": 0.056089031014309676, "dure": 0.08472149301623831, "financi": 0.24822677801071694, "put": 0.03728551923066561, "hame": 3.3153152731764512, "khan": 0.045786606987846756, "rana": 1.5242311282618362, "point": 0.01801444797505158, "order": 0.010544124609886296, "ye": 0.03174149948654943, "thursday": 0.8418082323576287, "whol": 5.768544185170884, "go": 0.04239468036778725, "lose": 1.2680140948518983, "today": 0.1265604291735353, "more": 0.03739268734287312, "lost": 0.7420562101576609, "certainli": 0.5657169888011506, "ad": 0.34832529148049424, "fix": 0.30822697288047635, "serv": 0.25195224442014186, "purpos": 0.0873969172072642, "thereaft": 1.3067496058420929, "adjust": 1.899984450141074, "programm": 0.8661373413118295, "good": 0.05245609302488071, "necessari": 0.1337545820016348, "view": 0.06571454526995534, "accord": 0.03914037717030493, "agreeabl": 2.9145400714455945, "case": 0.0308204770866506, "reduc": 0.45344114557950665, "english": 0.9815880476970794, "translat": 0.3535159011758157, "uncorrect": 5.278561037984741, "sentenc": 0.7669976883925086, "urdu": 1.2107843970780507, "moham": 4.729805612887842, "ali": 0.12512352900528495, "compens": 0.815235386266347, "say": 0.031943092690502835, "afraid": 0.49298380574546397, "all": 0.006268209464440637, "first": 0.018468993437423205, "interrupt": 0.372782841722146, "pleas": 0.03589663011851132, "possibl": 0.09032374856490814, "becaus": 0.06086773267327707, "end": 0.05481137966151531, "month": 0.1138705485304388, "would": 0.026899978482122305, "better": 0.07337008505128344, "stick": 1.0386311125913497, "zaman": 1.9046060582057052, "preced": 0.8558892994348324, "futur": 0.17381988747538846, "emerg": 1.7303355589524814, "aris": 0.6307242161238649, "abl": 0.06357194237909462, "deal": 0.1432381850544757, "submit": 0.10856433317307636, "such": 0.016198329428205396, "type": 0.2941748748424885, "even": 0.06428575742492887, "rashid": 0.5447194801446528, "debat": 0.013028036917816312, "saturday": 1.4548728701612748, "met": 0.0035770214755437148, "chamber": 0.35339661772173614, "ayub": 0.6574173525283061, "hall": 0.43306867065591476, "rawalpindi": 1.0687689198468031, "tamizuddin": 2.1556976316202543, "chair": 0.0017869113532948794, "proceed": 0.704617229762013, "commenc": 1.0824525568305678, "recit": 0.10558370503493847, "holi": 0.07939202303741066, "quran": 0.09081238771462585, "quorum": 3.0801674376660806, "fifteen": 1.1208563403087686, "minut": 0.31451980224628184, "none": 0.6884716738794109, "side": 0.08983534806679931, "want": 0.018241694879790406, "reassembl": 0.9686299223902812, "minist": 0.028251329856323105, "extern": 1.7233667271536404, "affair": 0.14770101566512647, "certain": 0.6953175182146392, "develop": 0.15251217988083707, "taken": 0.033757974847709066, "unit": 0.32867956024373385, "regard": 0.027144846943376565, "kash": 3.6369168903204785, "mir": 0.2864182727073148, "issu": 0.070405816546278, "receiv": 0.06333415852349787, "telegram": 2.307282562766079, "mission": 1.4724811831909985, "ask": 0.034971774561258294, "guidanc": 0.9153984721674016, "presid": 0.178206388563611, "who": 0.006043666968830131, "murre": 6.058321441552871, "yesterday": 0.21863465113726777, "sum": 0.9656947867345186, "mone": 4.475775882061817, "cabinet": 0.6215680884276483, "which": 0.0069421396258571326, "vital": 1.2475323071900164, "import": 0.020744825097908925, "delay": 0.34927420820518523, "direct": 0.10508779627198599, "requir": 0.051516483764662786, "oclock": 0.5960330254409635,