{"constitu": 1.7717093774394075, "assembl": 0.0015623256397858409, "pakistan": 0.000446378754224526, "thursday": 0.8418082323576287, "decemb": 0.400900669345776, "met": 0.0035770214755437148, "chamber": 0.35339661772173614, "karachi": 0.06357194237909462, "half": 0.20077777631566882, "past": 0.16604533929858484, "three": 0.028751272991650288, "clock": 0.660929752495378, "even": 0.021428585808309624, "presid": 0.2673095828454165, "honour": 0.36422718742697757, "tamizuddin": 2.1556976316202543, "khan": 0.057233258734808445, "chair": 0.0017869113532948794, "present": 0.015971546345251417, "credenti": 2.858525429890923, "sign": 0.2950737513075056, "regist": 0.4437935615546922, "ghulam": 0.5363219858230684, "moham": 1.8919222451551365, "east": 1.4408314634290476, "bengal": 4.20815857521985, "muslim": 0.42354012540476826, "member": 0.017457524643700213, "sworn": 2.142300302048433, "nomin": 1.248754996900212, "panel": 2.8907161010398723, "chairmen": 3.596504543237525, "inform": 0.0623835881097159, "hous": 0.003572226180709843, "under": 0.016198329428205396, "provis": 0.2256013784927382, "subrul": 1.5129314753526615, "rule": 0.05934078140682663, "follow": 0.0409986820024067, "ing": 0.9193079996267151, "omar": 1.207176621841186, "hayat": 0.7371729925954504, "malik": 0.18236619068447518, "sardar": 0.1533327446959599, "bahadur": 1.6052067514618322, "maulana": 0.31873272562415256, "mohammad": 0.10707290858640622, "akram": 1.0970513562517203, "sri": 1.5028507448243047, "chandra": 2.416136967678161, "chattopadhyaya": 3.0943955357443556, "statement": 0.08447862719840825, "busi": 0.056699063091332644, "liaquat": 1.0021058515866708, "ali": 0.03128088225132124, "sir": 0.04587451654978755, "your": 0.03512021806077853, "permiss": 0.36259105354126986, "would": 0.026899978482122305, "like": 0.041119619143197506, "move": 0.0741078074227809, "should": 0.020186332631770637, "adjourn": 0.34471971155305847, "till": 0.329181940134245, "januari": 2.3511340931142386, "are": 0.008044697558074371, "awar": 0.42177821514614533, "been": 0.011189466358046221, "meet": 0.013028036917816312, "legislatur": 0.943664910317218, "hope": 0.2988763064970484, "work": 0.040578488448851376, "which": 0.013884279251714265, "befor": 0.01869634367143656, "legi": 2.5468152913202773, "latur": 3.1981153619447222, "will": 0.00446827710432488, "finish": 0.281674712078257, "month": 0.0569352742652194, "holiday": 1.1541311321016157, "propos": 0.10931088042686077, "start": 0.04449233875262068, "get": 0.029670390703413315, "real": 0.3388853220713611, "earnest": 2.451764145321312, "reason": 0.038444402197309976, "over": 0.022340994630731272, "had": 0.018468993437423205, "control": 0.12259261933626443, "our": 0.013706539714399169, "progress": 0.6160944648195575, "regard": 0.027144846943376565, "tionfram": 7.714454334226198, "ha": 0.004249139793665227, "rapid": 1.922966279150891, "everi": 0.03335533268983864, "one": 0.008741510331770265, "dure": 0.08472149301623831, "session": 0.0671455018699596, "abl": 0.06357194237909462, "make": 0.011446651746961689, "good": 0.026228046512440355, "toward": 0.24679759383147729, "frame": 0.8304795839094641, "futur": 0.08690994373769423, "constitut": 0.05010770212758062, "therefor": 0.06285876036859717, "there": 0.005370341839587141, "ani": 0.011446651746961689, "object": 0.20472937058710194, "voic": 0.3572170617191219, "stand": 0.028292030733291885, "then": 0.010318620042463134, "ten": 0.09497548911117991, "monday": 0.6505503727541293, "ggppk7ca21449770": 8.407601514786142}