{"speaker": 0.9173216268411214, "hous": 0.015181961268016832, "adjourn": 0.34471971155305847, "meet": 0.07816822150689787, "again": 0.05016645339301446, "tuesday": 1.6446408722940349, "novemb": 2.377656989058907, "wa": 0.20046946719657022, "then": 0.11350482046709448, "open": 0.07385050783256324, "becom": 0.08060282588904517, "prime": 0.747676932261242, "minist": 0.11300531942529242, "rather": 0.3404524748760373, "present": 0.031943092690502835, "vip": 2.355512345861726, "loung": 2.805482693906442, "when": 0.18308456069852222, "special": 0.0859367076511419, "kind": 0.5214596624261654, "messag": 1.4173306299453905, "came": 0.2580945744670436, "them": 0.31076462841955416, "somewher": 0.4915234184833573, "after": 0.09489712148897667, "talk": 0.5276231670786914, "they": 0.20127687411193754, "smile": 4.243206840554556, "confirm": 0.8485632593427596, "want": 0.10945016927874243, "take": 0.008741510331770265, "advantag": 0.587965212418551, "their": 0.19041310688616717, "disagr": 1.4210350553797162, "know": 0.3289033240735506, "first": 0.11081396062453923, "chang": 0.1689572543968165, "parti": 2.0917019944419994, "time": 0.1434665519046523, "there": 0.08055512759380712, "probabl": 0.8545939648896024, "need": 0.03705390371139045, "would": 0.08069993544636692, "say": 0.12777237076201134, "makhdoom": 30.22580613101029, "sahib": 2.807566382092085, "remain": 0.9239237968682813, "firm": 0.7564813390834432, "principl": 0.5380735550490204, "till": 0.24688645510068374, "commit": 0.38952386021931706, "democraci": 3.377172301754783, "forc": 0.29155956179355313, "him": 0.4731609877868245, "should": 0.05046583157942659, "took": 0.4612136308916872, "path": 1.7196276356271198, "becam": 0.812492977918881, "model": 0.9237948271203079, "peopl": 0.36372246162005833, "think": 0.08556487649861974, "come": 0.06627076684375707, "polit": 2.092628359817602, "belong": 0.4166090480052159, "own": 0.24642035791197303, "ani": 0.045786606987846756, "other": 0.026960641919799612, "had": 0.16622094093680884, "lot": 0.21116741006987694, "complaint": 0.4490246109722447, "countless": 2.5077041612036517, "occas": 0.4517621193160701, "littl": 0.2675091640032696, "bit": 1.0986946652002276, "also": 0.15753591650582446, "sindh": 1.2520899871973399, "mani": 0.17250763794990173, "place": 0.1869634367143656, "right": 0.022112814367333946, "appoint": 0.3551144093200555, "were": 0.10111045295859804, "famili": 4.728239750032519, "support": 0.3714518491936617, "problem": 0.0645236436167609, "feet": 1.5272791315672274, "salut": 1.6730098548131949, "pml": 1.3117082936886115, "pray": 3.513345039603144, "lord": 0.6880275255265621, "rais": 0.09131921728239366, "rank": 0.913727628002584, "give": 0.15824053508578256, "rel": 3.6062373450720835, "patienc": 3.872168822611294, "successor": 5.145581555447076, "lead": 0.3952518754583488, "sarwari": 4.296727650612832, "same": 0.12720368171957375, "way": 0.13404596778438763, "ha": 0.0467405377303175, "been": 0.055947331790231106, "do": 0.07025295028896769, "thank": 0.592557597752357, "much": 0.08901117211023994, "nation": 0.06942139625857133, "assembl": 0.002901461902459419, "pakistan": 0.003571030033796208, "debat": 0.026056073835632625, "monday": 1.3011007455082586, "met": 0.0035770214755437148, "hall": 0.43306867065591476, "parliament": 0.7303753319483768, "islamabad": 0.1658983550563245, "clock": 0.330464876247689, "even": 0.15000010065816738, "sardar": 0.1533327446959599, "ayaz": 1.260829335333506, "sadiq": 0.868574458962148, "chair": 0.007147645413179518, "recit": 0.21116741006987694, "holi": 0.15878404607482133, "quran": 0.27243716314387756, "wilkin": 8.407601514786142, "may": 0.10603322695001133, "allah": 2.538137374788889, "pleas": 0.03589663011851132, "translat": 0.17675795058790786, "obstacl": 1.4118353584812926, "prophet": 1.8408072758464429, "peac": 0.5805781063683388, "bless": 1.0626852649658334, "allaah": 10.235790157557812, "upon": 0.374935115268567, "work": 0.06086773267327707, "sunnah": 2.896406005304335, "matter": 0.028292030733291885, "all": 0.10655956089549083, "who": 0.06043666968830131, "alreadi": 0.11623433559202968, "pass": 0.08618682207110785, "command": 0.6717311948335764, "definit": 0.49359518766295457, "decis": 0.2724024471207919, "those": 0.0821258197669634, "convey": 0.7339133855184131, "fear": 0.9823173093277667, "are": 0.04826818534844623, "afraid": 0.49298380574546397, "anyon": 0.20703871777757932, "except": 0.417374139598308, "one": 0.026224530995310795, "god": 0.3489169886422093, "suffici": 0.5147759885350253, "account": 0.13120680992283615, "father": 2.8839207193660927, "your": 0.052680327091167795, "men": 0.24337586252031596, "messeng": 1.104431463549343, "thing": 0.16793046523116756, "tabl": 0.2385483648588005, "content": 0.37816867420490013, "star": 0.4035700069334441, "question": 0.06809554714303293, "answer": 0.15878404607482133, "unstar": 1.0094274218156778, "fateha": 3.35316682860812, "prayer": 1.7211184620955833, "speech": 0.1128021557935694, "memori": 3.3765835700780347, "senior": 1.8185388954520463, "parliamentarian": 2.730852301852278, "muhammad": 0.10915133916763638, "amin": 20.435008733218684, "fahim": 44.400411948889406, "late": 0.7336650408371277, "bismillah": 1.7941805703981981, "rahman": 0.258577646734373, "rahim": 1.2207501908141836, "arab": 1.6094021051627752, "creat": 0.11907457275575409, "life": 0.8517080952348799, "death": 3.427906499207587, "can": 0.016132733676276195, "see": 0.033586093046233514, "beauti": 2.7096298668747134, "deed": 1.3108801362913827, "spend": 0.3807779385685139, "some": 0.021428585808309624, "fortun": 0.9804573813775275, "rememb": 1.3402004441479314, "huge": 1.9006249196283054, "pillow": 3.3641763978668964, "halla": 4.117142073637752, "sindhi": 2.4626939655379982, "veri": 0.10545449578622988, "sociabl": 5.574388170729927, "lover": 2.7206261584463234, "love": 0.5736051730766828, "add": 0.3972419258663588, "more": 0.0934817183571828, "it": 0.015744814681203395, "great": 0.3404777357151646, "histori": 0.632667322719218, "unfortun": 0.2331803621396466, "constant": 1.3954862204797631, "conflict": 1.0785077785395514, "democrat": 1.6667442067792715, "undemocrat": 1.9138476749344566, "constantli": 1.0937146831526812, "clash": 2.1309580254444986, "soldier": 1.0398929424117718, "armi": 0.7832274075178114, "squad": 2.7038190401299422, "did": 0.13572423471688283, "compromis": 1.2703230775257572, "cruel": 1.4265957740644133, "system": 0.09644896678445304, "sake": 1.3105327029677025, "countri": 0.06751594969541813, "day": 0.08893626349867996, "celebr": 1.077851825744631, "sens": 0.3101752161889297, "lost": 1.1130843152364913, "gener": 0.11533320659192993, "caravan": 5.145581555447076, "will": 0.02904380117811172, "continu": 0.15454945129398837, "worst": 1.1734243350362945, "anger": 1.8131880550363646, "use": 0.06026053309008602, "control": 0.12259261933626443, "himself": 0.17542727840220274, "what": 0.09310880647649984, "khurshid": 1.7990546575792037, "shah": 0.8687517203654245, "said": 0.056089031014309676, "certainli": 1.1314339776023012, "last": 0.056124977337401794, "slight": 1.4256668376297543, "differ": 0.03960462973203238, "deliber": 0.6889160195876772, "gentleman": 1.101741482102134, "make": 0.09157321397569351, "focu": 0.7339133855184131, "period": 0.18358076580520521, "stand": 0.028292030733291885, "here": 0.11224995467480359, "seat": 0.14195134920581332, "poet": 1.9199174963015324, "year": 0.08480245447971582, "gone": 0.09571195655578432, "rest": 0.11255237435103191, "piec": 0.9996771922265442, "forget": 0.7311278683969866, "gestur": 1.6982971745278443, "understood": 1.0902086351111964, "start": 0.17796935501048272, "courag": 2.1273561807155903, "talibul": 4.6009390250158235, "moli": 5.229547684438198, "given": 0.03693798687484641, "stay": 0.3454839320314044, "paradis": 9.862299637342247, "khwaja": 4.480163497905677, "sohail": 7.003499962431006, "mansoor": 5.596385330815452, "adhan": 1.020511279129386, "west": 0.4282626195238156, "khawaja": 0.886283534586903, "member": 0.04655339904986723,