{"assembl": 0.0011159468855613149, "debat": 0.013028036917816312, "nation": 0.013884279251714265, "pakistan": 0.0006695681313367889, "friday": 0.7427857295004079, "novemb": 1.1888284945294536, "met": 0.0035770214755437148, "chamber": 0.35339661772173614, "ayub": 0.6574173525283061, "hall": 0.43306867065591476, "rawalpindi": 0.5343844599234016, "nine": 0.7951479726088183, "clock": 0.660929752495378, "morn": 0.40312750401465736, "speaker": 0.04169643758368734, "tamizuddin": 2.1556976316202543, "khan": 0.011446651746961689, "chair": 0.0017869113532948794, "proceed": 0.234872409920671, "commenc": 1.0824525568305678, "recit": 0.10558370503493847, "holi": 0.07939202303741066, "quran": 0.09081238771462585, "follow": 0.0409986820024067, "motion": 0.11906705537222552, "minist": 0.009417109952107702, "extern": 0.8616833635768202, "affair": 0.07385050783256324, "wa": 0.0029053545970517424, "di": 1.2176793440403353, "cuss": 2.515957302960372, "hous": 0.0017861130903549214, "secret": 0.9408020397675411, "sit": 0.04636062514379203, "take": 0.008741510331770265, "into": 0.027603562547750454, "immedi": 0.1263838534994936, "consider": 0.18692934448889081, "emergenev": 7.308989226118033, "situa": 2.894172768621161, "tion": 0.6902502426008139, "creat": 0.059537286377877044, "sinoindian": 4.824082576330033, "border": 0.41736332906577994, "conflict": 1.0785077785395514, "largescal": 3.307735086961945, "suppli": 0.312612755482368, "arm": 0.5343844599234016, "india": 0.1826340358715592, "outsid": 0.15985762756062677, "which": 0.0069421396258571326, "pose": 1.2903960116217987, "certain": 0.23177250607154637, "sericu": 6.615842045558088, "problem": 0.0645236436167609, "it": 0.015744814681203395, "secur": 0.16247954830753897, "adjourn": 0.08617992788826462, "till": 0.08229548503356125, "saturday": 1.4548728701612748, "gppkl": 2.935330841114668}