{"condol": 4.797576658687096, "speech": 0.2256043115871388, "sad": 3.149455850982705, "demis": 15.936228448539092, "ali": 0.4066514692671761, "muhammad": 0.9277863829249092, "khan": 0.12591316921657858, "mahar": 12.211281731567379, "sit": 0.3245243760065442, "minist": 0.07533687961686161, "mna": 1.882706672727624, "speaker": 0.7922323140900595, "aamir": 1.9539765158934514, "dogar": 4.224671026692993, "sir": 0.0917490330995751, "malik": 0.5470985720534256, "mohammad": 0.21414581717281245, "amir": 1.211602225754341, "thank": 0.43095098018353234, "today": 0.1265604291735353, "our": 0.12335885742959252, "veri": 0.1355843517251527, "kind": 0.2607298312130827, "dear": 0.674641242784487, "sardar": 0.3066654893919198, "maher": 6.72655098166417, "sahib": 0.8984212422694673, "want": 0.03648338975958081, "talk": 0.13190579176967285, "them": 0.10358820947318471, "made": 0.025603943167944794, "unanim": 1.334743980045923, "pass": 0.043093411035553926, "should": 0.040372665263541274, "pay": 0.23455419254047238, "tribut": 3.1693298650663486, "wa": 0.052296382746931366, "man": 0.2093227570146832, "poor": 0.15229270300054595, "merci": 0.8401540698747524, "were": 0.027575578079617646, "also": 0.09120500429284574, "chief": 0.16195461391228286, "sindh": 1.2520899871973399, "third": 0.19747710962187662, "time": 0.04483329747020384, "sinc": 0.037980687837041345, "member": 0.05237257393110063, "hous": 0.009823621996952067, "still": 0.0936564852824143, "control": 0.12259261933626443, "feder": 0.251248911836769, "nor": 0.12410738862363206, "greatest": 1.0443219278231046, "fact": 0.07457103846133122, "world": 0.10256309791598117, "mortal": 2.6054831394090803, "person": 0.020972693391022187, "who": 0.030218334844150655, "ha": 0.04249139793665227, "come": 0.013254153368751416, "know": 0.0299003021885046, "arab": 0.8047010525813876, "final": 0.13733240334951877, "will": 0.01340483131297464, "say": 0.047914639035754256, "allaah": 2.9245114735879465, "give": 0.057542012758466383, "patienc": 1.936084411305647, "their": 0.07616524275446687, "rel": 0.9015593362680209, "place": 0.11217806202861935, "croat": 11.034459513779957, "paradis": 6.574866424894831, "work": 0.020289244224425688, "peopl": 0.07274449232401167, "ghotki": 2.7105080282807386, "all": 0.02507283785776255, "life": 0.14195134920581332, "servic": 0.15347580312279815, "are": 0.016089395116148743, "unforgett": 4.824082576330033, "last": 0.028062488668700897, "becam": 0.4062464889594405, "assembl": 0.002455083148234893, "had": 0.055406980312269614, "seat": 0.14195134920581332, "low": 0.36490201788850596, "mind": 0.1473672231788459, "may": 0.10603322695001133, "allah": 1.4503642141650794, "almighti": 1.6088709343882104, "amen": 1.661189386212769, "raja": 1.232157391270822, "pervez": 1.746746377024107, "ashraf": 1.6867260792313044, "about": 0.019151199262631112, "death": 0.4897009284582267, "regret": 0.9511967248495172, "express": 0.9607170630027011, "famili": 1.3906587500095644, "own": 0.035202908273139, "parti": 0.10726676894574355, "pray": 3.513345039603144, "facilit": 1.3769433477588218, "next": 0.11292581539997644, "destin": 2.5678574591630716, "rais": 0.09131921728239366, "rank": 0.913727628002584, "inde": 0.7465451324243135, "frozen": 2.307282562766079, "politician": 2.365104295678012, "pakistan": 0.0026782725253471557, "polit": 0.09964896951512389, "good": 0.05245609302488071, "master": 0.8202910087635278, "sociabl": 5.574388170729927, "great": 0.10214332071454939, "trust": 0.4588630599725327, "they": 0.03246401195353831, "among": 0.3147504872477591, "togeth": 0.16353024449035686, "moulana": 1.8009513285879277, "abdul": 0.2201102551538503, "akbar": 1.4502381365032755, "chitrali": 5.723443422390867, "haider": 0.985825721141496, "azam": 2.8998098420986036, "absenc": 0.23911509765946118, "deputi": 0.16458204579689423, "nation": 0.07636353588442846, "have": 0.22672057278975333, "preced": 1.7117785988696648, "amongst": 0.5427975114576832, "those": 0.049275491860178045, "present": 0.015971546345251417, "shall": 0.18183071543740978, "take": 0.008741510331770265, "chair": 0.003573822706589759, "pleas": 0.03589663011851132, "move": 0.0741078074227809, "resolut": 2.324132146800963, "deep": 3.161637553159535, "sorrow": 8.27602974633184, "grief": 5.241079094839371, "over": 0.06702298389219381, "state": 0.03648338975958081, "parliamentari": 0.117058014013403, "affair": 0.07385050783256324, "it": 0.015744814681203395, "veteran": 3.3386973125659116, "commit": 0.19476193010965853, "recogn": 0.6906953794877545, "democraci": 0.37524136686164256, "extend": 0.3952518754583488, "deepest": 3.4517744571848823, "sympathi": 1.087736584977173, "love": 0.5736051730766828, "one": 0.01748302066354053, "constitu": 0.25310133963420106, "score": 1.403627378063463, "across": 0.7602926824299049, "mourn": 2.285108705271757, "irrepar": 2.935330841114668, "loss": 0.25367638277828164, "now": 0.010995286359023224, "put": 0.03728551923066561, "question": 0.06809554714303293, "adopt": 0.17869437197459595, "fateha": 5.02975024291218, "prayer": 1.3768947696764666, "meal": 1.8423365447507818, "offer": 0.16247954830753897, "reward": 2.1715036019955742, "soul": 1.4118353584812926, "maulana": 0.6374654512483051, "wassa": 5.188725689917942, "son": 0.5672885314659789, "qamar": 0.8340702520401927, "zaman": 0.9523030291028526, "kaira": 2.8982131781581657, "die": 0.6708924131957863, "ten": 0.09497548911117991, "year": 0.021200613619928955, "old": 0.16510836159851744, "girl": 0.8955302689506763, "forgiven": 1.1835767065003124, "adjourn": 0.17235985577652924, "meet": 0.039084110753448933, "again": 0.05016645339301446, "monday": 1.3011007455082586, "much": 0.029670390703413315, "anoth": 0.11339812618266529, "keep": 0.09599648788935308, "tradit": 1.263289728696444, "interrupt": 0.186391420861073, "forget": 1.4622557367939732, "unit": 0.10955985341457795, "nevertheless": 0.6062101944946571, "bless": 3.1880557948975, "him": 0.027832999281577914, "sight": 1.9168779802836358, "been": 0.027973665895115553, "colleg": 0.4032359498065694, "when": 0.03230904012326863, "reach": 0.14866105179768335, "signific": 1.0273457263596832, "level": 0.3296903381433318, "follow": 0.0819973640048134, "submit": 0.10856433317307636, "shahida": 1.9476970604086083, "muttahida": 2.3414934246823953, "qaumi": 2.3276683196905528, "movement": 0.3016903167996347, "connect": 0.18773677287349194, "angel": 1.745746774240832, "jazak": 2.926962591444152, "without": 0.06857850904138423, "further": 0.07939202303741066, "proceed": 0.234872409920671, "sy": 0.23863693915690495, "fakhar": 2.203043752217453, "imam": 1.103085568325988, "munaza": 3.734772680324237, "hassan": 0.650978180247285, "khurram": 1.9352552202852424, "dastgir": 1.9634702580857024, "khurshe": 1.870909917194838, "ahm": 0.09620323634950226, "shah": 0.12410738862363206, "promis": 0.6076096036087005, "believ": 0.19929793903024778, "deed": 2.6217602725827653, "prais": 0.7077591073891571, "recit": 0.4223348201397539, "naat": 3.6456202448008534, "aroma": 4.188093809610036, "open": 0.07385050783256324, "heart": 0.6270567334335815, "path": 0.5732092118757066, "gone": 0.09571195655578432, "settl": 0.527553313814566, "how": 0.03705390371139045, "can": 0.008066366838138097, "anyon": 0.20703871777757932, "rememb": 0.4467334813826438, "forgotten": 1.1379847651779735, "would": 0.017933318988081537, "hell": 1.957131092641967, "cold": 1.0449562443683187, "anthem": 4.338553779493271, "panel": 2.8907161010398723, "chairperson": 3.374762719301696, "packer": 1.1204593572527086, "pursuanc": 1.3749772537581366, "subrul": 1.5129314753526615, "rule": 0.05934078140682663, "procedur": 0.09767852552782519, "conduct": 0.16932889015311378, "busi": 0.056699063091332644, "order": 0.010544124609886296, "nomin": 0.624377498450106, "session": 0.0671455018699596, "debat": 0.026056073835632625, "friday": 0.7427857295004079, "met": 0.0035770214755437148, "hall": 0.43306867065591476, "parliament": 0.14607506638967535, "islamabad": 0.1658983550563245, "clock": 0.330464876247689,