{"nation": 0.07636353588442846, "assembl": 0.0022318937711226297, "pakistan": 0.0015623256397858409, "april": 9.118700330287005, "haji": 4.683793746040483, "nasimurrehman": 4.623411880867882, "point": 0.1801444797505158, "order": 0.08435299687909037, "sir": 0.030583011033191703, "speaker": 1.584464628180119, "hous": 0.008037508906597147, "adjourn": 0.34471971155305847, "meet": 0.07816822150689787, "again": 0.05016645339301446, "monday": 1.3011007455082586, "pcpp1362000na11102000100": 8.407601514786142, "now": 0.032985859077069676, "bell": 9.02312554320927, "are": 0.024134092674223114, "ring": 7.815816399097805, "let": 0.13347701625786204, "through": 0.10214332071454939, "process": 0.35720116611667657, "naseem": 6.673059549715877, "rehman": 1.6223067862801328, "head": 0.15878404607482133, "quorum": 6.160334875332161, "fulfil": 0.6087890575059962, "mic": 2.184766250066337, "pervez": 1.746746377024107, "sahib": 0.6738159317021004, "given": 0.018468993437423205, "occas": 0.4517621193160701, "remain": 0.16798614488514205, "constantli": 1.0937146831526812, "hamza": 2.8145341090218254, "minist": 0.13183953932950782, "parliamentari": 0.5852900700670151, "affair": 0.2215515234976897, "requir": 0.10303296752932557, "support": 0.061908641532276945, "parliament": 0.2921501327793507, "khurshid": 3.5981093151584074, "shah": 0.8687517203654245, "half": 0.40155555263133763, "ask": 0.034971774561258294, "here": 0.25256239801830804, "someon": 1.1444845601415665, "get": 0.029670390703413315, "respond": 0.39558327562708195, "account": 0.2624136198456723, "peopl": 0.04849632821600778, "there": 0.06981444391463283, "who": 0.006043666968830131, "should": 0.020186332631770637, "adjoun": 4.824082576330033, "bring": 0.04030141294452259, "com": 0.8177600026034857, "give": 0.028771006379233192, "our": 0.041119619143197506, "answer": 0.238176069112232, "what": 0.04655440323824992, "be": 0.014385503189616596, "said": 0.03739268734287312, "opposit": 0.2967287938417358, "absolut": 0.28790526182889314, "appropri": 0.26932887625595775, "believ": 0.09964896951512389, "had": 0.03693798687484641, "advis": 0.41263199208826556, "some": 0.04285717161661925, "govern": 0.025603943167944794, "respons": 0.040766204958467764, "their": 0.015233048550893373, "attitud": 0.38175817063523954, "good": 0.05245609302488071, "situat": 0.059537286377877044, "today": 0.15187251500824234, "despit": 0.4029020042365933, "tide": 2.9565630612204425, "your": 0.052680327091167795, "humil": 2.190995413701278, "suspend": 1.166311167817048, "time": 0.035866637976163074, "manner": 0.2743076535635095, "will": 0.0223413855216244, "also": 0.024874092079867023, "request": 0.2906805700029834, "prime": 0.24922564408708067, "especi": 0.18209841721922534, "write": 0.29597343647840335, "raw": 0.7967487243908926, "thing": 0.10075827913870054, "thu": 0.37199882186756134, "indirectli": 1.5767272801399637, "joke": 1.0380007942597338, "veri": 0.060259711877845644, "sad": 1.049818616994235, "mian": 0.5567552327518406, "muhammad": 0.4911810262543637, "yasin": 4.025964453565277, "khan": 0.06867991048177013, "tho": 3.2035948277093476, "wa": 0.04358031895577614, "sit": 0.09272125028758406, "offic": 0.1835899330505619, "mike": 1.4210350553797162, "mayb": 1.6133981104881212, "ha": 0.0764845162859741, "flaw": 2.792775054871552, "would": 0.017933318988081537, "arriv": 0.4300620872679384, "befor": 0.01869634367143656, "present": 0.015971546345251417, "did": 0.027144846943376565, "sound": 0.9598502347382355, "pleas": 0.14358652047404527, "end": 0.10962275932303062, "take": 0.026224530995310795, "notic": 0.15347580312279815, "asfandyar": 8.918629602942172, "wall": 1.8285685318479963, "wali": 1.97884138411871, "question": 0.30642996214364815, "hour": 0.7338795385746577, "televis": 1.0713158547648454, "live": 0.07625608994041853, "countri": 0.016878987423854533, "look": 0.10962275932303062, "these": 0.019735526814467108, "bench": 0.8875871231093844, "onli": 0.014838401748082552, "say": 0.047914639035754256, "impress": 0.5355275349192694, "interest": 0.2258794877010751, "realli": 0.21033814337180723, "solv": 0.34674576185182654, "problem": 0.1290472872335218, "second": 0.12809535956205254, "come": 0.09277907358125992, "one": 0.008741510331770265, "object": 0.10236468529355097, "adjoum": 2.428715749885021, "friday": 1.4855714590008158, "motion": 0.11906705537222552, "shown": 0.3879887203858757, "big": 0.12108014110490693, "mind": 0.1473672231788459, "sy": 0.5965923478922623, "ahmad": 0.3779392478675583, "exactli": 0.4075874211080716, "right": 0.022112814367333946, "when": 0.04307872016435817, "session": 0.2014365056098788, "think": 0.11408650199815966, "histori": 0.21088910757307266, "never": 0.6636734705044469, "happen": 0.05481137966151531, "can": 0.008066366838138097, "cross": 1.1888284945294536, "kitchen": 5.591069007664053, "then": 0.02063724008492627, "leav": 1.7776727932570708, "applic": 0.35032271263161324, "wait": 0.7029837104821645, "armi": 0.3916137037589057, "zafar": 0.7255800039592688, "wave": 1.6141353822061337, "defin": 0.9822436277589917, "waja": 6.0739269733169605, "great": 0.03404777357151646, "abus": 0.8111533931400664, "matter": 0.05658406146658377, "regret": 0.4755983624247586, "horr": 7.021307153666252, "know": 0.0598006043770092, "whole": 0.04425904818816593, "sinc": 0.037980687837041345, "been": 0.011189466358046221, "out": 0.07192751594808298, "option": 0.6189754491611112, "either": 0.23543706267423922, "proceed": 0.234872409920671, "rana": 2.0323081710157815, "tanvir": 3.32619714980168, "adjust": 1.899984450141074, "vito": 3.494052729892914, "due": 0.16090015341861533, "voic": 0.3572170617191219, "minut": 0.10483993408209395, "difficulti": 0.30865476584280316, "readi": 0.18343800214828185, "interrupt": 0.559174262583219, "tanveer": 4.122285091495337, "hussain": 0.9237149713507514, "tradit": 0.421096576232148, "go": 0.04239468036778725, "wherev": 0.4897009284582267, "system": 0.09644896678445304, "sachin": 5.355003463625137, "far": 0.037517188408117845, "relationship": 0.704593832306907, "concern": 0.04636062514379203, "they": 0.019478407172122986, "put": 0.03728551923066561, "new": 0.03728551923066561, "sand": 1.6074314464839434, "even": 0.021428585808309624, "sometim": 0.3388853220713611, "may": 0.013254153368751416, "abl": 0.06357194237909462, "packer": 0.5602296786263543, "understand": 0.17861185913363115, "water": 0.396586206278412, "power": 0.07967367372366925, "deviat": 1.669449020190186, "themselv": 0.19016297705595572, "stand": 0.05658406146658377, "gone": 0.09571195655578432, "confer": 0.43444608134200985, "inform": 0.3119179405485795, "stage": 0.1980210313105654, "member": 0.011638349762466808, "took": 0.1153034077229218, "place": 0.01869634367143656, "raja": 1.232157391270822, "nadir": 4.35030699647124, "pervaiz": 1.4577450597853705, "thank": 0.05386887252294154, "brother": 0.5148444902076345, "shout": 1.1967830613139228, "protest": 0.4265517551201861, "yesterday": 0.43726930227453553, "debat": 0.05211214767126525, "ipp": 10.557122075969483, "want": 0.018241694879790406, "contribut": 0.586359431262585, "himself": 0.17542727840220274, "done": 0.029440532065462974, "god": 0.4652226515229458, "tell": 0.0576442427458194, "them": 0.018834219904215403, "start": 0.04449233875262068, "discuss": 0.06357194237909462, "import": 0.020744825097908925, "burn": 0.7631607532295773, "issu": 0.035202908273139, "newspap": 0.23883169111087296, "respect": 0.03266337095077686, "return": 0.19097302165270014, "navig": 1.63109452241396, "khawaja": 0.886283534586903, "sanaullah": 2.2400850238978016, "baloch": 0.6805070300063013, "mna": 3.765413345455248, "grant": 2.6365238380661253, "march": 0.3616927725153635, "maulana": 0.31873272562415256, "moeenuddin": 3.9767847159428293, "lakhvi": 2.7908304171195715, "ahsan": 1.087736584977173, "iqbal": 0.3889760497403942, "state": 0.018241694879790406, "attend": 0.6541090979232896, "offici": 0.234116028026806, "visit": 0.13171584531178648, "abroad": 0.4187192614769158,