{"assembl": 0.0015623256397858409, "debat": 0.026056073835632625, "nation": 0.020826418877571397, "pakistan": 0.0006695681313367889, "tuesday": 0.8223204361470174, "march": 1.446771090061454, "met": 0.0035770214755437148, "chamber": 0.35339661772173614, "state": 0.018241694879790406, "bank": 0.2261608190667697, "build": 0.1794246188348231, "islamabad": 0.1658983550563245, "five": 0.09833923150969437, "clock": 0.660929752495378, "afternoon": 2.361330992585708, "speaker": 0.16678575033474935, "sahibzada": 0.7456039558842498, "farooq": 0.7737479551043748, "ali": 0.03128088225132124, "chair": 0.0017869113532948794, "recit": 0.10558370503493847, "holi": 0.07939202303741066, "quran": 0.09081238771462585, "point": 0.03602889595010316, "inform": 0.1247671762194318, "deputi": 0.32916409159378845, "leader": 0.3519267706854828, "hous": 0.0026791696355323823, "sheikh": 0.3568981333158445, "muhammad": 0.05457566958381819, "rashid": 0.5447194801446528, "sir": 0.030583011033191703, "there": 0.010740683679174282, "shock": 1.3927871635105984, "news": 0.3674768503377628, "about": 0.019151199262631112, "sad": 0.5249093084971175, "demis": 3.1872456897078183, "assassin": 2.3890083002899085, "shah": 0.12410738862363206, "faisal": 1.4577450597853705, "saudi": 0.8884515571163197, "arabia": 0.9043118841110611, "would": 0.008966659494040768, "request": 0.038757409333731126, "should": 0.020186332631770637, "full": 0.11355187468411533, "session": 0.1342910037399192, "pay": 0.07818473084682413, "tribut": 1.0564432883554495, "great": 0.03404777357151646, "those": 0.01642516395339268, "present": 0.015971546345251417, "today": 0.02531208583470706, "abl": 0.06357194237909462, "particip": 0.3546684779885754, "without": 0.06857850904138423, "conduct": 0.16932889015311378, "ani": 0.011446651746961689, "busi": 0.056699063091332644, "may": 0.013254153368751416, "kindli": 0.330464876247689, "adjourn": 0.25853978366479385, "agre": 0.09694060887891849, "stand": 0.028292030733291885, "mest": 5.006404133123988, "thursday": 2.525424697072886, "meet": 0.013028036917816312, "volum": 0.6501227482019639, "nap": 1.9876065866390005, "ii1775": 8.407601514786142, "offici": 0.117058014013403, "report": 0.03937247650986376, "vol": 3.0139739684337816, "contain": 0.22588105965803504, "no": 0.7883680985593373, "content": 0.37816867420490013, "print": 0.4022344474694798, "maclagan": 5.0403056847996695, "press": 0.15541607878281422, "church": 2.3508175015575183, "road": 0.26699447192769327, "lahor": 0.1874675576342835, "publish": 0.3830666431804473, "manag": 0.19097302165270014, "public": 0.028751272991650288, "karachi": 0.06357194237909462, "price": 0.1759593348127325, "paisa": 2.0224071157884174, "page": 0.35657930659546483}