{"nation": 0.04859497738099993, "assembl": 0.002901461902459419, "pakistan": 0.0015623256397858409, "april": 3.039566776762335, "after": 0.010544124609886296, "member": 0.06983009857480085, "ha": 0.01699655917466091, "been": 0.027973665895115553, "chosen": 4.095946028539199, "senat": 4.631093508539837, "feder": 1.004995647347076, "capit": 2.631306284450161, "effect": 0.12891935181523723, "fazal": 0.5932018809816563, "elahi": 1.3051021590114942, "chaudhri": 0.24280671054137778, "presid": 0.44551597140902754, "countersign": 4.744039868656497, "zulfiqar": 0.7650773805532411, "ali": 0.03128088225132124, "bhutto": 0.5230250041898186, "prime": 0.12461282204354034, "minist": 0.009417109952107702, "may": 0.013254153368751416, "remind": 0.6348487983174015, "honour": 0.18211359371348879, "summon": 4.243759175559547, "under": 0.048594988284616183, "claus": 2.4455245266484296, "articl": 1.3118079068236066, "constitut": 0.10021540425516123, "will": 0.00223413855216244, "meet": 0.026056073835632625, "tomorrow": 0.1370764197310725, "transact": 1.31585939969099, "legisl": 0.30562078293295, "busi": 0.11339812618266529, "thank": 0.05386887252294154, "wa": 0.005810709194103485, "prorogw": 8.407601514786142, "debat": 0.026056073835632625, "monday": 1.3011007455082586, "met": 0.0035770214755437148, "chamber": 0.35339661772173614, "state": 0.018241694879790406, "bank": 0.2261608190667697, "build": 0.1794246188348231, "islamabad": 0.1658983550563245, "ten": 0.09497548911117991, "clock": 0.330464876247689, "morn": 0.20156375200732868, "speaker": 0.08339287516737467, "malik": 0.36473238136895036, "miraj": 2.4569589621984163, "khalid": 0.8532666910603954, "chair": 0.0017869113532948794, "recit": 0.10558370503493847, "holi": 0.07939202303741066, "quran": 0.09081238771462585, "choos": 3.8014454150549537, "today": 0.02531208583470706, "islam": 0.26190477872856527, "republ": 1.2083329156679505, "read": 0.10868003010453864, "order": 0.042176498439545185, "place": 0.03739268734287312, "nargi": 6.917683248815949, "zaman": 1.9046060582057052, "kiani": 6.8895137690524715, "three": 0.028751272991650288, "nomin": 2.497509993800424, "paper": 1.046873407711576, "were": 0.036767437439490194, "receiv": 0.06333415852349787, "time": 0.008966659494040768, "secretari": 0.26801943317302324, "respect": 0.03266337095077686, "gener": 0.038444402197309976, "tikka": 4.852253453296729, "khan": 0.057233258734808445, "propos": 0.4372435217074431, "second": 0.25619071912410507, "these": 0.009867763407233554, "sheikh": 0.3568981333158445, "muhammad": 0.05457566958381819, "rashid": 0.5447194801446528, "rana": 0.5080770427539454, "mohammad": 0.10707290858640622, "hanif": 1.2529861578724801, "abdul": 0.07337008505128344, "hafeez": 1.6635423284747957, "pirzada": 1.010652912165129, "noor": 1.031093388459923, "hayat": 1.4743459851909009, "neon": 5.188725689917942, "mir": 0.2864182727073148, "afzal": 0.7173154941093752, "major": 0.07385050783256324, "retd": 1.066765960662868, "rifaat": 6.328159973106307, "daha": 3.032323107101978, "duli": 2.942517557904187, "scrutin": 2.263415880660497, "all": 0.006268209464440637, "found": 0.09276933550158675, "valid": 0.9237948271203079, "there": 0.005370341839587141, "onli": 0.014838401748082552, "one": 0.008741510331770265, "validli": 3.620109772004097, "candid": 0.8792697480788961, "be": 0.014385503189616596, "choosen": 6.210376937449924, "therefor": 0.06285876036859717, "declar": 0.22812132942725155, "him": 0.027832999281577914, "now": 0.010995286359023224, "which": 0.0069421396258571326, "special": 0.0859367076511419, "session": 0.1342910037399192, "complet": 0.04682824264120715, "prorogu": 4.038080218481027, "out": 0.014385503189616596, "exercis": 0.5847562245063699, "power": 0.039836836861834625, "confer": 0.43444608134200985, "con": 0.8569402716808074, "stitut": 2.575719037502626, "pakistan_read": 8.407601514786142, "herebi": 1.3874108064742179, "volum": 0.6501227482019639, "iii": 0.58435582410062, "iii177": 8.407601514786142, "offici": 0.117058014013403, "report": 0.03937247650986376, "third": 0.19747710962187662, "content": 0.37816867420490013, "publish": 0.3830666431804473, "manag": 0.19097302165270014, "public": 0.028751272991650288, "karachi": 0.06357194237909462, "print": 0.4022344474694798, "ellahi": 2.636160391656127, "art": 1.2390216175221078, "press": 0.15541607878281422, "road": 0.26699447192769327, "lahor": 0.1874675576342835, "price": 0.1759593348127325, "paisa": 2.0224071157884174, "page": 0.35657930659546483}