{"nation": 0.06942139625857133, "assembl": 0.0026782725253471557, "pakistan": 0.002008704394010367, "speaker": 0.9173216268411214, "abdul": 1.834252126282086, "sattar": 2.390246173172678, "gabol": 6.14012687016965, "hafeez": 4.990626985424387, "pirzada": 3.0319587364953873, "tahir": 2.8087152797971373, "mohammad": 8.458759778326092, "khan": 1.579637941080713, "yahya": 4.701635003115037, "bakhtiar": 7.936650396017899, "wazir": 2.569469712374121, "ahmad": 3.968362102609362, "jogazai": 10.377451379835884, "mir": 3.4370192724877775, "taj": 9.561679794245673, "jamali": 7.4346500526872985, "nabi": 9.059379429945045, "princ": 5.967512264619316, "mohyuddin": 6.834337856014813, "baluch": 3.662263891475838, "amanullah": 4.63258326541689, "gichki": 8.729100493903186, "march": 3.2552349526382716, "some": 0.021428585808309624, "honour": 0.7284543748539551, "member": 0.16875607155576872, "were": 0.018383718719745097, "absent": 1.4800436085078263, "when": 0.021539360082179083, "their": 0.015233048550893373, "name": 0.05677123681599858, "call": 0.13711477515843, "will": 0.02457552407378684, "again": 0.0752496800895217, "secretari": 0.9380680161055813, "they": 0.012985604781415324, "may": 0.026508306737502832, "take": 0.03496604132708106, "oath": 18.168127476103486, "follow": 0.2049934100120335, "took": 0.6918204463375308, "oatb": 8.407601514786142, "sign": 3.245811264382562, "roll": 3.8790549492260977, "sardar": 3.5266531280070774, "farooq": 3.094991820417499, "mian": 4.8252120171826185, "muhammad": 0.873210713341091, "ibrahim": 3.142684475018152, "barq": 8.405817790790353, "malik": 4.012056195058454, "qadir": 1.9502354137380478, "bakhsh": 3.1847739146185523, "aleem": 4.041444390846996, "rao": 2.1609564450537, "khurshid": 2.998424429298673, "ali": 1.2825161723041707, "ani": 0.03433995524088507, "other": 0.04044096287969942, "present": 0.015971546345251417, "hous": 0.008037508906597147, "who": 0.012087333937660262, "ha": 0.01699655917466091, "taken": 0.06751594969541813, "none": 0.6884716738794109, "befor": 0.01869634367143656, "adjourn": 0.4308996394413231, "tomorrow": 0.274152839462145, "remind": 0.6348487983174015, "meet": 0.026056073835632625, "there": 0.016111025518761424, "ladi": 1.036112219571866, "minor": 0.40993838776604263, "abl": 0.06357194237909462, "turn": 0.23741586190650135, "today": 0.05062417166941412, "elect": 0.40202914975953485, "deputi": 0.6583281831875769, "nomin": 0.624377498450106, "paper": 0.34895780257052533, "prime": 0.49845128817416134, "minist": 0.26367907865901563, "scrutini": 1.687381359650848, "assemcli": 8.407601514786142, "half": 0.10038888815783441, "past": 0.08302266964929242, "ten": 0.18995097822235982, "clock": 0.660929752495378, "morn": 0.40312750401465736, "sunday": 1.451056071634574, "push": 1.98967499471916, "buton": 7.308989226118033, "point": 0.07205779190020632, "order": 0.05272062304943148, "stage": 0.1980210313105654, "can": 0.03226546735255239, "rais": 0.09131921728239366, "anwar": 8.60099831971176, "aziz": 5.982890034198547, "chaudhri": 2.4280671054137777, "suppos": 0.7348436181436326, "all": 0.006268209464440637, "over": 0.022340994630731272, "sir": 0.030583011033191703, "pleas": 0.03589663011851132, "button": 1.7534489946029244, "someth": 0.08302266964929242, "genuin": 1.191626512134677, "wrong": 0.1383569936030866, "saiyid": 8.207072843163946, "abba": 2.023759812368196, "husain": 1.7534489946029244, "gardezi": 4.977415321025993, "rifaat": 12.656319946212614, "hayat": 7.371729925954504, "daha": 6.064646214203956, "barkatullah": 7.4325072651139985, "makhdum": 6.1209879681373485, "sajjad": 3.166455689486114, "hussain": 2.7711449140522544, "qureshi": 3.175131319910057, "sy": 2.6250063307259546, "hamid": 3.5013330235791056, "raza": 1.273068857441475, "gilani": 3.202244038398082, "rehman": 1.2167300897100997, "nasir": 2.00664479349775, "rizvi": 3.5697303816726063, "rana": 6.096924513047345, "noon": 9.940778874496067, "nawaz": 1.9529812965021043, "tea": 5.9507904154480515, "break": 2.063159960441328, "fifteen": 0.3736187801029229, "minut": 0.10483993408209395, "reassembl": 4.843149611951406, "thank": 0.05386887252294154, "veri": 0.015064927969461411, "much": 0.029670390703413315, "ufter": 7.714454334226198, "chair": 0.005360734059884638, "ye": 0.03174149948654943, "alhaj": 4.082262134109411, "riaz": 1.976441863734902, "daultana": 4.908716360996718, "agha": 4.869433356445498, "saleem": 2.714957989034168, "balakh": 5.489282069300394, "sher": 3.79689492419073, "mazari": 4.093324796393409, "behram": 7.52642123128954, "nasim": 3.907953031786903, "hanif": 7.51791694723488, "saeed": 3.858092561750511, "yasin": 4.025964453565277, "wattoo": 4.976525901883392, "hashim": 4.434572217865992, "after": 0.021088249219772592, "shahzada": 4.438674783407106, "sacedurrashid": 3.9767847159428293, "abbasi": 2.66427170201726, "shujaullah": 13.596327204704085, "sheikh": 1.7844906665792226, "salahuddin": 4.879777402684749, "sahibzada": 4.473623735305498, "noor": 10.31093388459923, "hassan": 7.160759982720135, "rafiq": 2.345406188942623, "shah": 3.2267921042144336, "afzal": 5.021208458765627, "sandhu": 3.6369168903204785, "khawaja": 1.772567069173806, "jamal": 3.146985551944609, "koreja": 7.883386792263119, "makhdoom": 5.3339657878253455, "hameeduddin": 14.82559683595925, "bilal": 4.414184681486906, "manghi": 9.822187906639325, "ghulam": 6.435863829876821, "pathan": 2.9347580913330087, "sarder": 4.744039868656497, "haji": 12.044041061246956, "lund": 6.300212285516723, "mehran": 3.5328386900911033, "bijarani": 5.633229068550572, "khair": 4.243206840554556, "panwar": 7.414242297987453, "fatah": 4.623411880867882, "memon": 4.603313041720876, "rai": 11.347464018001554, "mujtaba": 6.037059569939284, "jatoi": 2.6367167195172576, "shabbir": 3.064738855019132, "qaim": 4.565836247783877, "jillani": 4.7063243370335455, "pir": 4.52179400584421, "kadir": 6.497092431143228, "jeelani": 7.049599184399544, "zulfikar": 8.081606127830321, "bhutto": 3.6611750293287297, "sultan": 7.577167897813975, "mumtaz": 2.4826710813050097, "zaman": 1.9046060582057052, "talibulmoula": 4.852253453296729, "aijaz": 5.1632028148113855, "talpur": 2.0797858848235435, "ume": 9.246823761735763, "najmuddin": 6.352985795863113, "leghari": 11.630107187942222, "abdullah": 5.161584046487195, "halepota": 5.2721072988569935, "rasool": 6.411947978894077, "jilani": 3.367538147929869, "khadim": 5.3227966484919795, "niaz": 6.584986257103873, "wassan": 7.33206651350309, "sikandar": 3.5911209599061023, "allan": 11.537088370341769, "liaquat": 2.0042117031733415, "jatol": 4.515781216675516, "fatehuddin": 12.656319946212614, "atta": 3.7710174332319815, "marri": 2.7819836617838476, "soomro": 2.6534672361907226, "yousif": 12.60872668618553, "chandio": 4.455169722267141, "asad": 2.241450206070887, "masood": 5.450785590627089, "hafizullah": 7.325338772845786, "tariq": 1.6784444938992413, "bashir": 4.0573536800892205, "khalid": 5.119600146362373, "latif": 3.073020440351195, "kardar": 9.704506906593458, "ihsanulhaq": 4.013152360113704, "yaqub": 3.3059948305963616, "akhtar": 3.6975390285186864, "rashid": 2.7235974007232637, "miraj": 7.370876886595249, "major": 0.4431030469953794, "rehmat": 5.717050859781846, "shafaat": 6.975241177916036, "chohan": 6.363709682145884, "amjad": 2.8163580945563647, "manzoor": 2.753488077340045, "mushtaq": 5.789015142739341, "arif": 2.4919590236939113, "shamim": 3.721632208051238, "haider": 5.914954326848976, "cheema": 5.932923792212094, "saifullab": 13.231684091116175, "azhar": 3.6291139612874126, "mahdi": 6.208593213454135, "shahadat": 13.354789250263646, "qazi": 2.6467501853764537, "zakauddin": 10.377451379835884, "masud": 10.582200528023865, "maulana": 2.5498618049932205, "kausar": 7.211143343038811, "niazi": 3.4097789295154532, "sarwar": 2.886931804735797, "wa": 0.008716063791155228, "audibl": 4.038153662319122, "financ": 0.36473238136895036, "plan": 0.44287756505360043, "develop": 0.07625608994041853, "becaus": 0.020289244224425688, "legal": 0.28226642807185315,