{"constitu": 0.5062026792684021, "assembl": 0.000892757508449052, "pakistan": 0.000446378754224526, "monday": 0.6505503727541293, "april": 0.5065944627937226, "met": 0.0035770214755437148, "chamber": 0.35339661772173614, "karachi": 0.06357194237909462, "ten": 0.18995097822235982, "clock": 0.660929752495378, "morn": 0.40312750401465736, "presid": 0.178206388563611, "honour": 0.09105679685674439, "tamizuddin": 2.1556976316202543, "khan": 0.011446651746961689, "chair": 0.0017869113532948794, "adjourn": 0.25853978366479385, "meet": 0.013028036917816312, "there": 0.005370341839587141, "appear": 0.2914830831767771, "quorum": 1.0267224792220269, "busi": 0.056699063091332644, "can": 0.008066366838138097, "therefor": 0.06285876036859717, "transact": 1.31585939969099, "hous": 0.0008930565451774607, "stand": 0.028292030733291885, "till": 0.1645909700671225, "may": 0.026508306737502832, "then": 0.010318620042463134, "friday": 0.7427857295004079, "gppkl": 2.935330841114668, "ca6554340": 7.714454334226198}