{"report": 1.0630568657663215, "basic": 1.111898645480557, "principl": 1.8832574426715716, "committe": 0.3743015286582954, "part": 0.3694470235085687, "servic": 0.3069516062455963, "public": 0.057502545983300575, "commiss": 0.5527278459206536, "chapter": 3.3173375179446327, "iipubl": 7.021307153666252, "paragraph": 100.41834618947574, "honour": 0.6373975779972108, "brohi": 23.65250448976354, "sir": 0.0917490330995751, "now": 0.05497643179511612, "relat": 0.17648092498460652, "may": 0.10603322695001133, "taken": 0.033757974847709066, "consider": 1.1215760669333448, "page": 0.7131586131909297, "presid": 2.6730958284541653, "there": 0.09666615311256854, "amend": 4.189196462558149, "question": 0.8511943392879115, "adopt": 4.1993177414030045, "motion": 2.738542273561187, "wa": 0.12493024767322493, "ad": 6.9665058296098845, "those": 0.06570065581357072, "favour": 0.7665172656112288, "say": 0.031943092690502835, "aye": 3.5884345928131673, "against": 0.0308204770866506, "voic": 0.3572170617191219, "noe": 2.4363396749956805, "let": 0.04449233875262068, "put": 0.03728551923066561, "vote": 0.29357607242938644, "again": 0.02508322669650723, "move": 0.1482156148455618, "hous": 0.0044652827258873035, "adjourn": 0.25853978366479385, "juli": 1.376589179917598, "stand": 0.028292030733291885, "till": 0.1645909700671225, "assembl": 0.0013391362626735779, "then": 0.02063724008492627, "eleven": 1.431889383951193, "clock": 0.660929752495378, "morn": 0.40312750401465736, "ing": 0.9193079996267151, "tuesday": 0.8223204361470174, "gppkl": 2.935330841114668, "ca15754340": 8.407601514786142, "constitu": 1.0124053585368042, "pakistan": 0.0011159468855613149, "june": 1.0364517960942132, "ghyasuddin": 7.507282329257239, "pathan": 2.9347580913330087, "word": 0.9179636007972506, "auditorgener": 28.634302219870737, "unit": 1.6433978012186694, "auditorinchief": 58.853210603502994, "substitut": 7.053547098728309, "onli": 0.029676803496165104, "consequenti": 2.7071579413954567, "abov": 0.22011597085971935, "two": 0.013480320959899806, "ment": 1.3105327029677025, "alreadi": 0.05811716779601484, "properti": 0.36715463348303373, "contract": 0.42245758358752294, "liabil": 1.403627378063463, "suit": 1.070013771247547, "peport": 6.615842045558088, "viii": 1.3909918308919238, "audit": 1.1289725724654607, "account": 0.13120680992283615, "appoint": 0.17755720466002775, "east": 0.48027715447634917, "bengal": 1.4027195250732833, "muslim": 0.2823600836031788, "auditor": 1.731778293151295, "gener": 0.038444402197309976, "wherev": 1.9588037138329069, "they": 0.03246401195353831, "occur": 1.8794789581041378, "also": 0.00829136402662234, "origin": 0.39690997565584185, "draft": 0.9092856440191618, "both": 0.0645236436167609, "offici": 0.117058014013403, "central": 0.25886670584897425, "govern": 0.012801971583972397, "well": 0.025998977676253796, "were": 0.009191859359872549, "term": 0.12183609427181284, "are": 0.0053631317053829146, "intend": 0.34296503901192055, "give": 0.028771006379233192, "them": 0.009417109952107702, "differ": 0.07920925946406476, "name": 0.01892374560533286, "distinguish": 1.2775030046605653, "each": 0.07097142714899692, "other": 0.013480320959899806, "therefor": 0.12571752073719433, "propos": 0.10931088042686077, "provinc": 0.3824848336655211, "such": 0.048594988284616183, "offic": 0.0611966443501873, "should": 0.030279498947655956, "given": 0.03693798687484641, "designa": 5.0403056847996695, "tion": 1.3805004852016278, "centr": 0.6017194745575221, "honbl": 2.0224071157884174, "partial": 17.795869424850995, "exclud": 23.79556107625772, "area": 1.4000340644905636, "complet": 0.28096945584724287, "can": 0.02419910051441429, "argu": 0.9534604366394644, "benefit": 0.14633336420849496, "normal": 1.6911925002069472, "law": 0.228643596655438, "appli": 0.595680074087627, "bulk": 1.7254929173363343, "territori": 0.7776258077583535, "peopl": 0.02424816410800389, "belong": 0.2777393653368106, "partli": 2.1830430855107834, "be": 0.028771006379233192, "withheld": 5.0263973610425845, "their": 0.007616524275446687, "interest": 0.15058632513405007, "orderli": 3.0094388132683902, "steadi": 3.1501061427583616, "progress": 0.30804723240977877, "develop": 0.2287682698212556, "polit": 0.39859587806049557, "institut": 0.09644896678445304, "preliminari": 3.374762719301696, "submiss": 0.7018886908917156, "which": 0.020826418877571397, "attempt": 0.5815575012671779, "explain": 0.12284492159570805, "rea": 3.1658544997265006, "son": 0.5672885314659789, "whi": 0.04123121310448916, "except": 0.208687069799154, "ha": 0.021245698968326135, "been": 0.027973665895115553, "made": 0.06400985791986198, "enter": 0.37621618416060837, "upon": 0.1874675576342835, "que": 1.6299549211510265, "recommend": 0.775732940203119, "contain": 0.22588105965803504, "vii": 2.365696218036344, "financi": 0.24822677801071694, "provis": 0.2256013784927382, "suggest": 0.12917325558707207, "held": 0.12841173759113925, "over": 0.022340994630731272, "proceed": 0.234872409920671, "consid": 0.0941242668305647, "appear": 0.2914830831767771, "para": 3.295167447280141, "graph": 2.4211495095017055, "onward": 1.734303547018489, "saturday": 1.4548728701612748, "met": 0.0035770214755437148, "chamber": 0.35339661772173614, "karachi": 0.06357194237909462, "tamizuddin": 2.1556976316202543, "khan": 0.011446651746961689, "chair": 0.0017869113532948794, "contd": 4.2804671297410515, "tribal": 1.8793183650005825, "iexclud": 7.714454334226198, "sind": 0.8723048123420545, "request": 0.019378704666865563, "good": 0.026228046512440355, "enough": 0.2385483648588005, "take": 0.008741510331770265, "would": 0.08966659494040768, "your": 0.017560109030389265, "leav": 0.05386887252294154, "like": 0.013706539714399169, "offer": 0.16247954830753897, "few": 0.0757745103500855, "remark": 0.6218806182515187, "befor": 0.03739268734287312, "submit": 0.10856433317307636, "purpos": 0.0873969172072642, "will": 0.00446827710432488, "appreci": 0.4248438127750301, "it": 0.015744814681203395, "veri": 0.030129855938922822, "head": 0.238176069112232, "show": 0.07963365648065471, "deal": 0.2864763701089514, "import": 0.020744825097908925, "politi": 2.906343304241416, "cal": 2.207092340743453, "perus": 3.023106451997054, "indic": 0.4177021398432036, "substanc": 1.6254094587793517, "execut": 0.3461146479148167, "author": 0.10434439393320229, "extend": 0.7905037509166976, "within": 0.12928023310666178, "admini": 2.163434614122407, "tere": 3.114296690061651, "ipso": 4.264466788394611, "facto": 3.114296690061651, "cabl": 1.860816104025619, "becom": 0.04030141294452259, "necessari": 0.1337545820016348, "interven": 1.2553326587536038, "direct": 0.10508779627198599, "notif": 0.9523030291028526, "desir": 0.4560421836308913, "ani": 0.022893303493923378, "whole": 0.04425904818816593, "applic": 0.5254840689474198, "abl": 0.06357194237909462, "reserv": 0.3623337981783397, "primarili": 1.1379847651779735, "these": 0.009867763407233554, "rather": 0.3404524748760373, "conscious": 1.6922181284514621, "manifest": 1.8451574210924233, "state": 0.03648338975958081, "affair": 0.07385050783256324, "preval": 1.8622518544517233, "possibl": 0.1806474971298163, "wise": 0.661733284993875, "oper": 0.3418323841473723, "administr": 0.19965457373752715, "setup": 3.1599445605665815, "impolit": 6.0097062419877725, "unwis": 3.6369168903204785, "bring": 0.04030141294452259, "administ": 1.2711183061958955, "pro": 0.6827130754630695, "vinc": 2.2111573869916223, "discret": 3.188647381909412, "exercis": 1.7542686735191095, "minist": 0.009417109952107702, "provinci": 0.08885926209374392, "own": 0.035202908273139, "way": 0.022340994630731272, "apart": 0.6479873640892398, "advic": 0.6004982246601629, "ministri": 0.1018703699102775, "field": 0.306833271714412, "ministeri": 1.6682648874289692, "di": 1.2176793440403353, "cretion": 4.6009390250158235, "regard": 0.027144846943376565}