{"nation": 0.06942139625857133, "assembl": 0.0026782725253471557, "pakistan": 0.0013391362626735779, "dec": 3.879805577363579, "chairman": 0.8490713904930923, "think": 0.028521625499539915, "seem": 0.3451687232029475, "proper": 0.2965736765924634, "adjourn": 0.34471971155305847, "hous": 0.0053583392710647645, "show": 0.07963365648065471, "respect": 0.09799011285233057, "depart": 0.15021585905570686, "soul": 1.4118353584812926, "therefor": 0.06285876036859717, "today": 0.10124834333882823, "meet": 0.026056073835632625, "again": 0.02508322669650723, "tomorrow": 0.1370764197310725, "thursday": 1.6836164647152574, "decemb": 2.00450334672888, "ten": 0.18995097822235982, "clock": 0.330464876247689, "morn": 0.40312750401465736, "ahmad": 0.2834544359006687, "saeed": 2.8935694213128835, "awan": 3.637242583822303, "place": 0.01869634367143656, "record": 0.12790438090851586, "it": 0.03148962936240679, "profound": 2.7981297196011834, "sens": 0.3101752161889297, "sorrow": 2.06900743658296, "grief": 1.747026364946457, "sad": 0.5249093084971175, "demis": 6.374491379415637, "haji": 1.3382267845829952, "mohammad": 0.21414581717281245, "asghar": 1.837497118105367, "member": 0.023276699524933615, "lahor": 0.374935115268567, "who": 0.018131000906490394, "expir": 1.4054455603825218, "untim": 3.864306732516139, "irrepar": 2.935330841114668, "loss": 0.25367638277828164, "countri": 0.016878987423854533, "wish": 0.20648987034338454, "convey": 0.7339133855184131, "heartfelt": 2.4211495095017055, "sympathi": 1.087736584977173, "condol": 7.196364988030645, "bereav": 3.1042966067270674, "famili": 0.27813175000191287, "henc": 1.216172184749764, "request": 0.07751481866746225, "mark": 1.428239747901935, "resolut": 0.9960566343432697, "charin": 4.973614310300997, "sir": 0.030583011033191703, "minist": 0.009417109952107702, "state": 0.018241694879790406, "inform": 0.0623835881097159, "broadcast": 0.8846605967137725, "one": 0.01748302066354053, "our": 0.027413079428798337, "ha": 0.008498279587330454, "pass": 0.043093411035553926, "away": 0.14272325198439523, "death": 0.4897009284582267, "want": 0.018241694879790406, "present": 0.015971546345251417, "allow": 0.1482156148455618, "permiss": 0.18129552677063493, "befor": 0.03739268734287312, "piec": 0.9996771922265442, "dement": 4.796683602141918, "are": 0.0026815658526914573, "establish": 0.08959123723927184, "whenev": 0.26089246258282445, "divin": 1.5908656341911744, "revel": 2.272036623704404, "world": 0.051281548957990586, "alway": 0.11105499448552816, "been": 0.005594733179023111, "abduct": 1.5974590646710063, "gone": 0.09571195655578432, "ad": 0.34832529148049424, "them": 0.05650265971264621, "winner": 2.17515349823562, "say": 0.015971546345251417, "sinc": 0.037980687837041345, "funer": 3.8985264628827063, "after": 0.010544124609886296, "becaus": 0.020289244224425688, "attend": 0.3270545489616448, "then": 0.02063724008492627, "fatiha": 4.117142073637752, "khwani": 3.099333817384938, "doe": 0.02416831354942992, "buri": 1.758616964761367, "some": 0.021428585808309624, "ritual": 3.741819834389676, "should": 0.010093166315885319, "done": 0.029440532065462974, "later": 0.15411348644023817, "accord": 0.03914037717030493, "these": 0.009867763407233554, "nisa": 1.8023035938379413, "translat": 0.17675795058790786, "they": 0.006492802390707662, "will": 0.0111706927608122, "bring": 0.04030141294452259, "wage": 1.020511279129386, "give": 0.028771006379233192, "more": 0.03739268734287312, "work": 0.020289244224425688, "than": 0.02737417844306307, "their": 0.015233048550893373, "grace": 1.3070977515007718, "those": 0.03285032790678536, "did": 0.027144846943376565, "hate": 1.9244941633289443, "argu": 0.9534604366394644, "punish": 0.6809049497520746, "pain": 0.8274120968416023, "abl": 0.06357194237909462, "support": 0.061908641532276945, "themselv": 0.38032595411191145, "except": 0.208687069799154, "allah": 0.7251821070825397, "peopl": 0.012124082054001945, "there": 0.005370341839587141, "wa": 0.0029053545970517424, "clear": 0.17430680165916876, "argument": 0.6285528698605867, "made": 0.012801971583972397, "believ": 0.09964896951512389, "rope": 2.085036274858859, "strong": 0.47991646917036496, "soon": 0.13426491628165702, "enter": 0.37621618416060837, "merci": 0.8401540698747524, "guid": 0.7522108699599909, "makhdoom": 0.8889942979708909, "ruknuddin": 5.111764648781814, "chair": 0.0017869113532948794, "name": 0.03784749121066572, "god": 0.2326113257614729, "most": 0.12052106618017204, "graciou": 3.5202730051088835, "debat": 0.026056073835632625, "wednesday": 1.8953734970900762, "met": 0.0035770214755437148, "parliament": 0.14607506638967535, "islamabad": 0.1658983550563245, "share": 0.29387542881539697, "recit": 0.21116741006987694, "holi": 0.15878404607482133, "quran": 0.1816247754292517, "volum": 1.3002454964039278, "nap": 1.9876065866390005, "offici": 0.117058014013403, "report": 0.03937247650986376, "session": 0.0671455018699596, "contain": 0.22588105965803504, "no": 0.7883680985593373, "content": 0.37816867420490013, "page": 0.35657930659546483, "print": 0.8044688949389596, "manag": 0.3819460433054003, "corpor": 0.3723226036414763, "press": 0.15541607878281422, "publish": 0.3830666431804473, "public": 0.028751272991650288, "karachi": 0.06357194237909462, "price": 0.1759593348127325}