{"nation": 0.2776855850342853, "assembl": 0.010266711347164097, "pakistan": 0.004686976919357523, "speaker": 1.8346432536822428, "motion": 3.691078716538991, "move": 0.9634014964961518, "june": 4.836775048439661, "requir": 0.9788131915285929, "rule": 1.7505530515013856, "procedur": 3.125712816890406, "conduct": 4.741208924287186, "busi": 1.7009718927399793, "regard": 0.5157520919241547, "bill": 8.471611340070126, "further": 1.429056414673392, "amend": 12.412433963135257, "civil": 5.765141426056303, "servant": 8.477933155551334, "act": 1.7995644776700972, "dispens": 28.953821749092246, "question": 0.885242112859428, "coduct": 6.798163602352043, "wa": 0.05520173734398311, "adopt": 0.9828190458602777, "abdul": 3.228283742256471, "hafeez": 26.61667725559673, "pirzada": 18.191752418972325, "sir": 0.33641312136510876, "beg": 3.0441165933393797, "subrul": 24.206903605642584, "also": 0.11607909637271277, "committe": 2.495343524388636, "consist": 5.615648267084008, "refer": 0.9448481196688957, "select": 8.141283252683822, "eleven": 4.2956681518535795, "member": 0.08728762321850106, "includ": 0.4043051630346491, "ministerincharg": 34.66843893917482, "shall": 4.3639371704978345, "chairman": 1.9104106286094578, "quorum": 9.240502312998242, "constitut": 1.6034464680825797, "sit": 0.41724562629412826, "four": 0.478463172041983, "submit": 0.9770789985576872, "it": 0.14170333213083056, "report": 0.4330972416085013, "fifteen": 3.3625690209263057, "day": 0.19565977969709591, "feder": 3.3918603097963818, "public": 0.6612792788079566, "servic": 1.8417096374735777, "commiss": 3.316367075523922, "ment": 4.586864460386959, "minist": 0.17892508909004634, "law": 0.3266337095077686, "parliamentari": 1.1705801401340301, "affair": 0.7385050783256324, "niae": 7.714454334226198, "other": 0.13480320959899805, "aziz": 9.971483390330912, "bhatti": 16.48588075870429, "mian": 1.670265698255522, "ihsanulhaq": 36.11837124102334, "ahmad": 0.8503633077020061, "wahe": 15.677260173033611, "akhtar": 6.655570251333636, "mir": 3.7234375451950923, "amanullah": 30.11179122520978, "khan": 0.5608859356011228, "gichki": 56.73915321037071, "tahir": 8.426145839391411, "mohammad": 3.6404788919378115, "sardar": 1.6866601916555588, "begum": 6.008856911047694, "kulsum": 35.65086236963773, "saifullah": 12.535084471595386, "haneef": 18.17136098316462, "fatah": 32.36388316607517, "memon": 13.809939125162625, "nationol": 7.714454334226198, "karma": 2.1141822359396616, "bakhsh": 1.0615913048728507, "awan": 1.2124141946074343, "give": 0.014385503189616596, "insid": 0.23996579953977404, "her": 0.3101752161889297, "ye": 0.15870749743274715, "consid": 0.0941242668305647, "kati": 2.8702672477676066, "hafiz": 1.1491893641908366, "okay": 0.560620532647355, "nine": 1.9878699315220458, "within": 0.25856046621332357, "shali": 3.9767847159428293, "daya": 5.463162535619703, "kutum": 7.308989226118033, "there": 0.03222205103752285, "befor": 0.01869634367143656, "hous": 0.0053583392710647645, "adjourn": 0.34471971155305847, "meet": 0.026056073835632625, "tomorrow": 0.54830567892429, "five": 0.09833923150969437, "clock": 0.660929752495378, "afternoon": 2.361330992585708, "tuesday": 4.111602180735087, "qayyum": 5.054915159792085, "postpon": 0.6458565301272302, "she": 0.2649563288433485, "will": 0.03574621683459904, "taken": 0.06751594969541813, "bath": 4.480170047795603, "dont": 0.17118098752075178, "mind": 0.1473672231788459, "fine": 0.39690997565584185, "visit": 0.13171584531178648, "right": 0.022112814367333946, "inde": 0.7465451324243135, "bile": 4.364550246951593, "commi": 6.572986241103834, "sion": 3.917776629500098, "righth": 6.46169136573083, "propos": 0.8744870434148861, "would": 0.05379995696424461, "islam": 1.1785715042785436, "republ": 5.4374981205057775, "eighth": 22.875742130949046, "follow": 0.2049934100120335, "mahammad": 3.579287777483842, "fateh": 4.250669535780273, "next": 0.2823145384999411, "are": 0.024134092674223114, "two": 0.053921283839599224, "make": 0.03433995524088507, "same": 0.04240122723985791, "recal": 1.4173450142922621, "these": 0.019735526814467108, "relat": 0.05882697499486884, "term": 0.12183609427181284, "condit": 0.09964896951512389, "like": 0.041119619143197506, "look": 0.05481137966151531, "well": 0.05199795535250759, "sng": 5.842652157324606, "item": 0.5915382150584829, "into": 0.08281068764325136, "consider": 0.18692934448889081, "masud": 15.873300792035797, "pass": 0.1723736441422157, "financ": 0.18236619068447518, "plan": 0.14762585501786682, "provinci": 0.08885926209374392, "coordin": 0.7883680985593373, "ich": 4.495578509357997, "ghulam": 1.072643971646137, "rasul": 4.896706271549255, "tarar": 4.900132885285586, "price": 1.0557560088763949, "per": 0.4913792733625863, "ton": 2.817264729869419, "paddi": 9.00249011680235, "rice": 5.861366593441048, "purchas": 0.967782361633811, "govern": 0.07681182950383439, "farmer": 1.408284933837937, "sale": 1.1655116475185732, "export": 1.376589179917598, "turkey": 1.1938332066675015, "dure": 0.33888597206495324, "time": 0.08069993544636692, "your": 0.017560109030389265, "rana": 4.064616342031563, "hanif": 10.023889262979841, "fix": 0.6164539457609527, "procur": 3.557297068493082, "differ": 0.03960462973203238, "varieti": 3.0117286162591377, "crop": 1.3965863628005484, "under": 0.09718997656923237, "basmati": 2.472707319166555, "irri6": 4.330064070880423, "metric": 2.316291632708445, "kangni": 4.557453913076085, "irri8": 6.798163602352043, "red": 0.9656947867345186, "sugdasi": 6.46169136573083, "begumisathi": 8.407601514786142, "permal": 5.2721072988569935, "desir": 0.4560421836308913, "disclos": 1.3900953718448867, "sold": 0.6505503727541293, "governmenttogovern": 6.0097062419877725, "basi": 0.49577997200191526, "over": 0.022340994630731272, "leav": 0.592557597752357, "absens": 3.4517744571848823, "few": 0.0757745103500855, "vacat": 0.8402558387729034, "request": 0.05813611400059669, "chief": 0.16195461391228286, "haji": 0.6691133922914976, "mujtaba": 3.018529784969642, "ha": 0.03824225814298705, "departur": 1.5159756177338897, "due": 0.10726676894574355, "some": 0.15000010065816738, "inevit": 3.7505344451275873, "circumst": 0.8578955714068242, "iran": 1.4073826103396632, "their": 0.015233048550893373, "approv": 0.5595834000948692, "sy": 0.11931846957845248, "zulfiqar": 0.7650773805532411, "ali": 0.03128088225132124, "bukhari": 1.468347568744635, "been": 0.027973665895115553, "doe": 0.02416831354942992, "star": 1.2107100208003323, "answer": 0.5557441612618746, "natur": 0.17409837455214916, "which": 0.034710698129285664, "can": 0.008066366838138097, "take": 0.043707551658851325, "becaus": 0.06086773267327707, "mani": 0.057502545983300575, "ministri": 0.3056111097308325, "divis": 0.8468644938853866, "depart": 0.45064757716712056, "whom": 0.15073466581183137, "inform": 0.6862194692068749, "suppos": 0.7348436181436326, "collect": 1.5213038164476458, "go": 0.04239468036778725, "khizar": 5.8045399577075605, "hayat": 1.4743459851909009, "honourabt": 8.407601514786142, "said": 0.03739268734287312, "more": 0.01869634367143656, "than": 0.02737417844306307, "one": 0.01748302066354053, "afraid": 0.49298380574546397, "put": 0.18642759615332805, "today": 0.02531208583470706, "back": 0.10236468529355097, "earlier": 0.20156375200732868, "establish": 0.537547423435631, "did": 0.027144846943376565, "mean": 0.07529316256702503, "say": 0.015971546345251417, "actual": 0.6252364671242265, "use": 0.06026053309008602, "just": 0.03589663011851132, "explain": 0.12284492159570805, "viewpoint": 2.543970339188046, "all": 0.02507283785776255, "etc": 0.4020358009307824, "agenc": 0.27284073236749734, "con": 3.4277610867232298, "cern": 3.6373500745052474, "ask": 0.06994354912251659, "suppli": 0.625225510964736, "certainli": 0.2828584944005753, "thank": 0.05386887252294154, "after": 0.010544124609886296, "read": 0.16302004515680796, "view": 0.06571454526995534, "honour": 0.2731703905702332, "who": 0.018131000906490394, "probabl": 0.4272969824448012,