{"thank": 0.10773774504588308, "hous": 0.010716678542129529, "wa": 0.008716063791155228, "adjourn": 0.17235985577652924, "meet": 0.07816822150689787, "again": 0.05016645339301446, "monday": 1.3011007455082586, "januari": 1.8809072744913908, "proced": 1.7056411487836027, "were": 0.027575578079617646, "suspend": 0.583155583908524, "minut": 0.10483993408209395, "proceed": 0.234872409920671, "chair": 0.003573822706589759, "chairman": 0.42453569524654616, "mahmood": 0.46169191617301036, "bashir": 1.0143384200223051, "work": 0.020289244224425688, "assalam": 3.4447568845262357, "alaikum": 2.348478319204346, "pleas": 0.03589663011851132, "take": 0.008741510331770265, "your": 0.052680327091167795, "seat": 0.14195134920581332, "yesterday": 0.43726930227453553, "leader": 0.586544617809138, "talk": 0.06595289588483642, "about": 0.019151199262631112, "tragic": 2.8090721119993622, "incid": 0.7023494945263187, "need": 0.03705390371139045, "some": 0.021428585808309624, "time": 0.008966659494040768, "current": 0.13477551113574202, "nation": 0.034710698129285664, "assembl": 0.0015623256397858409, "pakistan": 0.0006695681313367889, "debat": 0.026056073835632625, "friday": 0.7427857295004079, "met": 0.0035770214755437148, "hall": 0.43306867065591476, "parliament": 0.14607506638967535, "islamabad": 0.1658983550563245, "clock": 0.330464876247689, "morn": 0.20156375200732868, "speaker": 0.08339287516737467, "sardar": 0.1533327446959599, "ayaz": 1.260829335333506, "sadiq": 0.868574458962148, "recit": 0.4223348201397539, "holi": 0.15878404607482133, "quran": 0.1816247754292517, "translat": 0.17675795058790786, "two": 0.013480320959899806, "group": 0.3329524397194907, "muslim": 0.2823600836031788, "fight": 0.7918295713165928, "among": 0.3147504872477591, "themselv": 0.19016297705595572, "make": 0.03433995524088507, "peac": 0.8708671595525083, "between": 0.1709008891464809, "them": 0.028251329856323105, "one": 0.01748302066354053, "oppress": 0.6809478499385003, "other": 0.013480320959899806, "who": 0.012087333937660262, "doe": 0.02416831354942992, "abus": 0.4055766965700332, "until": 0.20429748799086053, "turn": 0.23741586190650135, "allah": 0.7251821070825397, "command": 0.6717311948335764, "then": 0.010318620042463134, "approach": 0.5493473326001138, "both": 0.1290472872335218, "justic": 0.36955876794496634, "inde": 1.493090264848627, "love": 1.1472103461533656, "those": 0.01642516395339268, "are": 0.0026815658526914573, "brother": 0.5148444902076345, "sister": 0.815235386266347, "fear": 0.49115865466388337, "may": 0.013254153368751416, "merci": 0.8401540698747524, "naat": 3.6456202448008534, "announc": 0.42012555012991826, "arrang": 0.39441051936273736, "reg": 2.411370394509032, "restor": 1.3989178316388333, "code": 3.7861440017274397, "conduct": 0.6773155606124551, "star": 0.4035700069334441, "question": 0.06809554714303293, "answer": 0.15878404607482133, "unstar": 1.0094274218156778, "name": 0.01892374560533286, "most": 0.06026053309008602, "graciou": 1.1734243350362945, "frdyay": 3.3016560408855624, "tabl": 0.2385483648588005, "content": 0.37816867420490013, "how": 0.11116171113417136, "long": 0.08665285958923663, "will": 0.00223413855216244, "fire": 0.5803606130333316, "fitr": 3.4171689280074067, "bihar": 2.727428905769076, "tayyaba": 4.796683602141918, "chaman": 2.123467353715341, "belov": 1.9003238024011313, "kabriya": 6.328159973106307, "path": 1.1464184237514132, "through": 0.06809554714303293, "which": 0.013884279251714265, "they": 0.006492802390707662, "scent": 3.9767847159428293, "god": 0.11630566288073645, "bodi": 0.1853164409134262, "agad": 6.46169136573083, "baallah": 4.159106272736784, "mann": 1.932168798082053, "shayat": 2.758627276624937, "jarim": 2.8624240703065804, "rahman": 0.258577646734373, "rahim": 0.4069167302713945, "took": 0.1153034077229218, "place": 0.01869634367143656, "veri": 0.030129855938922822, "event": 0.401567336037134, "use": 0.06026053309008602, "word": 0.07649696673310422, "mna": 0.3765413345455248, "side": 0.08983534806679931, "govern": 0.012801971583972397, "opposit": 0.09890959794724526, "inappropri": 1.758616964761367, "unparliamentari": 2.054972118466577, "also": 0.00829136402662234, "offend": 1.4849576233102553, "sanctiti": 1.3125371374990122, "can": 0.016132733676276195, "run": 0.24761346346483762, "like": 0.013706539714399169, "should": 0.020186332631770637, "sit": 0.04636062514379203, "down": 0.06523801440556473, "parliamentari": 0.351174042040209, "creat": 0.059537286377877044, "under": 0.016198329428205396, "consult": 0.6473116249810431, "all": 0.006268209464440637, "today": 0.02531208583470706, "made": 0.012801971583972397, "conveni": 0.9668678073968819, "what": 0.015518134412749974, "happen": 0.05481137966151531, "ahead": 0.4455342060324762, "serv": 0.25195224442014186, "procedur": 0.09767852552782519, "half": 0.10038888815783441, "hour": 0.10483993408209395, "first": 0.018468993437423205, "decid": 0.05906368940004558}