{"constitu": 0.7593040189026032, "assembl": 0.0015623256397858409, "legislatur": 4.71832455158609, "sri": 3.0057014896486094, "chandra": 4.832273935356322, "chattopadhyaya": 6.188791071488711, "dac": 4.941865611986416, "hindu": 1.1139037941847056, "believ": 0.19929793903024778, "immort": 2.0958667056332287, "soul": 5.64734143392517, "though": 0.26379353801465827, "deal": 0.2864763701089514, "man": 0.2093227570146832, "great": 0.3404777357151646, "loss": 1.7757346794479716, "gener": 0.038444402197309976, "mourn": 6.855326115815272, "death": 4.40730835612404, "anybodi": 0.6630317054316477, "becaus": 0.020289244224425688, "all": 0.068950304108847, "over": 0.022340994630731272, "mere": 0.815235386266347, "leav": 0.10773774504588308, "bodi": 0.3706328818268524, "new": 0.03728551923066561, "life": 0.42585404761743995, "onli": 0.04451520524424765, "wish": 0.41297974068676907, "may": 0.026508306737502832, "rest": 0.22510474870206382, "peac": 0.5805781063683388, "presid": 0.534619165690833, "will": 0.01340483131297464, "convey": 2.9356535420736525, "our": 0.19189155600158836, "sympathi": 3.263209754931519, "bereav": 15.521483033635338, "famili": 0.8343952500057386, "wife": 1.3688179733976018, "here": 0.028062488668700897, "yesterday": 0.43726930227453553, "day": 0.07114901079894397, "befor": 0.056089031014309676, "she": 0.2649563288433485, "came": 0.1290472872335218, "shock": 2.785574327021197, "her": 0.6203504323778594, "veri": 0.12051942375569129, "sorri": 0.21088910757307266, "prematur": 6.496134747992933, "again": 0.02508322669650723, "these": 0.009867763407233554, "word": 0.22949090019931265, "sincer": 5.972866837422768, "associ": 1.421220060989986, "sentiment": 1.2336431950293492, "nice": 2.0707757836397023, "express": 0.16011951050045017, "leader": 1.173089235618276, "hous": 0.01160973508730699, "premier": 2.441454775662451, "gentlemen": 1.3522189710809174, "meet": 0.013028036917816312, "teday": 6.798163602352043, "under": 0.03239665885641079, "shadow": 1.5098965716575075, "poignan": 7.714454334226198, "esteem": 3.357945803402883, "colleagu": 1.9500732629316349, "abdul": 0.3668504252564172, "matin": 18.76915676686501, "chaudhari": 6.793188698111377, "mur": 3.7071211489937266, "myself": 0.5639410526181571, "everi": 0.10006599806951591, "ha": 0.01699655917466091, "been": 0.016784199537069333, "said": 0.03739268734287312, "about": 0.038302398525262224, "him": 0.1948309949710454, "opposit": 0.1978191958944905, "had": 0.12928295406196244, "sever": 0.14375338341723665, "heart": 0.6270567334335815, "attack": 0.5006860261075562, "fer": 2.305042920172574, "ago": 0.3540485952793777, "fought": 0.9651087919917024, "battl": 1.5778077772737178, "brave": 1.5875851501120128, "could": 0.07179326023702264, "kept": 0.1294272238424055, "energi": 1.4706181183147755, "last": 0.08418746600610269, "moment": 0.17755720466002775, "gave": 0.11580440973740913, "what": 0.04655440323824992, "wa": 0.05810709194103485, "best": 0.21558460024926693, "countri": 0.06751594969541813, "peopl": 0.012124082054001945, "would": 0.07173327595232615, "difficult": 0.23543706267423922, "replac": 1.6153991111552883, "suffer": 1.070142588301386, "well": 0.05199795535250759, "nation": 0.034710698129285664, "oppositin": 8.407601514786142, "refer": 0.18896962393377914, "manifold": 3.1346019562223963, "qualiti": 0.5271751704937432, "head": 0.07939202303741066, "like": 0.054826158857596674, "add": 0.3972419258663588, "one": 0.09615661364947292, "most": 0.09039079963512903, "intim": 1.734303547018489, "quaidiazam": 1.8145569806437063, "when": 0.053848400205447705, "think": 0.14260812749769958, "affect": 0.2413852461940002, "enhanc": 0.8269017625615801, "more": 0.03739268734287312, "can": 0.02419910051441429, "certainli": 0.2828584944005753, "say": 0.047914639035754256, "contributi": 8.407601514786142, "good": 0.026228046512440355, "independ": 0.3432795538753403, "subcontin": 2.919328892342348, "alway": 0.22210998897105633, "unassum": 12.420753874899848, "charact": 1.0088152393661949, "hardli": 2.275969530355947, "come": 0.013254153368751416, "across": 0.7602926824299049, "humil": 4.381990827402556, "found": 0.1855386710031735, "know": 0.0598006043770092, "veil": 2.15762627252666, "conceal": 2.65502887596051, "abil": 0.9569407185746036, "few": 0.0757745103500855, "seldom": 3.248546215571614, "spole": 6.328159973106307, "floor": 0.1658983550563245, "did": 0.05428969388675313, "rose": 2.5327127848713036, "height": 1.8104558128994914, "rememb": 0.2233667406913219, "excel": 1.2397923304696992, "speech": 0.1128021557935694, "made": 0.012801971583972397, "dure": 0.16944298603247662, "budget": 0.2743076535635095, "session": 0.0671455018699596, "prominen": 7.308989226118033, "member": 0.034915049287400426, "assam": 7.482295527443618, "cabinet": 0.6215680884276483, "year": 0.10600306809964477, "bespeak": 6.615842045558088, "popular": 1.2887752657240654, "commend": 1.4312534443383944, "own": 0.035202908273139, "provinc": 0.07649696673310422, "also": 0.01658272805324468, "fact": 0.03728551923066561, "allindia": 3.744162420674076, "muslim": 0.1411800418015894, "leagu": 0.5080770427539454, "number": 0.0484666280281809, "through": 0.03404777357151646, "work": 0.06086773267327707, "selflessli": 5.149504976764661, "fulli": 0.25195224442014186, "agre": 0.09694060887891849, "account": 0.2624136198456723, "desir": 0.4560421836308913, "houseunanim": 8.407601514786142, "desirethat": 8.407601514786142, "propos": 0.10931088042686077, "should": 0.020186332631770637, "adjourn": 0.4308996394413231, "without": 0.13715701808276845, "transact": 1.31585939969099, "ani": 0.03433995524088507, "busin": 4.475775882061817, "condol": 9.595153317374193, "hope": 0.1494381532485242, "kindli": 0.330464876247689, "rise": 0.32922341115962406, "your": 0.03512021806077853, "sat": 1.0317193665711306, "signifi": 3.3641763978668964, "assent": 2.5468152913202773, "then": 0.02063724008492627, "their": 0.007616524275446687, "seat": 0.14195134920581332, "announc": 0.21006277506495913, "janaza": 5.768544185170884, "jinnah": 1.0494077620531104, "central": 0.25886670584897425, "hospit": 1.0863632195831554, "jana": 3.4517744571848823, "prayer": 0.34422369241911666, "held": 0.12841173759113925, "near": 0.43066275782670843, "lyari": 2.6054831394090803, "quarter": 0.6956050077384738, "old": 0.16510836159851744, "graveyard": 3.2956137264296, "where": 0.02737417844306307, "burial": 2.987066515513857, "take": 0.008741510331770265, "place": 0.01869634367143656, "stand": 0.028292030733291885, "till": 0.1645909700671225, "half": 0.3011666644735032, "past": 0.24906800894787726, "ten": 0.2849264673335397, "clock": 0.991394628743067, "tomorrow": 0.1370764197310725, "wedn": 5.36307907706272, "decemb": 0.801801338691552, "ggppk212ca20849770": 8.407601514786142, "tuesday": 0.8223204361470174, "met": 0.0035770214755437148, "chamber": 0.35339661772173614, "karachi": 0.06357194237909462, "honour": 0.18211359371348879, "tamizuddin": 2.1556976316202543, "khan": 0.022893303493923378, "chair": 0.0017869113532948794, "liaquat": 1.0021058515866708, "ali": 0.03128088225132124, "sir": 0.04587451654978755, "are": 0.0026815658526914573, "awar": 0.21088910757307266, "chaudhri": 0.24280671054137778, "pass": 0.043093411035553926, "away": 0.14272325198439523, "after": 0.010544124609886296, "midnight": 2.8821485756543592, "worker": 1.996179722366116, "pakistan": 0.0006695681313367889, "earli": 0.8042021750454734, "age": 0.8785640295468523, "join": 0.48824532412552607, "struggl": 1.7244235303486388, "freedom": 1.2545968537555394, "play": 0.19774903348487105, "promin": 1.5303054432887144, "part": 0.033586093046233514, "khilafat": 4.347158504239724, "movement": 0.6033806335992694, "went": 0.1606434822179659, "jail": 0.7574328139411426, "mani": 0.057502545983300575, "hard": 0.4535804275081055, "minist": 0.018834219904215403, "govern": 0.012801971583972397, "establish": 0.08959123723927184, "privileg": 0.2551154390059022, "inti": 4.824082576330033, "mate": 2.1850252467147744,