{"motion": 0.23813411074445104, "discuss": 0.31785971189547313, "afghan": 5.127385745243153, "situat": 0.2976864318893852, "speaker": 0.3335715006694987, "ha": 0.004249139793665227, "been": 0.005594733179023111, "move": 0.0741078074227809, "honour": 0.2731703905702332, "minist": 0.05650265971264621, "state": 0.054725084639371216, "foreign": 0.3271859082337898, "affair": 0.29540203133025295, "justic": 0.5543381519174495, "wasim": 2.9561694880449862, "sajjad": 3.166455689486114, "pursuanc": 1.3749772537581366, "rule": 0.11868156281365326, "procedur": 0.09767852552782519, "conduct": 0.16932889015311378, "busi": 0.056699063091332644, "nation": 0.0069421396258571326, "assembl": 0.000223189377112263, "read": 0.05434001505226932, "parliament": 1.1686005311174028, "joint": 1.7557432572796314, "sit": 0.1390818754313761, "request": 0.038757409333731126, "session": 0.0671455018699596, "summon": 1.4145863918531825, "meet": 0.013028036917816312, "februari": 1.211602225754341, "held": 0.12841173759113925, "secret": 1.8816040795350821, "think": 0.028521625499539915, "fair": 0.527553313814566, "secretari": 0.13400971658651162, "pleas": 0.03589663011851132, "see": 0.033586093046233514, "galleri": 1.1648035919923874, "lobbi": 1.494858694292967, "are": 0.008044697558074371, "clear": 0.08715340082958438, "all": 0.012536418928881275, "nonmemb": 4.248718431426471, "majliseshoora": 8.081606127830321, "then": 0.030955860127389403, "wa": 0.01162141838820697, "prorogu": 2.0190401092405135, "under": 0.016198329428205396, "order": 0.010544124609886296, "presid": 0.0891031942818055, "pcppi79088": 8.407601514786142, "zain": 2.693868709276774, "noorani": 2.22345262384866, "sir": 0.030583011033191703, "your": 0.052680327091167795, "permiss": 0.36259105354126986, "beg": 0.25367638277828164, "pakistan": 0.0006695681313367889, "feb": 2.1499339269035045, "these": 0.009867763407233554, "peopl": 0.012124082054001945, "inclin": 2.276375025303002, "toward": 0.24679759383147729, "reconcili": 1.758616964761367, "should": 0.010093166315885319, "trust": 0.4588630599725327, "him": 0.027832999281577914, "too": 0.07529316256702503, "some": 0.021428585808309624, "until": 0.20429748799086053, "listen": 0.16695265141123064, "know": 0.0299003021885046, "everyth": 0.2256013784927382, "fateha": 3.35316682860812, "prayer": 0.34422369241911666, "maulana": 0.9561981768724577, "sy": 0.23863693915690495, "shah": 0.49642955449452825, "torab": 3.242815540862629, "haq": 2.2409187145054172, "qadri": 6.363462536764698, "muttabul": 8.407601514786142, "matarab": 7.714454334226198, "wala": 0.5851567852968248, "knowledg": 0.32674509514515704, "will": 0.00446827710432488, "certainli": 0.2828584944005753, "great": 0.03404777357151646, "scholar": 0.913727628002584, "countri": 0.016878987423854533, "hazrat": 1.235176937661298, "allama": 1.4529626499051556, "haqad": 8.407601514786142, "ali": 0.03128088225132124, "khan": 0.011446651746961689, "sahib": 0.3369079658510502, "pir": 1.5072646686147368, "goth": 2.7038190401299422, "sheikhul": 5.768544185170884, "hadith": 1.5574753486406423, "pagara": 4.2804671297410515, "elder": 1.005149993967899, "past": 0.24906800894787726, "they": 0.006492802390707662, "pass": 0.08618682207110785, "away": 0.28544650396879045, "avoid": 0.4893368286908692, "pray": 1.171115013201048, "them": 0.009417109952107702, "feel": 0.1465917287623155, "appropri": 0.26932887625595775, "packer": 0.5602296786263543, "ye": 0.06348299897309886, "cours": 0.11230265528368341, "perform": 0.4556820421724861, "honor": 0.27695354662555904, "parliamentari": 0.117058014013403, "ajnab": 2.684016412833762, "mother": 0.7122983798225764, "proud": 0.7781115983921482, "imam": 1.103085568325988, "had": 0.018468993437423205, "tarab": 3.7728725265565073, "fatiha": 4.117142073637752, "hamid": 0.5835555039298509, "nasir": 1.003322396748875, "chattha": 2.494098509147873, "chair": 0.0017869113532948794, "majliseshort": 5.574388170729927, "debat": 0.013028036917816312, "sunday": 1.451056071634574, "majliseshour": 5.635012792546362, "met": 0.0035770214755437148, "site": 0.9780806719996809, "hous": 0.0008930565451774607, "islambad": 4.1734950101888835, "half": 0.10038888815783441, "six": 0.10756980300656784, "clock": 0.330464876247689, "event": 0.401567336037134, "recit": 0.10558370503493847, "holi": 0.07939202303741066, "quran": 0.09081238771462585, "god": 0.2326113257614729, "most": 0.06026053309008602, "graciou": 1.1734243350362945, "merci": 0.4200770349373762, "hear": 0.19774903348487105, "translat": 0.17675795058790786, "joe": 1.1207251030354435, "logo": 5.610965387812884, "aarla": 8.407601514786142}