{"speaker": 0.4586608134205607, "ye": 0.03174149948654943, "pirzada": 5.053264560825646, "abdul": 0.9538111056666847, "hafeez": 6.654169313899183, "sir": 0.21408107723234193, "beg": 0.25367638277828164, "move": 0.03705390371139045, "follow": 0.0819973640048134, "motion": 0.5953352768611276, "under": 0.08099164714102698, "rule": 0.4153854698477864, "procedur": 0.29303557658347557, "conduct": 0.5079866704593413, "busin": 4.475775882061817, "nation": 0.08330567551028559, "assembl": 0.002455083148234893, "said": 0.0934817183571828, "sustend": 8.407601514786142, "relat": 0.17648092498460652, "swearingin": 32.30845682865415, "ceremoni": 7.241823251597966, "prime": 1.495353864522484, "ministerelect": 25.222804544358425, "march": 2.531849407607545, "busi": 0.11339812618266529, "suspens": 3.737938535540867, "ministereiect": 8.407601514786142, "question": 0.03404777357151646, "uspend": 7.308989226118033, "wa": 0.008716063791155228, "adopt": 0.08934718598729798, "stephen": 8.874619202468043, "pakistan": 0.003571030033796208, "give": 0.028771006379233192, "them": 0.009417109952107702, "they": 0.019478407172122986, "can": 0.016132733676276195, "reach": 0.14866105179768335, "their": 0.007616524275446687, "end": 0.05481137966151531, "accord": 0.03914037717030493, "requir": 0.051516483764662786, "islam": 0.13095238936428263, "democrat": 0.41668605169481787, "feder": 0.1256244559183845, "constitut": 0.05010770212758062, "ceremani": 5.411869241232152, "ministri": 0.1018703699102775, "load": 18.99192694811401, "habibullah": 8.44196877940883, "khan": 0.6753524530707397, "sardar": 1.6866601916555588, "habibullab": 7.714454334226198, "tori": 2.5077041612036517, "khel": 1.640258389520751, "wazir": 2.569469712374121, "nwfp": 0.9081782241939145, "razmak": 4.364550246951593, "tribal": 0.9396591825002912, "area": 0.06666828878526493, "herebi": 1.3874108064742179, "heartiest": 4.796683602141918, "congratul": 0.7159446919755965, "quaidiawam": 21.45231630825088, "zulfikar": 16.163212255660643, "ali": 0.7194602917803885, "bhutto": 4.707225037708367, "who": 0.024174667875320525, "ha": 0.02974397855565659, "been": 0.016784199537069333, "reelect": 3.620109772004097, "premier": 2.441454775662451, "further": 0.238176069112232, "should": 0.12111799579062382, "say": 0.07985773172625708, "neither": 0.2696210603340043, "oblig": 1.289160411535251, "him": 0.13916499640788957, "nor": 0.12410738862363206, "all": 0.018804628393321914, "due": 0.16090015341861533, "hard": 0.907160855016211, "labour": 1.4678267710368262, "honour": 0.6373975779972108, "given": 0.09234496718711602, "duti": 0.0981707726458131, "perform": 0.22784102108624305, "tenur": 1.0398929424117718, "reward": 1.0857518009977871, "remuner": 2.464802139659442, "full": 0.11355187468411533, "confid": 1.0563791190866054, "nce": 4.233214244890506, "assur": 0.17489550492516742, "will": 0.02010724696946196, "cooper": 0.4059115366870073, "everi": 0.03335533268983864, "moment": 0.3551144093200555, "done": 0.029440532065462974, "lot": 0.10558370503493847, "though": 0.26379353801465827, "some": 0.021428585808309624, "peopl": 0.10911673848601751, "are": 0.018770960968840202, "evilwish": 8.407601514786142, "countri": 0.11815291196698173, "still": 0.14048472792362143, "criticis": 1.6052067514618322, "truth": 0.4875183157329087, "bright": 3.4787465327374796, "our": 0.027413079428798337, "old": 0.16510836159851744, "headmast": 3.6802136960738023, "howard": 4.578960118297048, "day": 0.05336175809920797, "night": 1.180789560020055, "dark": 1.0149539940645198, "right": 0.08845125746933578, "care": 0.3487280281617454, "anyon": 0.41407743555515863, "ani": 0.057233258734808445, "great": 0.13619109428606585, "power": 0.07967367372366925, "big": 0.3632404233147208, "lord": 1.3760550510531242, "trust": 0.4588630599725327, "god": 0.11630566288073645, "best": 0.21558460024926693, "unanimo": 7.021307153666252, "usli": 6.210376937449924, "golden": 1.6276796073138908, "principl": 0.2690367775245102, "late": 0.36683252041856385, "quaidiazam": 1.8145569806437063, "thank": 0.16160661756882463, "mar": 2.235900917375228, "mir": 2.577764454365833, "afzal": 4.303892964656251, "bhatto": 5.635012792546362, "elect": 1.072077732692093, "today": 0.10124834333882823, "just": 0.07179326023702264, "high": 0.1626534547787569, "offic": 0.1223932887003746, "becaus": 0.020289244224425688, "realis": 1.197521886615355, "greatest": 1.0443219278231046, "bestow": 2.939541373651012, "upon": 0.1874675576342835, "individu": 0.7433502897887038, "capac": 0.43444608134200985, "chief": 0.16195461391228286, "execut": 0.3461146479148167, "howev": 0.12866551249416355, "there": 0.010740683679174282, "rare": 3.3036651856037755, "instanc": 0.863269406732455, "histori": 1.0544455378653632, "when": 0.010769680041089542, "chosen": 1.3653153428463998, "bring": 0.08060282588904517, "fact": 0.03728551923066561, "greater": 1.5846063499206569, "prestig": 3.911105120697834, "posit": 0.050811844862929494, "which": 0.013884279251714265, "occupi": 0.5132834509445192, "alt": 3.734772680324237, "one": 0.026224530995310795, "those": 0.01642516395339268, "case": 0.0308204770866506, "sure": 0.42971455516342705, "trought": 8.407601514786142, "minist": 0.07533687961686161, "ship": 0.5952233087975329, "felicit": 22.7548859876693, "think": 0.05704325099907983, "enough": 0.2385483648588005, "true": 0.22113708536405283, "poor": 0.7614635150027298, "downtrodden": 10.86032931601229, "through": 0.03404777357151646, "would": 0.017933318988081537, "like": 0.013706539714399169, "convey": 0.7339133855184131, "occas": 0.4517621193160701, "onli": 0.014838401748082552, "rememb": 0.4467334813826438, "long": 0.043326429794618315, "time": 0.008966659494040768, "come": 0.013254153368751416, "tha": 2.3299592714371085, "zulikar": 6.798163602352043, "brought": 0.0873969172072642, "about": 0.038302398525262224, "awaken": 2.1160323752278227, "amsur": 8.407601514786142, "next": 0.16938872309996467, "five": 0.14750884726454155, "year": 0.06360184085978687, "parti": 0.053633384472871776, "it": 0.047234444043610185, "uimost": 7.714454334226198, "emancip": 3.5324041915849915, "these": 0.009867763407233554, "shackl": 3.571319607834665, "apart": 0.6479873640892398, "sens": 0.3101752161889297, "solidar": 1.4331226037610978, "progress": 0.30804723240977877, "art": 2.4780432350442156, "achiev": 0.3044097625003563, "dure": 0.08472149301623831, "abl": 0.06357194237909462, "leadershin": 7.714454334226198, "anoth": 0.056699063091332644, "mileston": 3.070063435084825, "onc": 0.12234038071719473, "again": 0.02508322669650723, "behalf": 0.7246675963566794, "northwest": 2.572790777723538, "frontier": 0.6458565301272302, "provinc": 0.15299393346620843, "veri": 0.030129855938922822, "much": 0.05934078140682663, "taj": 5.737007876547404, "mohammad": 3.1051143490057806, "jamiali": 7.714454334226198, "educ": 0.15047522878871325, "provinci": 0.08885926209374392, "coordin": 0.7883680985593373, "vir": 4.694029448081835, "proud": 0.7781115983921482, "privileg": 0.5102308780118044, "myself": 0.5639410526181571, "colleagu": 0.9750366314658174, "brother": 0.2574222451038172, "sister": 0.815235386266347, "sind": 0.8723048123420545, "manifest": 1.8451574210924233, "massiv": 1.9990727237266448, "verdict": 8.703223611784681, "grate": 0.6331729461512232, "pepol": 4.578960118297048, "develop": 0.07625608994041853, "ing": 0.9193079996267151, "find": 0.09276933550158675, "parallel": 2.083242552404832, "where": 0.02737417844306307, "leader": 0.1173089235618276, "whom": 0.15073466581183137, "repos": 2.98265149730474, "most": 0.03013026654504301, "tri": 0.04870090236449897, "turbul": 4.188093809610036, "led": 0.6871398201864214, "path": 0.5732092118757066, "place": 0.01869634367143656, "rightful": 7.021307153666252, "destini": 1.3900953718448867, "ful": 2.543970339188046, "guidanc": 2.7461954165022044, "ou": 3.5324041915849915, "and": 4.364550246951593, "leadership": 0.7100261679837998, "period": 0.09179038290260261, "tremend": 1.745746774240832,