{"nation": 0.09024781513614272, "assembl": 0.0031246512795716818, "pakistan": 0.005133355673582049, "fateha": 3.35316682860812, "wa": 0.05520173734398311, "offer": 0.4874386449226169, "nov": 4.467630821768413, "speaker": 0.4169643758368734, "let": 0.04449233875262068, "copi": 0.4835291898627265, "resolut": 0.6640377562288465, "which": 0.05553711700685706, "pass": 0.08618682207110785, "unanim": 0.6673719900229615, "sent": 0.1118034041499985, "bereav": 15.521483033635338, "famili": 0.8343952500057386, "place": 0.03739268734287312, "record": 0.2558087618170317, "stand": 0.05658406146658377, "adjourn": 0.17235985577652924, "meet": 0.026056073835632625, "tomorrow": 0.1370764197310725, "thank": 0.21547549009176617, "veri": 0.1355843517251527, "much": 0.11868156281365326, "ten": 0.09497548911117991, "clock": 0.660929752495378, "morn": 0.20156375200732868, "friday": 0.7427857295004079, "novemb": 1.7832427417941803, "pcppkl2700": 8.407601514786142, "obituari": 13.093650740854779, "refer": 0.2834544359006687, "believ": 0.09964896951512389, "fresh": 1.1243709563873168, "our": 0.09594577800079418, "mind": 0.2947344463576918, "now": 0.010995286359023224, "will": 0.01340483131297464, "promin": 1.5303054432887144, "histori": 0.42177821514614533, "nurul": 40.595648575629035, "amin": 19.41325829655775, "name": 0.01892374560533286, "came": 0.1290472872335218, "known": 0.2539640284008603, "when": 0.06461808024653726, "muslim": 0.5647201672063576, "subcontin": 2.919328892342348, "were": 0.036767437439490194, "be": 0.014385503189616596, "organis": 0.9780806719996809, "quaidiazam": 10.887341883862238, "final": 0.13733240334951877, "round": 2.10009062775158, "struggl": 4.311058825871597, "establish": 0.17918247447854369, "home": 0.3658039056378171, "ideolog": 0.8012141250134909, "catech": 6.798163602352043, "peopl": 0.06062041027000972, "passag": 1.0745785003996617, "time": 0.008966659494040768, "gradual": 1.1139037941847056, "know": 0.0299003021885046, "more": 0.0934817183571828, "about": 0.038302398525262224, "per": 0.1637930911208621, "sonal": 3.248546215571614, "respect": 0.06532674190155371, "command": 0.6717311948335764, "infecti": 3.7162536325569993, "well": 0.025998977676253796, "deserv": 0.8117115970676049, "sincer": 1.7065333821207909, "transpar": 1.27830396585677, "faith": 0.7228175712633587, "solid": 1.8090924861716273, "leader": 1.0557803120564484, "opposit": 0.5934575876834716, "concern": 0.09272125028758406, "whole": 0.1327771445644978, "never": 0.2654693882017788, "region": 0.6429979582340853, "unambigu": 3.875002021632887, "loyalti": 3.331801640268177, "unit": 0.10955985341457795, "doubtedli": 4.9110939533196625, "greatest": 1.0443219278231046, "anguish": 3.9416933961315594, "breakup": 1.4501041439091917, "homeland": 4.487562643603406, "envisag": 1.4349952634843897, "last": 0.11224995467480359, "four": 0.10632514934266289, "year": 0.021200613619928955, "life": 0.7097567460290666, "spent": 0.2579997790499885, "what": 0.0620725376509999, "remain": 0.25197921732771306, "some": 0.06428575742492887, "describ": 0.666937112868902, "period": 0.09179038290260261, "day": 0.05336175809920797, "exil": 5.862275925709264, "selfimpos": 5.463162535619703, "one": 0.01748302066354053, "could": 0.14358652047404527, "gone": 0.09571195655578432, "back": 0.10236468529355097, "land": 0.48350318587733615, "birth": 1.2592557708860757, "live": 0.15251217988083707, "out": 0.028771006379233192, "bangla": 3.0094388132683902, "desh": 3.0557433813100765, "too": 0.07529316256702503, "deepli": 1.640258389520751, "commit": 0.19476193010965853, "just": 0.07179326023702264, "ruefulli": 7.308989226118033, "count": 0.5803606130333316, "piec": 2.9990315766796325, "militari": 0.5720222681161778, "regim": 0.9598502347382355, "had": 0.14775194749938564, "left": 0.11305199964246423, "countri": 0.13503189939083626, "help": 0.13349951249381128, "pick": 0.6514061708380254, "task": 0.5069649017681384, "contribut": 0.586359431262585, "vicepr": 8.407601514786142, "sident": 3.864306732516139, "substanti": 1.0174200865597132, "alert": 1.8958561851414153, "despit": 0.4029020042365933, "age": 0.8785640295468523, "special": 0.0859367076511419, "stimu": 6.798163602352043, "late": 1.8341626020928192, "problem": 0.0645236436167609, "develop": 0.07625608994041853, "backward": 0.9906218934049891, "area": 0.06666828878526493, "waver": 4.669931896502774, "steadfast": 3.390321677971219, "devot": 3.146985551944609, "indeolog": 7.714454334226198, "bequeath": 6.0097062419877725, "strongest": 2.9186637886294564, "safeguard": 1.2727106632202587, "against": 0.0308204770866506, "enemi": 0.750318721807953, "belong": 0.1388696826684053, "select": 0.37005832966744645, "band": 2.360229335739865, "statesmen": 4.1734950101888835, "whom": 0.15073466581183137, "regard": 0.027144846943376565, "truste": 2.894172768621161, "legaci": 2.190995413701278, "even": 0.021428585808309624, "tidal": 3.7536411646286196, "wave": 1.6141353822061337, "emot": 0.985227813799319, "swept": 3.3016560408855624, "awami": 1.8536681107603319, "leagu": 0.5080770427539454, "victori": 3.5830726593066515, "submerg": 2.504968181384777, "emerg": 0.5767785196508272, "consti": 1.8423365447507818, "tuenci": 3.9649502582958265, "island": 2.265564109198787, "saniti": 3.802431328798052, "rage": 3.6369168903204785, "sea": 0.8944379695520676, "subvers": 2.7799804010955063, "tribut": 5.282216441777248, "today": 0.10124834333882823, "taken": 0.016878987423854533, "note": 0.26176190184930204, "variou": 0.16038146204091336, "facet": 4.264466788394611, "person": 0.041945386782044375, "all": 0.03760925678664383, "polit": 0.09964896951512389, "scene": 1.4558293503872317, "show": 0.23890096944196412, "same": 0.021200613619928955, "ideal": 7.351437167812308, "did": 0.027144846943376565, "then": 0.02063724008492627, "need": 0.0741078074227809, "fear": 0.49115865466388337, "futur": 0.08690994373769423, "these": 0.019735526814467108, "word": 0.22949090019931265, "formal": 0.7747160093910098, "associ": 1.7765250762374827, "myself": 0.8459115789272356, "collect": 0.19016297705595572, "pay": 0.15636946169364827, "memori": 3.3765835700780347, "ha": 0.021245698968326135, "alreadi": 0.05811716779601484, "paid": 0.1912431823999871, "him": 0.25049699353420124, "ultim": 1.0082034314547892, "lay": 0.46666175245835156, "etern": 2.572790777723538, "rest": 0.11255237435103191, "near": 0.43066275782670843, "mausoleum": 3.2896077023693877, "sum": 0.9656947867345186, "few": 0.22732353105025652, "suitabl": 0.867511194640818, "epitaph": 6.210376937449924, "they": 0.006492802390707662, "would": 0.035866637976163074, "simpli": 1.0506832724301223, "stood": 1.0475565997879803, "solidar": 4.299367811283293, "member": 0.011638349762466808, "honour": 1.0926815622809327, "alway": 0.22210998897105633, "esteem": 1.6789729017014414, "senti": 4.248718431426471, "ment": 0.6552663514838513, "express": 0.48035853150135055, "hous": 0.0044652827258873035, "law": 0.1633168547538843, "minist": 0.06591976966475391, "who": 0.018131000906490394, "caus": 0.37499698955174293, "democraci": 0.37524136686164256, "can": 0.016132733676276195, "forget": 0.7311278683969866, "given": 0.03693798687484641, "request": 0.019378704666865563, "maulvi": 1.182848109018172, "mufti": 1.4968507268242075, "mahmud": 1.05004531387579, "soul": 1.4118353584812926, "abdul": 0.07337008505128344, "wali": 0.989420692059355, "khan": 0.011446651746961689, "sir": 0.04587451654978755, "half": 0.20077777631566882, "like": 0.027413079428798337, "sentiment": 3.7009295850880477, "parliamentari": 0.351174042040209, "affair": 0.2215515234976897, "been": 0.022378932716092443, "quit": 0.3610521575030645, "long": 0.08665285958923663, "after": 0.010544124609886296, "creation": 1.0622366743692744, "restor": 0.9326118877592222, "democray": 7.714454334226198, "worknig": 7.308989226118033, "see": 0.06717218609246703, "democrat": 1.6667442067792715, "institut": 0.09644896678445304, "come": 0.013254153368751416, "rememb": 0.2233667406913219,