{"admiss": 2.54613771488295, "therefor": 0.12571752073719433, "would": 0.04483329747020384, "ask": 0.17485887280629148, "kindli": 0.330464876247689, "allow": 0.11116171113417136, "motion": 1.5478717198389318, "admit": 0.42347955608321597, "two": 0.013480320959899806, "hour": 0.10483993408209395, "discuss": 0.44500359665366235, "may": 0.09277907358125992, "fix": 0.6164539457609527, "par": 1.3083997712330506, "conveni": 0.9668678073968819, "speaker": 3.836072257699235, "well": 0.129994888381269, "honour": 0.18211359371348879, "minist": 0.16009086918583093, "whoever": 0.7674783420907794, "concern": 0.04636062514379203, "will": 0.03798035538676148, "respond": 0.39558327562708195, "deputi": 12.83739957215775, "tell": 0.288221213729097, "ali": 0.37537058701585485, "muhammad": 0.873210713341091, "khan": 0.2060397314453104, "want": 0.10945016927874243, "debat": 0.11725233226034681, "our": 0.08223923828639501, "financ": 0.7294647627379007, "come": 0.11928738031876274, "insha": 0.5574979696105613, "allah": 0.36259105354126986, "opportun": 0.09644896678445304, "govern": 0.07681182950383439, "perform": 0.22784102108624305, "sinc": 0.037980687837041345, "had": 0.12928295406196244, "commit": 0.19476193010965853, "their": 0.04569914565268012, "senior": 0.45463472386301157, "good": 0.05245609302488071, "thing": 0.10075827913870054, "they": 0.11037764064203026, "talk": 0.6595289588483643, "interest": 0.07529316256702503, "countri": 0.016878987423854533, "there": 0.04833307655628427, "legal": 1.1290657122874126, "immort": 4.1917334112664575, "issu": 0.38723199100452904, "hous": 0.042866714168518116, "nave": 9.74316488842965, "qamar": 11.676983528562698, "sahib": 1.5722371739715677, "ha": 0.13172333360362204, "done": 0.1177621282618519, "whatev": 0.20225870937111634, "motiv": 0.9442384692661221, "movement": 0.3016903167996347, "pass": 2.41323101799102, "announc": 1.0503138753247956, "appropri": 0.26932887625595775, "time": 0.12553323291657076, "reg": 9.645481578036128, "present": 0.12777237076201134, "member": 0.034915049287400426, "offic": 0.1835899330505619, "legisl": 1.2224831317318, "assembl": 0.004463787542245259, "box": 2.1834360205527155, "veri": 0.04519478390838423, "happi": 0.281674712078257, "chaudhri": 0.9712268421655111, "riaz": 2.964662795602353, "ahm": 0.2886097090485068, "gujjar": 3.4588416244079747, "azad": 1.0149539940645198, "jammu": 3.166455689486114, "kashmir": 0.8192043936128258, "nation": 0.13190065289128552, "respect": 0.03266337095077686, "honor": 0.8308606398766771, "pakistan": 0.0011159468855613149, "tuesday": 1.6446408722940349, "septemb": 28.225711562978788, "met": 0.0071540429510874295, "hall": 0.43306867065591476, "parliament": 0.2921501327793507, "islamabad": 1.1612884853942715, "qasim": 1.087736584977173, "suri": 2.267716962559888, "chair": 0.005360734059884638, "recit": 0.6335022302096308, "holi": 0.15878404607482133, "quran": 0.1816247754292517, "otherwis": 0.1714458531030179, "surat": 2.2255166080695115, "hujurat": 5.768544185170884, "ayat": 2.3745152929873417, "translat": 0.3535159011758157, "god": 0.5815283144036822, "bless": 1.0626852649658334, "attempt": 0.5815575012671779, "joe": 1.1207251030354435, "jaw": 2.3578680595541854, "rahmah": 4.852253453296729, "farman": 2.464802139659442, "arametano": 7.714454334226198, "doubt": 0.2559798678163933, "fair": 0.527553313814566, "kurn": 3.9649502582958265, "did": 0.08143454083012969, "lee": 2.8624240703065804, "hadith": 3.1149506972812846, "naat": 3.6456202448008534, "anthem": 4.338553779493271, "leav": 2.10088602839472, "absenc": 0.47823019531892236, "further": 0.15878404607482133, "adjourn": 0.6032594952178523, "move": 0.18526951855695226, "increas": 0.4822448339222652, "price": 0.8797966740636625, "petroleum": 4.003563138434011, "product": 0.9214665171038011, "presenc": 0.709572344513338, "ajk": 1.7901985368116657, "call": 0.20567216273764502, "attent": 0.3692525391628162, "notic": 0.3069516062455963, "take": 0.07867359298593238, "class": 2.53759374554258, "univers": 4.59099661972358, "alevel": 11.845389729996285, "examin": 1.0154123832928261, "simultan": 5.139118368795144, "referr": 6.664855399104632, "capit": 1.3156531422250806, "territori": 2.3328774232750606, "prohibit": 3.588134344417025, "corpor": 1.1169678109244288, "punish": 1.0213574246281119, "bill": 1.6704585740983346, "joint": 2.6336148859194473, "sit": 0.23180312571896014, "passag": 5.372892501998309, "senat": 9.262187017079674, "point": 0.12610113582536106, "out": 0.10069852232731617, "lack": 0.762862639679433, "quorum": 4.1068899168881075, "red": 0.9656947867345186, "great": 0.03404777357151646, "tabl": 0.2385483648588005, "content": 0.37816867420490013, "pick": 0.6514061708380254, "still": 0.0936564852824143, "pend": 1.0191236480430492, "then": 0.07223034029724194, "after": 0.042176498439545185, "laps": 2.7605740014927336, "find": 0.09276933550158675, "ani": 0.045786606987846756, "cover": 0.34927420820518523, "taken": 0.08439493711927266, "need": 0.03705390371139045, "clariti": 2.535483725310727, "shazia": 3.7798604837477363, "murre": 2.4233285766211483, "heard": 0.19693348362316646, "who": 0.030218334844150655, "through": 0.03404777357151646, "say": 0.06388618538100567, "constitut": 0.2505385106379031, "doe": 0.02416831354942992, "what": 0.13966320971474977, "do": 0.3512647514448385, "know": 0.0598006043770092, "how": 0.0741078074227809, "are": 0.04022348779037186, "becaus": 0.20289244224425687, "articl": 0.21863465113726777, "give": 0.07192751594808298, "whole": 0.04425904818816593, "procedur": 0.48839262763912594, "goe": 0.1520328615023969, "other": 0.04044096287969942, "than": 0.02737417844306307, "see": 0.10075827913870054, "anybodi": 0.6630317054316477, "under": 0.09718997656923237, "law": 0.03266337095077686, "been": 0.07832626450632355, "now": 0.07696700451316257, "tehreek": 1.9003238024011313, "insaf": 2.2338154108842065, "proceed": 0.939489639682684, "sub": 0.9910892532142751, "rule": 0.2670335163307198, "which": 0.034710698129285664, "approv": 7.134688351209582, "nineti": 4.151527680143099, "day": 0.3735323066944558, "wa": 0.031958900567569164, "jointli": 1.870909917194838, "meet": 0.06514018458908157, "within": 0.12928023310666178, "it": 0.03148962936240679, "lay": 0.46666175245835156, "refer": 0.09448481196688957, "consider": 0.18692934448889081, "thank": 0.4848198527064739, "sir": 0.21408107723234193, "ye": 0.03174149948654943, "sherin": 3.0416254997642915, "mazari": 6.822207993989014, "human": 0.42067628674361446, "right": 0.08845125746933578, "shireen": 5.165221703153351, "understand": 0.059537286377877044, "actual": 0.20841215570807553, "conflict": 1.0785077785395514, "parti": 0.32180030683723065, "when": 0.08615744032871633, "went": 0.1606434822179659, "support": 0.061908641532276945, "here": 0.11224995467480359, "were": 0.04595929679936274, "mani": 0.028751272991650288, "object": 0.10236468529355097, "sajid": 1.7483075951025056, "mir": 0.5728365454146296, "some": 0.06428575742492887, "problem": 0.2580945744670436, "drawft": 3.620109772004097, "yesterday": 0.21863465113726777, "saadia": 5.006404133123988, "abbasi": 0.666067925504315, "similar": 0.5264193125590417, "committe": 0.0623835881097159, "today": 0.02531208583470706, "also": 0.09949636831946809, "given": 0.14775194749938564, "one": 0.01748302066354053, "revis": 0.6306471114637014, "happen": 0.16443413898454592, "intra": 4.159106272736784, "becom": 0.16120565177809035, "bit": 0.5493473326001138, "tune": 1.635665958946541, "rest": 0.22510474870206382, "religi": 0.5381998022090537, "probabl": 0.2136484912224006, "due": 0.053633384472871776, "them": 0.09417109952107702, "becam": 0.4062464889594405, "acccommod": 6.105016421792097, "first": 0.07387597374969282, "send": 0.7801324662079941, "mehnaz": 5.574401298137986, "akber": 3.357745507536606, "aziz": 1.9942966780661826, "beg": 0.25367638277828164, "subrul": 1.5129314753526615, "conduct": 0.33865778030622756, "busi": 0.056699063091332644, "action": 0.1157613546273088, "notif": 2.8569090873085576,