{"pcpp1": 7.308989226118033, "na2355400": 8.407601514786142, "fallha": 8.407601514786142, "prayer": 0.6884473848382333, "they": 0.012985604781415324, "had": 0.018468993437423205, "allow": 0.03705390371139045, "glad": 1.1372886287071182, "himself": 0.17542727840220274, "ask": 0.06994354912251659, "hous": 0.009823621996952067, "aid": 0.4410148171477409, "creator": 1.9876065866390005, "respect": 0.03266337095077686, "need": 0.03705390371139045, "world": 0.051281548957990586, "adher": 1.6623651653017808, "dont": 0.17118098752075178, "mind": 0.2947344463576918, "opposit": 0.2967287938417358, "said": 0.03739268734287312, "should": 0.030279498947655956, "entrust": 1.081135900945821, "thank": 0.05386887252294154, "speaker": 0.3335715006694987, "maulana": 1.9123963537449153, "sir": 0.07645752758297926, "now": 0.010995286359023224, "pray": 1.756672519801572, "muhammad": 0.16372700875145457, "abdul": 0.2201102551538503, "sattar": 2.390246173172678, "khan": 0.045786606987846756, "niazi": 3.4097789295154532, "forgiv": 2.4960505896850522, "befor": 0.01869634367143656, "consensu": 0.9459611225775683, "also": 0.024874092079867023, "express": 0.16011951050045017, "regret": 0.9511967248495172, "over": 0.022340994630731272, "testimoni": 1.6220138697782134, "man": 0.06977425233822773, "siddiqui": 4.477428455064075, "other": 0.013480320959899806, "martyr": 5.004421512241156, "think": 0.08556487649861974, "whole": 0.08851809637633186, "nation": 0.05553711700685706, "involv": 0.1404093288539981, "these": 0.059206580443401324, "emot": 0.985227813799319, "moment": 0.3551144093200555, "just": 0.03589663011851132, "total": 0.1370764197310725, "scholar": 0.913727628002584, "made": 0.012801971583972397, "speech": 0.1128021557935694, "here": 0.028062488668700897, "situat": 0.23814914551150818, "chang": 0.08447862719840825, "are": 0.013407829263457287, "affect": 0.2413852461940002, "our": 0.08223923828639501, "forc": 0.09718652059785104, "new": 0.03728551923066561, "side": 0.08983534806679931, "togeth": 0.16353024449035686, "special": 0.0859367076511419, "repres": 0.09767852552782519, "take": 0.008741510331770265, "all": 0.02507283785776255, "respons": 0.08153240991693553, "will": 0.00893655420864976, "play": 0.19774903348487105, "their": 0.015233048550893373, "role": 0.5363219858230684, "individu": 0.3716751448943519, "collect": 0.19016297705595572, "correct": 0.20819343182672054, "agre": 0.19388121775783698, "everyon": 0.2702056847294921, "most": 0.06026053309008602, "critic": 0.4227981250517368, "watch": 0.4695127878891907, "condit": 0.09964896951512389, "there": 0.016111025518761424, "veri": 0.015064927969461411, "great": 0.03404777357151646, "threat": 0.8047010525813876, "pakistan": 0.0015623256397858409, "allaah": 0.7311278683969866, "give": 0.014385503189616596, "help": 0.13349951249381128, "fulfil": 0.20292968583533205, "can": 0.008066366838138097, "lead": 0.3952518754583488, "postpon": 0.6458565301272302, "four": 0.10632514934266289, "oclock": 0.5960330254409635, "tomorrow": 0.1370764197310725, "adjourn": 0.08617992788826462, "meet": 0.013028036917816312, "clock": 0.660929752495378, "afternoon": 2.361330992585708, "tuesday": 0.8223204361470174, "may": 0.053016613475005664, "miraj": 2.4569589621984163, "khalid": 0.8532666910603954, "chair": 0.0017869113532948794, "assembl": 0.000892757508449052, "debat": 0.039084110753448933, "monday": 1.3011007455082586, "met": 0.0035770214755437148, "parliament": 0.2921501327793507, "islamabad": 0.331796710112649, "recit": 0.10558370503493847, "holi": 0.07939202303741066, "quran": 0.09081238771462585, "name": 0.01892374560533286, "god": 0.11630566288073645, "merci": 0.8401540698747524, "it": 0.03148962936240679, "water": 0.198293103139206, "allah": 0.18129552677063493, "translat": 0.17675795058790786, "joe": 2.241450206070887, "log": 2.325382604409697, "messeng": 1.104431463549343, "say": 0.015971546345251417, "time": 0.026899978482122305, "wa": 0.008716063791155228, "humili": 1.0424213887651306, "mystem": 8.407601514786142, "dun": 4.669931896502774, "magr": 6.105016421792097, "lig": 4.418617468221869, "volum": 1.3002454964039278, "iii": 1.16871164820124, "nap": 1.9876065866390005, "iii690": 8.407601514786142, "offici": 0.117058014013403, "report": 0.03937247650986376, "session": 0.0671455018699596, "contain": 0.22588105965803504, "retat": 6.798163602352043, "quim": 4.7187220606722065, "content": 0.37816867420490013, "pape": 5.768544185170884, "publish": 0.3830666431804473, "manag": 0.3819460433054003, "public": 0.028751272991650288, "karachi": 0.12714388475818925, "print": 0.8044688949389596, "corpor": 0.3723226036414763, "press": 0.15541607878281422, "price": 0.1759593348127325, "assemien": 7.714454334226198, "fateha": 3.35316682860812, "hyderabad": 0.720062748584514, "them": 0.018834219904215403, "increas": 0.09644896678445304, "jatoi": 6.591791798793144, "after": 0.010544124609886296, "leader": 0.2346178471236552, "ghulam": 0.2681609929115342, "mustafa": 0.9757095979783429, "pain": 0.8274120968416023, "news": 0.7349537006755256, "tragic": 1.4045360559996811, "come": 0.013254153368751416, "well": 0.025998977676253796, "where": 0.02737417844306307, "hundr": 0.15645937569539195, "happen": 0.05481137966151531, "innoc": 0.8097035642643594, "peopl": 0.012124082054001945, "sindh": 0.41736332906577994, "senat": 1.3893280525619511, "mohsin": 5.591069007664053, "want": 0.018241694879790406, "into": 0.027603562547750454, "long": 0.043326429794618315, "becaus": 0.040578488448851376, "alreadi": 0.05811716779601484, "discuss": 0.06357194237909462, "affair": 0.07385050783256324, "member": 0.011638349762466808, "first": 0.018468993437423205, "thing": 0.033586093046233514, "therefor": 0.06285876036859717, "would": 0.008966659494040768, "like": 0.013706539714399169, "request": 0.019378704666865563, "held": 0.12841173759113925, "today": 0.05062417166941412, "then": 0.010318620042463134, "edit": 1.5058643081295688, "day": 0.01778725269973599, "sy": 0.11931846957845248, "iftikhar": 2.495064614380033, "hussain": 0.4618574856753757, "gilani": 2.1348293589320546, "assassin": 2.3890083002899085, "minist": 0.009417109952107702, "law": 0.03266337095077686, "justic": 0.18477938397248317, "asid": 1.37321358487064, "support": 0.061908641532276945, "onli": 0.014838401748082552, "demeanor": 3.875002021632887, "countri": 0.016878987423854533, "particip": 0.3546684779885754, "major": 0.07385050783256324, "part": 0.033586093046233514, "becom": 0.04030141294452259, "her": 0.3101752161889297, "life": 0.14195134920581332, "spent": 0.2579997790499885, "good": 0.026228046512440355, "polit": 0.09964896951512389, "affili": 1.3191927361107483, "laughter": 2.3531621685167727, "addit": 0.1327346941008894, "rest": 0.11255237435103191, "sad": 0.5249093084971175, "some": 0.021428585808309624, "famili": 0.27813175000191287, "sahib": 0.11230265528368341, "were": 0.009191859359872549, "unfortun": 0.2331803621396466, "terrorist": 1.087736584977173, "less": 0.15541607878281422, "condemn": 0.8066990552440606, "against": 0.0308204770866506, "terror": 0.8928017542974724, "idea": 0.37459201618947513}