{"speaker": 0.875625189257434, "item": 0.14788455376462073, "abdul": 0.4402205103077006, "hafeez": 4.990626985424387, "pirzada": 3.0319587364953873, "minist": 0.08475398956896932, "financ": 0.18236619068447518, "plan": 0.5905034200714673, "provinci": 0.08885926209374392, "coordin": 0.7883680985593373, "sir": 0.07645752758297926, "beg": 0.5073527655565633, "lay": 0.9333235049167031, "befor": 0.16826709304292903, "nation": 0.06942139625857133, "assembl": 0.0037942194109084706, "authent": 6.588747294810861, "schedul": 2.178877920578611, "authoris": 5.725013777353578, "expenditur": 2.7871727850492602, "financi": 1.7375874460750185, "year": 0.23320674981921852, "begin": 0.440604489261992, "juli": 0.9177261199450654, "end": 0.32886827796909185, "june": 5.182258980471065, "requir": 0.30909890258797673, "claus": 1.6303496844322865, "articl": 1.3118079068236066, "constitut": 0.15032310638274185, "islam": 0.5238095574571305, "republ": 2.416665831335901, "pakistan": 0.002455083148234893, "laid": 3.533966177217361, "hous": 0.008930565451774607, "supplementari": 2.033792125772182, "expendi": 2.7206261584463234, "ture": 1.7406447223569363, "read": 0.10868003010453864, "coustitut": 7.308989226118033, "there": 0.05370341839587141, "busi": 0.11339812618266529, "adjourn": 0.17235985577652924, "sine": 5.837327577258913, "die": 0.6708924131957863, "pap": 8.837234936443737, "ye": 0.22219049640584604, "member": 0.029095874406167017, "holiday": 3.462393396304847, "approv": 1.6787502002846075, "sahibzada": 0.7456039558842498, "hassan": 0.650978180247285, "request": 0.11627222800119338, "departur": 3.0319512354677793, "doe": 0.09667325419771967, "their": 0.030466097101786747, "leav": 0.6464264702752985, "are": 0.032178790232297486, "gener": 0.07688880439461995, "retd": 2.133531921325736, "tikka": 9.704506906593458, "khan": 0.16025312445746365, "revis": 1.8919413343911042, "scheme": 0.2885006771486569, "commissiond": 8.407601514786142, "performa": 5.463162535619703, "ha": 0.0637370969049784, "been": 0.07832626450632355, "submit": 0.10856433317307636, "develop": 0.07625608994041853, "divis": 1.0585806173567334, "cost": 1.2340029815515263, "estim": 0.48063796992316454, "work": 0.26376017491753395, "will": 0.02457552407378684, "taken": 0.06751594969541813, "hand": 0.055990764159583886, "turbat": 18.193627774315956, "pasni": 30.510152401141305, "earth": 1.036112219571866, "complet": 0.04682824264120715, "upto": 2.5755564119215713, "feet": 4.581837394701682, "length": 6.671198652221166, "pavement": 6.834337856014813, "runway": 13.668675712029627, "subgrad": 13.231684091116175, "prepar": 0.31709848122970213, "base": 0.6137138192138517, "cours": 0.3369079658510502, "main": 0.5334712941127673, "entir": 0.09644896678445304, "taxiway": 10.926325071239406, "granular": 9.883731223972832, "sub": 0.9910892532142751, "first": 0.018468993437423205, "layer": 6.767441987879733, "iii": 2.33742329640248, "second": 0.06404767978102627, "gawadar": 31.231827121275508, "undertaken": 1.1923615360560453, "far": 0.037517188408117845, "incur": 3.0373539355368924, "each": 0.14194285429799383, "airport": 7.572288003454879, "advanc": 0.5069649017681384, "ada": 3.3450064817591763, "civil": 0.2620518830025592, "aviat": 3.1213167504015265, "depart": 0.3004317181114137, "ormara": 24.702852441826515, "million": 0.7068655896269933, "nil": 1.1449729138119018, "next": 0.33877744619992933, "question": 0.7490510185733622, "zafar": 2.902320015837075, "mehdi": 5.843091181225825, "product": 0.23036662927595028, "sugar": 1.5826359064115167, "put": 0.18642759615332805, "nazar": 3.845932558301782, "hussain": 0.23092874283768786, "kayant": 8.407601514786142, "food": 0.6696443632332897, "pleas": 0.2153797807110679, "state": 0.12769186415853284, "whether": 0.08525507269483332, "fact": 0.07457103846133122, "countri": 0.033757974847709066, "produc": 0.34674576185182654, "surplu": 1.472382071545619, "it": 0.03148962936240679, "dure": 0.6777719441299065, "current": 0.5391020445429681, "anwar": 1.7201996639423518, "aziz": 3.3238277967769707, "chaudhri": 0.48561342108275557, "basi": 0.09915599440038306, "exist": 0.1409230714802474, "scale": 0.6844814225198115, "ration": 1.0719675328589415, "ghulam": 0.5363219858230684, "rasul": 3.2644708476995032, "tarar": 3.2667552568570573, "star": 1.6142800277337763, "answer": 0.31756809214964266, "nii": 4.400268329553672, "lac": 1.378513950636481, "baluchistan": 0.9680422056528235, "govern": 0.07681182950383439, "ministri": 0.1018703699102775, "agricultur": 0.6368516718971631, "livestock": 1.6074314464839434, "other": 0.026960641919799612, "concern": 0.04636062514379203, "agenc": 0.27284073236749734, "determin": 0.31934678766371205, "project": 0.5183116970858145, "report": 0.07874495301972752, "assign": 1.1227806022175395, "com": 0.8177600026034857, "pile": 2.1290800906202985, "engin": 0.38831772186934993, "servic": 0.07673790156139908, "limit": 0.1580263647859449, "mir": 1.432091363536574, "amanullah": 11.581458163542225, "gichki": 26.187301481709557, "construct": 1.0035309452789645, "lasbela": 9.99807430646885, "btc": 7.308989226118033, "bhatti": 3.2971761517408575, "alloc": 1.2531064195296109, "fund": 0.7190464554849825, "makran": 2.805482693906442, "district": 1.469649076858578, "progress": 0.6160944648195575, "separ": 0.29266672841698993, "one": 0.01748302066354053, "follow": 0.12299604600722011, "mekran": 21.523919695086636, "abov": 0.11005798542985967, "under": 0.016198329428205396, "wa": 0.020337482179362196, "tender": 1.0487706164437893, "award": 1.3831724962871121, "termin": 1.0713158547648454, "build": 0.3588492376696462, "etc": 0.2010179004653912, "were": 0.027575578079617646, "invit": 0.2893944653803608, "percentag": 0.6206345121712716, "quot": 0.5359088504624979, "cont": 3.7536411646286196, "ractor": 8.407601514786142, "found": 0.09276933550158675, "too": 0.07529316256702503, "high": 0.24398018216813533, "could": 0.03589663011851132, "wheat": 4.157520870815159, "price": 0.70383733925093, "major": 0.07385050783256324, "haider": 0.985825721141496, "cheema": 0.988820632035349, "which": 0.04859497738099993, "purchas": 0.967782361633811, "export": 0.9177261199450654, "per": 0.4913792733625863, "maund": 4.092598074426295, "averag": 0.8755133712444205, "rate": 0.254827462042069, "ton": 0.9390882432898062, "aris": 0.31536210806193243, "telephon": 8.68485041435656, "line": 1.2433286302625137, "commun": 0.5479021076146776, "detail": 0.3279326412805823, "done": 0.08832159619638892, "telegraph": 5.843091181225825, "said": 0.056089031014309676, "last": 0.028062488668700897, "five": 0.09833923150969437, "togeth": 0.16353024449035686, "express": 0.16011951050045017, "mumtaz": 8.689348784567533, "ali": 0.21896617575924865, "bhutto": 3.6611750293287297, "preindepend": 4.347158504239724, "between": 0.5981531120126832, "differ": 0.03960462973203238, "station": 0.3801249839256611, "convert": 1.060301814042979, "into": 0.05520712509550091, "thereon": 1.321700050420532, "exchang": 1.637064475332642, "open": 0.07385050783256324, "panjgur": 9.79781387485045, "provis": 0.2256013784927382, "radio": 5.053264560825646, "room": 1.0520831954584884, "total": 0.54830567892429, "system": 0.28934690035335914, "instal": 1.8510192151365872, "diwani": 12.92338273146166, "omara": 12.420753874899848, "karachi": 0.19071582713728386, "khuzdor": 8.407601514786142, "two": 0.04044096287969942, "singl": 0.3032002068645308, "channel": 4.828473933672593, "vhf": 3.76321061564477, "veri": 0.015064927969461411, "frequenc": 2.7551123345174924, "link": 0.6853667700765357, "be": 0.014385503189616596, "commiss": 0.18424261530688454, "turbattump": 8.407601514786142, "feasibl": 0.998465070866015, "survey": 0.6361127546685269, "carri": 0.22197262363853576, "out": 0.028771006379233192, "area": 0.13333657757052986, "capac": 0.43444608134200985, "microwav": 3.918965145054003, "relay": 3.248546215571614, "uthal": 3.9649502582958265, "defer": 2.7326194766104224, "when": 0.03230904012326863, "sheikh": 1.427592533263378,