{"parliament": 0.7303753319483768, "pakistan": 0.0006695681313367889, "june": 1.3819357281256175, "all": 0.012536418928881275, "rana": 2.0323081710157815, "mohammad": 0.4282916343456249, "hanif": 5.0119446314899205, "khan": 0.045786606987846756, "thank": 0.21547549009176617, "veri": 0.030129855938922822, "much": 0.05934078140682663, "interrupt": 0.186391420861073, "speaker": 0.2084821879184367, "would": 0.008966659494040768, "like": 0.027413079428798337, "again": 0.02508322669650723, "convey": 0.7339133855184131, "honour": 0.09105679685674439, "member": 0.005819174881233404, "especi": 0.3641968344384507, "those": 0.01642516395339268, "who": 0.006043666968830131, "sat": 1.0317193665711306, "last": 0.028062488668700897, "night": 0.39359652000668505, "khawaja": 0.886283534586903, "safdar": 1.482006317675675, "maulana": 0.31873272562415256, "shah": 0.12410738862363206, "ahmad": 0.09448481196688957, "noorani": 2.22345262384866, "joint": 2.6336148859194473, "session": 0.0671455018699596, "adjourn": 0.17235985577652924, "sine": 5.837327577258913, "die": 0.6708924131957863, "sit": 0.23180312571896014, "mian": 0.37117015516789376, "sir": 0.04587451654978755, "came": 0.0645236436167609, "read": 0.05434001505226932, "program": 0.49591099407780453, "mahmud": 1.05004531387579, "ali": 0.06256176450264248, "kasuri": 1.9123359588491347, "mani": 0.028751272991650288, "other": 0.013480320959899806, "obeserv": 5.2721072988569935, "well": 0.025998977676253796, "debat": 0.026056073835632625, "tuesday": 0.8223204361470174, "hous": 0.0008930565451774607, "met": 0.0035770214755437148, "assembl": 0.000223189377112263, "chamber": 0.35339661772173614, "state": 0.018241694879790406, "bank": 0.2261608190667697, "build": 0.1794246188348231, "islamabad": 0.1658983550563245, "seven": 0.2340260281519899, "clock": 0.330464876247689, "even": 0.021428585808309624, "sahibzada": 0.7456039558842498, "farooq": 0.7737479551043748, "chair": 0.0017869113532948794, "recit": 0.10558370503493847, "holi": 0.07939202303741066, "quran": 0.09081238771462585, "schedul": 3.268316880867917, "authoris": 8.587520666030366, "expenditur": 2.7871727850492602, "supplementari": 1.016896062886091, "respect": 0.1633168547538843, "provinc": 0.3824848336655211, "baluchistan": 3.872168822611294, "minist": 0.009417109952107702, "financ": 0.18236619068447518, "plan": 0.14762585501786682, "develop": 0.07625608994041853, "lay": 1.3999852573750546, "what": 0.015518134412749974, "whatev": 0.10112935468555817, "egg": 2.0637210806598123, "paper": 0.34895780257052533, "beg": 0.25367638277828164, "befor": 0.03739268734287312, "parli": 9.540030710119515, "ament": 6.474235039495983, "year": 0.08480245447971582, "supplem": 6.615842045558088, "ntari": 7.714454334226198, "end": 0.10962275932303062, "batuchistan": 8.407601514786142, "are": 0.0026815658526914573, "laid": 0.35339661772173614}