{"merchant": 11.035461703717264, "ship": 2.976116543987665, "amend": 5.120129009793294, "bill": 5.846605009344171, "yusuf": 6.09341968362931, "haroon": 11.876977452609282, "west": 2.569575717142894, "pakistan": 0.007811628198929205, "muslim": 1.694160501619073, "may": 0.0795249202125085, "know": 0.0897009065655138, "sir": 0.5352026930808548, "how": 0.03705390371139045, "question": 1.6002453578612736, "can": 0.02419910051441429, "aris": 0.31536210806193243, "time": 0.08069993544636692, "hamidul": 13.042544301628086, "huq": 10.759257365163881, "choudhuri": 9.857255732083576, "chang": 0.1689572543968165, "rule": 0.14835195351706656, "speaker": 1.7095539409311808, "would": 0.1703665303867746, "creat": 0.059537286377877044, "bad": 0.21281987634278426, "preced": 0.8558892994348324, "allow": 0.2593773259797332, "malik": 1.2765633347913263, "muhammad": 0.3820296870867273, "firoz": 21.193929128719784, "khan": 0.16025312445746365, "noon": 9.940778874496067, "leader": 0.2346178471236552, "hous": 0.01160973508730699, "suggest": 0.25834651117414414, "meet": 0.013028036917816312, "tomorrow": 0.274152839462145, "ten": 0.47487744555589956, "oclock": 0.5960330254409635, "stand": 0.19804421513304318, "adjourn": 0.4308996394413231, "till": 0.1645909700671225, "assembl": 0.0026782725253471557, "then": 0.04127448016985254, "clock": 0.660929752495378, "morn": 0.40312750401465736, "friday": 0.7427857295004079, "januari": 2.821360911737086, "gppkl": 2.935330841114668, "na5858343": 8.407601514786142, "nation": 0.06942139625857133, "amed": 4.64640139909258, "mozaffar": 23.05951993990984, "ali": 0.21896617575924865, "qizilbash": 17.41361987312268, "minist": 0.23542774880269254, "industri": 0.7997083617234438, "commerc": 2.7167429397804046, "parliamentari": 0.5852900700670151, "affair": 0.29540203133025295, "beg": 2.2830874450045346, "move": 0.5558085556708567, "further": 0.6351361842992853, "act": 1.4567902914472215, "taken": 0.2194268365101089, "into": 0.5520712509550091, "consider": 2.803940167333362, "motion": 2.3813411074445106, "statement": 0.08447862719840825, "object": 0.3070940558806529, "reason": 0.1537776087892399, "alreadi": 0.23246867118405937, "given": 0.22162792124907846, "purpos": 0.2621907516217926, "which": 0.20132204914985685, "want": 0.12769186415853284, "bring": 0.12090423883356777, "ha": 0.03824225814298705, "been": 0.044757865432184886, "found": 0.2783080065047603, "mani": 0.028751272991650288, "some": 0.0857143432332385, "seamen": 3.26010703797269, "break": 0.41263199208826556, "law": 0.06532674190155371, "present": 0.047914639035754256, "take": 0.07867359298593238, "them": 0.12242242937740012, "ask": 0.3147459710513246, "secondli": 0.5859131296691232, "lot": 0.10558370503493847, "compani": 0.3028980464150344, "tri": 0.04870090236449897, "transfer": 0.6448455334232129, "ownership": 1.6276796073138908, "are": 0.09117323899150954, "essenti": 0.5447194801446528, "asset": 0.9633528652894374, "our": 0.06853269857199584, "countri": 0.033757974847709066, "thu": 0.7439976437351227, "all": 0.03760925678664383, "foreign": 0.21812393882252654, "exchang": 0.4092661188331605, "over": 0.022340994630731272, "seek": 1.4326978307017975, "put": 0.22371311538399363, "coupl": 0.8397389093222608, "restrict": 0.4451858346650791, "these": 0.13814868770126976, "thing": 0.3358609304623351, "happen": 0.21924551864606123, "futur": 0.08690994373769423, "wa": 0.08134992871744878, "adopt": 1.3402077898094695, "claus": 11.412447791026006, "were": 0.10111045295859804, "ad": 5.573204663687908, "mian": 0.37117015516789376, "abdu": 3.1064940250622426, "salam": 4.552750050606004, "subclaus": 9.910995556811326, "figur": 3.4405859243196515, "occur": 3.7589579162082756, "second": 0.5764291180292365, "line": 1.2433286302625137, "substitut": 7.053547098728309, "part": 0.2015165582774011, "titl": 2.3932179416177664, "preambl": 4.1355418519094425, "pass": 0.3447472882844314, "east": 3.8422172358107933, "befor": 0.14957074937149248, "through": 0.06809554714303293, "enquir": 1.6506691255385897, "prime": 1.2461282204354034, "whether": 0.12788260904224996, "govern": 0.19202957375958596, "ani": 0.24037968668619547, "step": 0.07649696673310422, "continu": 0.10303296752932557, "print": 0.4022344474694798, "voter": 1.4359329100603533, "list": 0.172240871032795, "stop": 0.21067143982554978, "account": 0.13120680992283615, "certain": 2.0859525546439173, "made": 0.05120788633588959, "previou": 0.18049328043799692, "now": 0.12094814994925547, "held": 0.12841173759113925, "air": 7.674430441025303, "forc": 2.0409169325548717, "abdul": 0.2201102551538503, "aleem": 2.020722195423498, "work": 0.020289244224425688, "inform": 0.623835881097159, "broad": 1.5595962402097798, "cast": 0.7636395657836137, "clear": 0.3486136033183375, "begin": 0.220302244630996, "speech": 0.33840646738070823, "zahiruddin": 21.390203669170536, "submit": 0.7599503322115345, "find": 0.2783080065047603, "veri": 0.18077913563353692, "rare": 3.3036651856037755, "opportun": 0.38579586713781217, "discuss": 0.2542877695163785, "such": 0.048594988284616183, "matter": 0.14146015366645942, "chaudhri": 0.7284201316241333, "aziz": 1.9942966780661826, "din": 2.832715407798366, "noth": 0.11155387202144224, "whole": 0.04425904818816593, "irrelev": 2.2662439120245446, "honour": 0.45528398428372197, "member": 0.017457524643700213, "make": 0.045786606987846756, "polit": 0.09964896951512389, "paltan": 4.475775882061817, "maidan": 3.8328905362827603, "get": 0.11868156281365326, "sit": 0.04636062514379203, "opposit": 0.1978191958944905, "bench": 0.4437935615546922, "respons": 0.040766204958467764, "like": 0.06853269857199584, "wast": 0.34139394677987933, "here": 0.14031244334350448, "use": 0.09039079963512903, "particip": 0.3546684779885754, "debat": 0.026056073835632625, "what": 0.0620725376509999, "say": 0.14374391710726275, "when": 0.053848400205447705, "they": 0.12985604781415325, "attain": 3.3771767208017667, "entitl": 2.109721040627492, "quarter": 2.782420030953895, "probabl": 1.068242456112003, "promot": 0.6337855974042907, "becom": 0.08060282588904517, "youngest": 3.9302647003079367, "rank": 0.913727628002584, "soon": 0.13426491628165702, "again": 0.02508322669650723, "come": 0.03976246010625425, "lowest": 1.5028507448243047, "rung": 2.7944734083980727, "ladder": 3.9649502582958265, "imposs": 1.1345089187866209, "dure": 0.16944298603247662, "period": 0.18358076580520521, "their": 0.038082621377233436, "servic": 0.7673790156139908, "those": 0.09855098372035609, "famili": 0.5562635000038257, "allot": 0.7132087121567217, "thereaft": 1.3067496058420929, "defenc": 6.886501111058833, "depart": 1.201726872445655, "exampl": 0.6567371710258252, "navi": 12.2291845546252, "armi": 2.349682222553434, "rate": 0.7644823861262071, "articl": 0.8745386045490711, "suppli": 1.250451021929472, "ordinari": 8.524050362197933, "airmen": 51.36925086153052, "differ": 0.07920925946406476, "much": 0.08901117211023994, "daili": 0.7298040357770119, "men": 1.2168793126015798, "detail": 0.4372435217074431, "must": 0.5882697499486884, "place": 0.07478537468574624, "onli": 0.1780608209769906, "few": 0.303098041400342, "item": 0.14788455376462073, "dispar": 9.162628370932612, "between": 0.3418017782929618, "three": 0.08625381897495087, "glare": 3.1243977860481547, "consid": 0.14118640024584705, "equal": 0.27049812514684174, "least": 0.29525096129953543, "look": 0.10962275932303062, "small": 0.14917905232726655, "there": 0.06981444391463283, "sens": 0.3101752161889297, "jealousi": 3.242815540862629, "one": 0.061190572322391855, "other": 0.09436224671929865, "wing": 0.9092856440191618, "great": 0.06809554714303293, "be": 0.07192751594808298, "side": 0.17967069613359862, "let": 0.13347701625786204, "simpl": 0.5451043175555982, "towel": 2.995955462931103, "cost": 0.20566716359192105, "nine": 0.39757398630440915, "anna": 1.5691963139387992, "while": 0.13715701808276845, "sup": 2.3299592714371085, "pli": 2.17515349823562, "think": 0.17112975299723948, "need": 0.03705390371139045,