{"chairperson": 10.124288157905088, "honour": 0.18211359371348879, "shahnaz": 4.120424610260265, "baloch": 1.3610140600126026, "sahiba": 1.3275750148635528, "point": 0.05404334392515474, "out": 0.04315650956884979, "lack": 0.762862639679433, "quorum": 3.0801674376660806, "count": 1.1607212260666633, "made": 0.025603943167944794, "pleas": 0.03589663011851132, "wa": 0.008716063791155228, "member": 0.005819174881233404, "hous": 0.0026791696355323823, "order": 0.010544124609886296, "therefor": 0.06285876036859717, "exercis": 0.5847562245063699, "power": 0.039836836861834625, "confer": 0.43444608134200985, "claus": 0.4075874211080716, "articl": 0.21863465113726777, "constitut": 0.05010770212758062, "islam": 0.26190477872856527, "republ": 1.2083329156679505, "pakistan": 0.0011159468855613149, "herebi": 1.3874108064742179, "prorogu": 4.038080218481027, "nation": 0.04859497738099993, "assembl": 0.0015623256397858409, "session": 0.0671455018699596, "summon": 1.4145863918531825, "monday": 0.6505503727541293, "septemb": 0.6136024252821476, "conclus": 0.5891712427154866, "it": 0.015744814681203395, "busi": 0.056699063091332644, "thank": 0.05386887252294154, "sign": 0.2950737513075056, "arif": 1.2459795118469557, "alvi": 2.4753563273381323, "presid": 0.0891031942818055, "naseer": 1.9033133412494971, "sound": 0.9598502347382355, "gone": 0.09571195655578432, "leav": 0.3770821076605908, "applic": 0.17516135631580662, "aurangzeb": 1.5354734134471573, "khan": 0.011446651746961689, "khichi": 3.864306732516139, "ha": 0.004249139793665227, "request": 0.019378704666865563, "grant": 0.26365238380661254, "octob": 1.5611787869166323, "there": 0.010740683679174282, "are": 0.010726263410765829, "arrow": 2.190995413701278, "destroy": 0.3850325677978882, "settlement": 0.985227813799319, "even": 0.021428585808309624, "though": 0.26379353801465827, "their": 0.015233048550893373, "inhabit": 1.5334030193328487, "reform": 0.6411846167664873, "they": 0.019478407172122986, "recit": 0.4223348201397539, "naat": 3.6456202448008534, "move": 0.0741078074227809, "sleep": 1.2191887782891895, "thi": 2.8430811074634494, "day": 0.01778725269973599, "siran": 4.364550246951593, "who": 0.006043666968830131, "your": 0.052680327091167795, "door": 0.7059491521439177, "yar": 1.0771963029417406, "same": 0.04240122723985791, "way": 0.022340994630731272, "disgrac": 1.5303054432887144, "ass": 2.5468152913202773, "street": 0.5899760717327737, "which": 0.0069421396258571326, "demand": 0.10856433317307636, "merchant": 2.207092340743453, "walk": 0.4217768483672256, "anyon": 0.20703871777757932, "ask": 0.034971774561258294, "whi": 0.04123121310448916, "talk": 0.06595289588483642, "shadow": 1.5098965716575075, "thousand": 0.1294272238424055, "anthem": 4.338553779493271, "absenc": 0.47823019531892236, "will": 0.00446827710432488, "due": 0.053633384472871776, "respect": 0.03266337095077686, "minut": 0.10483993408209395, "question": 0.03404777357151646, "hour": 0.10483993408209395, "then": 0.010318620042463134, "listen": 0.16695265141123064, "someth": 0.08302266964929242, "debat": 0.026056073835632625, "wednesday": 1.8953734970900762, "met": 0.0035770214755437148, "hall": 0.43306867065591476, "parliament": 0.14607506638967535, "islamabad": 0.1658983550563245, "clock": 0.330464876247689, "morn": 0.20156375200732868, "sy": 0.11931846957845248, "fakhar": 2.203043752217453, "imam": 1.103085568325988, "chair": 0.0017869113532948794, "holi": 0.15878404607482133, "quran": 0.1816247754292517, "were": 0.009191859359872549, "curs": 1.565986038308551, "lord": 0.6880275255265621, "would": 0.008966659494040768, "villag": 0.35913277111726094, "injustic": 1.0217504366609342, "peopl": 0.012124082054001945, "reconcil": 2.207092340743453, "god": 0.2326113257614729, "bless": 1.0626852649658334, "attempt": 0.5815575012671779, "joe": 1.1207251030354435, "jaw": 2.3578680595541854, "rahman": 0.258577646734373, "farman": 2.464802139659442, "translat": 0.17675795058790786, "namaz": 3.473127581655451, "stand": 0.028292030733291885, "dunnu": 8.407601514786142, "duno": 7.308989226118033, "achiev": 0.3044097625003563, "nikiya": 7.308989226118033, "baraww": 8.407601514786142, "nmm": 6.46169136573083, "free": 0.1944908171894674, "limit": 0.1580263647859449, "tabl": 0.2385483648588005, "content": 0.37816867420490013}