{"nafeesa": 78.72030819238776, "inayatullah": 89.72546534115803, "khan": 0.7898189705403565, "khattak": 60.53510495120607, "behalf": 2.8986703854267177, "chairman": 3.184017714349096, "stand": 4.074052425594031, "committe": 9.29515462834767, "interior": 1.2318333268454795, "beg": 8.624997014461576, "move": 2.4085037412403794, "delay": 44.35782444205852, "present": 3.0505653519430207, "report": 10.394333798604032, "bill": 52.9774004928329, "further": 7.780418257666245, "amend": 40.805876653807154, "pakistan": 0.017855150168981038, "penal": 36.78007301196396, "claus": 42.389091795239445, "wa": 0.20918553098772547, "part": 3.4257814907158184, "deputi": 37.36012439589499, "speaker": 9.756966394582838, "articl": 11.80627116141246, "beginn": 9.883731223972832, "short": 1.1054556918413072, "titl": 5.584175197108122, "question": 2.281200829291603, "begin": 0.881208978523984, "declar": 0.4562426588545031, "sher": 7.051376287782785, "akbar": 12.327024160277842, "sir": 0.4740366710144714, "item": 14.344801715168211, "thank": 0.592557597752357, "movement": 13.274373939183928, "anti": 33.634278252788945, "broken": 4.251991889836171, "environ": 4.136163376960964, "act": 4.370370874341664, "should": 0.1513974947382798, "approv": 2.6580211504506286, "corrupt": 8.123299066342609, "now": 0.47279731343799863, "put": 1.3795642115346274, "front": 7.915219406743395, "tehreek": 66.51133308403959, "insaf": 78.18353938094722, "whether": 1.491963772159583, "result": 0.17674315230763427, "pass": 2.19776396281325, "nafisa": 44.06276363201248, "motion": 12.382973758711454, "condon": 189.10558704477518, "control": 0.6129630966813222, "narcot": 12.817923620165432, "substanc": 6.501637835117407, "mohsin": 9.318448346106754, "dawar": 11.434101719563692, "content": 2.2690120452294007, "edit": 6.023457232518275, "narcissist": 5.111764648781814, "will": 0.05361932525189856, "actual": 0.20841215570807553, "also": 0.03316545610648936, "mover": 1.026099620279436, "member": 0.08728762321850106, "submit": 5.536780991826895, "behald": 4.188106937018095, "which": 0.013884279251714265, "error": 1.3125371374990122, "just": 0.46665619154064714, "look": 0.7673593152612144, "khalid": 9.38593360166435, "hussain": 2.5402161712145666, "magsi": 22.78551304725598, "transplant": 31.142966900616507, "human": 2.1033814337180723, "organ": 2.357195086583228, "tissu": 20.46233544613217, "prohibit": 13.156492596195758, "smoke": 19.32168798082053, "protect": 3.2293313896768017, "offer": 2.4371932246130843, "muscl": 12.60872668618553, "amjad": 8.449074283669095, "ali": 0.5630558805237823, "nation": 0.12495851326542838, "assembl": 0.003571030033796208, "seen": 0.44122857807690535, "onli": 0.1780608209769906, "till": 2.962637461208205, "today": 0.9112350900494541, "ament": 3.2371175197479913, "safeguard": 6.363553316101294, "measur": 1.7255840135824214, "sy": 2.3863693915690494, "nave": 10.628907151014163, "qamar": 10.008843024482312, "ordin": 7.443828433788938, "shah": 0.7446443317417923, "mna": 14.685112047275467, "refer": 0.18896962393377914, "secur": 0.32495909661507794, "step": 0.07649696673310422, "interrupt": 0.372782841722146, "minut": 0.10483993408209395, "see": 0.06717218609246703, "sahib": 1.3476318634042008, "number": 0.484666280281809, "star": 3.2285600554675526, "agha": 4.869433356445498, "rafiullah": 8.974503337745169, "ha": 0.19121129071493523, "been": 0.22938406033994754, "februari": 7.269613354526046, "superintend": 2.8606403463107912, "hous": 0.018754187448726676, "nonsmok": 30.670587892690882, "health": 4.172318162494397, "amjid": 11.407293986394155, "made": 0.025603943167944794, "non": 1.3417848263915726, "tobacco": 2.0224071157884174, "individu": 1.1150254346830557, "smoker": 11.067307930473145, "sole": 4.637670522916238, "jai": 6.579215404738775, "parkash": 9.29280279818516, "servic": 0.15347580312279815, "regul": 1.533576116030261, "coordin": 1.5767361971186746, "islamabad": 5.640544071915033, "transfus": 22.935804216693427, "safe": 6.398409899337132, "blood": 8.14944817268692, "constitut": 2.9563544255272562, "islam": 3.928571680928479, "republ": 16.916660819351307, "wish": 0.41297974068676907, "influenc": 1.0844307968426736, "jay": 2.6613983242459898, "riaz": 43.481721002167845, "fatyana": 65.92577330143749, "nawaz": 0.9764906482510521, "ranjha": 3.26010703797269, "third": 0.19747710962187662, "schedul": 0.5447194801446528, "fatiana": 62.54778436419589, "date": 0.9792461879841625, "kishor": 2.3841539218251104, "poison": 1.8023035938379413, "ashaba": 6.210376937449924, "introduc": 0.2974747128450438, "there": 0.016111025518761424, "are": 0.02949722437960603, "take": 0.026224530995310795, "later": 0.30822697288047635, "proceed": 0.234872409920671, "postpon": 1.2917130602544604, "thursday": 1.6836164647152574, "march": 2.893542180122908, "until": 0.20429748799086053, "action": 0.1736420319409632, "broth": 4.347158504239724, "befor": 0.01869634367143656, "these": 0.019735526814467108, "becaus": 0.040578488448851376, "they": 0.03895681434424597, "veri": 0.015064927969461411, "import": 0.04148965019581785, "then": 0.02063724008492627, "come": 0.026508306737502832, "know": 0.0299003021885046, "caught": 0.7655571119128854, "elect": 2.010145748797674, "forgotten": 1.1379847651779735, "everyth": 0.2256013784927382, "announc": 0.8402511002598365, "inform": 0.2495343524388636, "memeb": 1.979496242101547, "bringat": 6.798163602352043, "their": 0.030466097101786747, "card": 5.724237858856618, "senat": 1.3893280525619511, "case": 0.0616409541733012, "make": 0.045786606987846756, "long": 0.043326429794618315, "read": 0.10868003010453864, "honor": 0.5539070932511181, "request": 0.21316575133552118, "keep": 0.04799824394467654, "vote": 0.5871521448587729, "tomorrow": 0.4112292591932175, "who": 0.012087333937660262, "approach": 0.5493473326001138, "offic": 0.0611966443501873, "time": 0.017933318988081537, "your": 0.052680327091167795, "be": 0.014385503189616596, "done": 0.029440532065462974, "commiss": 0.18424261530688454, "tell": 0.1152884854916388, "junaid": 4.812373273649986, "article51": 8.407601514786142, "council": 5.5441500690345435, "legal": 3.951729993005944, "practition": 24.94098509147873, "bar": 7.474871956122147, "provid": 0.434091677071255, "establish": 1.164686084110534, "psycholog": 24.26888538946101, "zand": 5.635012792546362, "propos": 1.5303523259760508, "psychologist": 4.347158504239724, "formul": 4.964472581049614, "order": 0.06326474765931778, "gener": 0.038444402197309976, "law": 0.9799011285233057, "justic": 0.36955876794496634, "aliya": 3.524799592199772, "kamran": 4.065153389916093, "aaliyah": 2.7621546171429054, "counsil": 4.2804671297410515, "kesoo": 9.246823761735763, "mal": 4.832273935356322, "kheeal": 9.437444121344413, "da": 4.011368636117915, "article25a": 7.714454334226198, "debat": 0.013028036917816312, "tuesday": 1.6446408722940349, "met": 0.0035770214755437148, "hall": 0.43306867065591476, "parliament": 0.14607506638967535, "honour": 0.36422718742697757, "muhammad": 0.10915133916763638, "qasim": 1.087736584977173, "suri": 2.267716962559888, "chair": 0.0017869113532948794, "recit": 0.6335022302096308, "holi": 0.15878404607482133, "quran": 0.1816247754292517, "torment": 3.3450064817591763, "reliev": 1.2475323071900164, "them": 0.037668439808430806, "surat": 2.2255166080695115, "imran": 5.552552548128626, "ayat": 2.3745152929873417, "translat": 0.3535159011758157, "attempt": 0.5815575012671779, "katratu": 8.407601514786142, "joe": 1.1207251030354435, "person": 0.1468088537371553, "sawa": 5.36307907706272, "din": 0.9442384692661221, "student": 1.0558632003637078, "god": 0.3489169886422093, "issu": 0.035202908273139, "logo": 2.805482693906442, "same": 0.021200613619928955, "well": 0.05199795535250759, "lord": 1.3760550510531242, "insult": 1.2139156963910314, "curs": 1.565986038308551, "syma": 12.92338273146166, "nadeem": 8.715962472178676, "broadcast": 1.769321193427545, "press": 0.9324964726968853, "newspap": 2.1494852199978567, "news": 4.042245353715391,