{"hous": 0.006251395816242225, "wa": 0.014526772985258712, "adjourn": 0.17235985577652924, "meet": 0.07816822150689787, "again": 0.05016645339301446, "thursday": 1.6836164647152574, "march": 1.0850783175460905, "madam": 12.124126339077078, "speaker": 0.37526793825318605, "think": 0.05704325099907983, "there": 0.04296273471669713, "great": 0.03404777357151646, "suggest": 0.38751976676121624, "tomorrow": 0.822458518386435, "will": 0.02010724696946196, "also": 0.09120500429284574, "dubbat": 5.149504976764661, "whatev": 0.20225870937111634, "condol": 2.398788329343548, "all": 0.012536418928881275, "messag": 1.4173306299453905, "take": 0.03496604132708106, "prime": 0.49845128817416134, "minist": 0.05650265971264621, "speak": 0.08035890732835123, "then": 0.061911720254778806, "come": 0.013254153368751416, "anyon": 0.41407743555515863, "who": 0.006043666968830131, "want": 0.054725084639371216, "talk": 0.13190579176967285, "about": 0.019151199262631112, "parliamentari": 0.351174042040209, "leader": 0.1173089235618276, "differ": 0.03960462973203238, "parti": 0.053633384472871776, "zia": 1.3334846985887807, "zan": 4.1734950101888835, "good": 0.07868413953732106, "are": 0.026815658526914574, "debat": 0.05211214767126525, "opinion": 0.18962331163541085, "everyon": 0.2702056847294921, "find": 0.09276933550158675, "out": 0.014385503189616596, "how": 0.0741078074227809, "exactli": 0.4075874211080716, "ye": 0.06348299897309886, "right": 0.022112814367333946, "becaus": 0.040578488448851376, "veri": 0.09038956781676846, "import": 0.020744825097908925, "secur": 0.32495909661507794, "countri": 0.0506369622715636, "see": 0.033586093046233514, "way": 0.044681989261462544, "neg": 0.8366429316171327, "intern": 0.1432381850544757, "level": 0.1648451690716659, "nation": 0.02776855850342853, "assembl": 0.000892757508449052, "pakistan": 0.000892757508449052, "wednesday": 0.9476867485450381, "met": 0.0035770214755437148, "hall": 0.43306867065591476, "parliament": 0.2921501327793507, "islamabad": 0.331796710112649, "fehmida": 2.6392805189923707, "mirza": 1.0771963029417406, "chair": 0.003573822706589759, "recit": 0.10558370503493847, "scriptur": 2.65502887596051, "translat": 0.17675795058790786, "creatur": 2.278551304725598, "heaven": 4.316253409332585, "earth": 3.108336658715598, "glorifi": 3.7071211489937266, "allah": 0.5438865803119048, "ha": 0.01699655917466091, "govern": 0.012801971583972397, "appreci": 0.4248438127750301, "capabl": 0.7790838882110872, "everyth": 0.2256013784927382, "creat": 0.059537286377877044, "some": 0.021428585808309624, "unbeliev": 2.9480160006419838, "believ": 0.09964896951512389, "what": 0.0620725376509999, "do": 0.07025295028896769, "made": 0.025603943167944794, "properli": 0.42997641600155034, "your": 0.07024043612155706, "appear": 0.2914830831767771, "make": 0.045786606987846756, "form": 0.05481137966151531, "return": 0.19097302165270014, "him": 0.027832999281577914, "know": 0.0897009065655138, "hide": 0.8207979796235623, "reveal": 0.8340702520401927, "mysteri": 2.496804870745616, "breast": 2.684016412833762, "silenc": 6.328565914123344, "observ": 0.3952518754583488, "memori": 1.1255278566926783, "late": 0.36683252041856385, "shehbaz": 4.437309601234022, "bhatti": 3.2971761517408575, "babar": 3.8109692325772717, "awan": 3.637242583822303, "law": 0.03266337095077686, "affair": 0.14770101566512647, "zaheeruddin": 5.070967450621454, "bismillah": 0.5980601901327327, "rehman": 0.4055766965700332, "rahim": 0.4069167302713945, "tragic": 2.8090721119993622, "tragedi": 4.538035675146483, "today": 0.10124834333882823, "feder": 0.1256244559183845, "minor": 0.40993838776604263, "brutal": 3.168630784860912, "kill": 0.32674509514515704, "alway": 0.11105499448552816, "been": 0.011189466358046221, "tradit": 0.842193152464296, "day": 0.03557450539947198, "would": 0.008966659494040768, "like": 0.013706539714399169, "ask": 0.034971774561258294, "first": 0.018468993437423205, "two": 0.04044096287969942, "minut": 0.2096798681641879, "honor": 0.8308606398766771, "depart": 0.15021585905570686, "soul": 1.4118353584812926, "absolut": 0.28790526182889314, "event": 0.803134672074268, "member": 0.023276699524933615, "seminar": 1.8118210008248314, "say": 0.015971546345251417, "stand": 0.028292030733291885, "quiet": 1.792875914582382, "stage": 0.1980210313105654, "doment": 3.9887609069895453, "taken": 0.016878987423854533, "barawan": 8.407601514786142, "sahib": 0.3369079658510502, "thank": 0.05386887252294154, "requir": 0.051516483764662786, "give": 0.014385503189616596, "floor": 0.1658983550563245, "honour": 0.09105679685674439, "sy": 0.23863693915690495, "yousuf": 1.962104884777677, "raza": 1.273068857441475, "gilani": 2.1348293589320546, "sir": 0.015291505516595852, "incid": 1.4046989890526373, "our": 0.041119619143197506, "cabinet": 1.2431361768552966, "kolig": 4.2029088953951765, "bau": 2.4236652340989524, "shahbaz": 2.919328892342348, "sadden": 2.2742034717894946, "much": 0.05934078140682663, "condemn": 1.6133981104881212, "less": 0.15541607878281422, "receiv": 0.12666831704699574, "went": 0.1606434822179659, "hospit": 0.5431816097915777, "which": 0.020826418877571397, "coalit": 1.8241922926273784, "partner": 1.1449729138119018, "were": 0.009191859359872549, "present": 0.015971546345251417, "did": 0.08143454083012969, "conduct": 0.16932889015311378, "assur": 0.17489550492516742, "culprit": 1.5129314753526615, "respons": 0.08153240991693553, "peopl": 0.012124082054001945, "they": 0.019478407172122986, "brought": 0.0873969172072642, "justic": 0.18477938397248317, "lot": 0.10558370503493847, "work": 0.040578488448851376, "interfaith": 5.009936362769554, "harmoni": 3.2327601041199148, "mani": 0.028751272991650288, "such": 0.03239665885641079, "opportun": 0.09644896678445304, "came": 0.0645236436167609, "them": 0.028251329856323105, "promot": 0.3168927987021454, "took": 0.1153034077229218, "oath": 1.0687133809472638, "time": 0.008966659494040768, "their": 0.015233048550893373, "heartach": 4.578960118297048, "regret": 0.4755983624247586, "famili": 0.5562635000038257, "even": 0.021428585808309624, "consol": 2.348478319204346, "three": 0.028751272991650288, "more": 0.01869634367143656, "one": 0.008741510331770265, "can": 0.03226546735255239, "strategi": 2.957477163424488, "here": 0.028062488668700897, "terror": 0.8928017542974724, "happen": 0.05481137966151531, "against": 0.0308204770866506, "digniti": 0.7645978792254253, "becom": 0.04030141294452259, "disgrac": 1.5303054432887144, "religion": 0.6818300731981914, "islam": 0.13095238936428263, "over": 0.022340994630731272, "world": 0.051281548957990586, "must": 0.05882697499486884, "coun": 1.840929084982902, "view": 0.06571454526995534, "call": 0.10283608136882251, "second": 0.06404767978102627, "committe": 0.1247671762194318, "guidanc": 0.9153984721674016, "third": 0.19747710962187662, "own": 0.035202908273139, "constitut": 0.05010770212758062, "bodi": 0.1853164409134262, "defens": 0.726964087225207, "dcc": 5.36307907706272, "civil": 0.2620518830025592, "repres": 0.09767852552782519, "whether": 0.04262753634741666, "polit": 0.09964896951512389, "leadership": 0.7100261679837998, "bureaucraci": 4.143524118259522, "militari": 0.5720222681161778, "thoroughli": 1.7393732663687398, "issu": 0.035202908273139, "lack": 0.3814313198397165, "ani": 0.011446651746961689}