{"obituari": 4.364550246951593, "refer": 0.09448481196688957, "all": 0.0501456757155251, "pray": 2.342230026402096, "god": 0.2326113257614729, "almighti": 3.7540321802391574, "depart": 0.45064757716712056, "soul": 5.64734143392517, "may": 0.053016613475005664, "rest": 0.3376571230530957, "peac": 0.5805781063683388, "famili": 1.1125270000076515, "bear": 1.4576250331739788, "irrepar": 2.935330841114668, "loss": 0.5073527655565633, "fortitud": 8.560934259482103, "let": 0.04449233875262068, "copi": 0.4835291898627265, "resolut": 0.33201887811442327, "sent": 0.1118034041499985, "bereav": 6.208593213454135, "place": 0.03739268734287312, "record": 0.2558087618170317, "given": 0.055406980312269614, "press": 0.15541607878281422, "now": 0.010995286359023224, "request": 0.019378704666865563, "maulan": 5.574388170729927, "abdul": 0.2201102551538503, "mastafaalazhari": 8.407601514786142, "offer": 0.32495909661507794, "fateha": 3.35316682860812, "wa": 0.029053545970517423, "speaker": 0.5420536885879353, "mark": 0.7141198739509675, "respect": 0.03266337095077686, "memori": 1.1255278566926783, "late": 1.1004975612556915, "member": 0.029095874406167017, "shall": 0.18183071543740978, "transact": 1.31585939969099, "ani": 0.022893303493923378, "busi": 0.056699063091332644, "today": 0.02531208583470706, "tomorrow": 0.274152839462145, "will": 0.00670241565648732, "meet": 0.039084110753448933, "becaus": 0.06086773267327707, "tight": 1.6074314464839434, "schedul": 0.5447194801446528, "month": 0.1708058227956582, "ramazan": 4.233214244890506, "want": 0.018241694879790406, "finish": 0.281674712078257, "might": 0.6123665857839705, "sit": 0.09272125028758406, "hour": 0.10483993408209395, "more": 0.01869634367143656, "thank": 0.05386887252294154, "veri": 0.060259711877845644, "much": 0.029670390703413315, "assembl": 0.0022318937711226297, "adjourn": 0.08617992788826462, "half": 0.10038888815783441, "past": 0.08302266964929242, "ten": 0.18995097822235982, "clock": 0.660929752495378, "morn": 0.40312750401465736, "tuesday": 0.8223204361470174, "august": 0.7412498019259138, "nation": 0.034710698129285664, "pakistan": 0.0006695681313367889, "aug": 2.608508860325617, "fulli": 0.25195224442014186, "associ": 0.3553050152474965, "myself": 0.28197052630907854, "grief": 6.988105459785828, "hous": 0.003572226180709843, "realli": 0.21033814337180723, "been": 0.016784199537069333, "depriv": 0.5298251815088831, "valuabl": 0.943664910317218, "servic": 0.07673790156139908, "can": 0.016132733676276195, "forget": 0.7311278683969866, "dure": 0.16944298603247662, "constitutionmak": 3.0416254997642915, "were": 0.009191859359872549, "togeth": 0.3270604889807137, "four": 0.053162574671331446, "sat": 1.0317193665711306, "these": 0.009867763407233554, "bench": 0.4437935615546922, "jolli": 5.635012792546362, "man": 0.27909700935291093, "alway": 0.22210998897105633, "cheer": 2.9145400714455945, "ghulam": 0.8044829787346026, "rasul": 1.6322354238497516, "tarar": 1.6333776284285286, "remark": 0.6218806182515187, "ill": 2.0881576054709914, "never": 0.1327346941008894, "made": 0.025603943167944794, "anybodi": 0.6630317054316477, "feel": 0.1465917287623155, "suffer": 0.17835709805023098, "last": 0.028062488668700897, "chaudhri": 0.9712268421655111, "rasool": 3.2059739894470387, "tarz": 6.037059569939284, "hajj": 1.037370872979062, "zulfiqar": 3.8253869027662057, "ali": 0.18768529350792743, "bajwa": 15.798991224379044, "time": 0.035866637976163074, "ha": 0.03824225814298705, "left": 0.22610399928492847, "colleagu": 2.4375915786645437, "greatli": 2.2801521739159423, "regret": 0.9511967248495172, "one": 0.01748302066354053, "choic": 0.9442384692661221, "befor": 0.01869634367143656, "allah": 1.0877731606238097, "basi": 0.09915599440038306, "their": 0.05331566992812681, "good": 0.07868413953732106, "moral": 1.3645429537380172, "they": 0.03246401195353831, "love": 0.5736051730766828, "them": 0.09417109952107702, "even": 0.021428585808309624, "when": 0.010769680041089542, "came": 0.0645236436167609, "did": 0.027144846943376565, "tell": 0.0576442427458194, "anyon": 0.20703871777757932, "spring": 2.029175331134556, "rather": 0.3404524748760373, "own": 0.070405816546278, "accord": 0.03914037717030493, "laugh": 1.642562538005601, "spoke": 0.46240038237338366, "are": 0.013407829263457287, "sorri": 0.42177821514614533, "death": 3.9176074276658137, "imit": 2.9145400714455945, "rel": 1.8031186725360417, "patienc": 3.872168822611294, "bless": 0.5313426324829167, "merci": 0.4200770349373762, "maulana": 0.9561981768724577, "bari": 1.9183965834608259, "said": 0.03739268734287312, "martyrdom": 3.8860264221923635, "believ": 0.09964896951512389, "muslim": 0.1411800418015894, "ramadan": 4.31525254505332, "sharif": 0.587965212418551, "die": 0.6708924131957863, "give": 0.028771006379233192, "him": 0.027832999281577914, "paradis": 3.2874332124474157, "bihari": 3.114296690061651, "allaah": 1.4622557367939732, "grant": 0.08788412793553751, "insult": 1.2139156963910314, "mumtaz": 2.4826710813050097, "ahm": 0.19240647269900452, "our": 0.041119619143197506, "best": 0.21558460024926693, "traumat": 3.0463093490767177, "sir": 0.04587451654978755, "elect": 0.40202914975953485, "gujranwala": 3.94259066675213, "district": 0.3674122692146445, "gentl": 2.163434614122407, "onli": 0.014838401748082552, "damag": 0.4163475849459444, "also": 0.00829136402662234, "hurt": 0.7404432594669955, "peopl": 0.012124082054001945, "involv": 0.1404093288539981, "found": 0.09276933550158675, "gap": 1.2655649400793403, "nobil": 2.6905738133799213, "survivor": 3.351355709437835, "karma": 4.228364471879323, "bakhsh": 2.1231826097457014, "awan": 2.4248283892148685, "prayer": 0.34422369241911666, "shock": 1.3927871635105984, "sincer": 0.8532666910603954, "honest": 1.0661176624229822, "forgiv": 1.6640337264567013, "equal": 0.27049812514684174, "partner": 1.1449729138119018, "sahibzada": 0.7456039558842498, "farooq": 0.7737479551043748, "chair": 0.0017869113532948794, "ye": 0.06348299897309886, "law": 0.06532674190155371, "minist": 0.018834219904215403, "malik": 0.18236619068447518, "mohammad": 0.10707290858640622, "akhtar": 0.7395078057037373, "parliamentari": 0.117058014013403, "affair": 0.07385050783256324, "your": 0.017560109030389265, "permiss": 0.18129552677063493, "beg": 0.25367638277828164, "move": 0.03705390371139045, "solut": 0.5065944627937226, "deep": 2.1077583687730232, "sorrow": 4.13801487316592, "bring": 0.04030141294452259, "notic": 0.07673790156139908, "news": 0.3674768503377628, "sad": 0.5249093084971175, "demis": 3.1872456897078183, "who": 0.012087333937660262, "it": 0.03148962936240679, "sens": 0.3101752161889297, "untim": 3.864306732516139, "resolv": 0.38175817063523954, "heartfelt": 2.4211495095017055, "condol": 2.398788329343548, "convey": 0.7339133855184131, "bestow": 2.939541373651012, "forbear": 4.694029448081835, "mustafaalazhari": 3.9887609069895453, "tire": 1.2252494029008805, "korean": 2.805482693906442, "deem": 1.3583466735303065, "recit": 0.10558370503493847, "holi": 0.238176069112232, "quran": 0.09081238771462585, "qura": 5.411869241232152, "mustafi": 3.370648912372514, "aziri": 4.313256952564043, "dear": 0.3373206213922435, "mugafud": 8.407601514786142, "sahib": 0.11230265528368341, "caus": 0.09374924738793573, "great": 0.06809554714303293, "tragedi": 1.1345089187866209, "virtuou": 8.593455301225664, "effort": 0.17462972419270578, "speak": 0.08035890732835123, "truth": 0.4875183157329087, "which": 0.0069421396258571326, "prophet": 0.6136024252821476, "should": 0.010093166315885319, "martyr": 0.8340702520401927, "companion": 1.2267703157415872, "diseas": 0.8037035462642621, "behalf": 0.3623337981783397, "opposit": 0.09890959794724526, "apolog": 0.7531582883160308, "urg": 0.29537355643641894, "satisfi": 0.3572170617191219, "honor": 0.27695354662555904, "read": 0.05434001505226932, "jagrol": 8.407601514786142, "tonn": 1.5334030193328487, "asal": 4.456357796204716, "vise": 4.475775882061817, "aldaolar": 8.407601514786142,