{"deputi": 8.393684335641606, "speaker": 2.585179130188615, "item": 1.7746146451754488, "introduct": 1.0628824606364706, "bill": 0.7159108174707148, "abdul": 0.14674017010256687, "hafeez": 1.6635423284747957, "sheikh": 2.855185066526756, "minist": 0.22601063885058484, "financ": 0.36473238136895036, "revenu": 0.9326118877592222, "econom": 0.3765508417601037, "affair": 0.2215515234976897, "statist": 1.8196796283271481, "plan": 0.29525171003573364, "develop": 0.15251217988083707, "move": 0.40759294082529496, "khurshe": 13.096369420363866, "shah": 1.4892886634835847, "sahib": 2.133750450389985, "charter": 6.612686104167977, "account": 0.6560340496141808, "amend": 1.2412433963135256, "sy": 0.8352292870491673, "ahm": 0.8658291271455203, "introduc": 0.5949494256900876, "further": 0.15878404607482133, "ordin": 2.791435662670852, "stand": 0.08487609219987566, "paper": 0.6979156051410507, "laid": 1.4135864708869446, "befor": 0.11217806202861935, "nation": 0.041652837755142794, "assembl": 0.0022318937711226297, "farooq": 1.5474959102087495, "naek": 9.540030710119515, "law": 0.13065348380310743, "justic": 0.5543381519174495, "beg": 0.5073527655565633, "lay": 0.9333235049167031, "tabl": 0.2385483648588005, "authent": 3.2943736474054304, "copi": 0.967058379725453, "address": 0.8512795053711371, "presid": 0.44551597140902754, "pakistan": 0.002455083148234893, "made": 0.06400985791986198, "under": 0.048594988284616183, "articl": 0.8745386045490711, "constitut": 0.40086161702064493, "both": 0.2580945744670436, "hous": 0.008930565451774607, "togeth": 0.4905907334710706, "march": 1.0850783175460905, "requir": 0.15454945129398837, "subrul": 3.025862950705323, "rule": 0.14835195351706656, "procedur": 0.19535705105565038, "conduct": 0.33865778030622756, "busi": 0.17009718927399792, "religi": 0.5381998022090537, "motion": 0.11906705537222552, "gratitut": 7.308989226118033, "express": 0.16011951050045017, "it": 0.03148962936240679, "deep": 1.0538791843865116, "gratitud": 2.1692768897466355, "sajid": 3.496615190205011, "call": 0.3770656316856825, "attent": 0.5169535548279427, "product": 0.46073325855190056, "adjourn": 0.17235985577652924, "meet": 0.026056073835632625, "again": 0.05016645339301446, "wednesday": 4.73843374272519, "may": 0.06627076684375707, "wa": 0.05520173734398311, "take": 0.07867359298593238, "debat": 0.039084110753448933, "start": 0.04449233875262068, "day": 0.01778725269973599, "then": 0.05159310021231567, "qadir": 0.9751177068690239, "khanzada": 2.472707319166555, "adhan": 1.020511279129386, "west": 0.4282626195238156, "are": 0.04022348779037186, "cheema": 1.977641264070698, "otherwis": 0.1714458531030179, "they": 0.019478407172122986, "will": 0.03798035538676148, "attribut": 1.1118664420368611, "arbab": 1.4664114597177684, "alamgir": 2.7206261584463234, "khan": 0.06867991048177013, "commun": 0.1826340358715592, "ha": 0.08073365607963931, "inform": 0.2495343524388636, "unabl": 0.8739078049375109, "attend": 0.6541090979232896, "session": 0.2014365056098788, "april": 8.10551140469956, "due": 0.6436006136744613, "visit": 0.39514753593535945, "china": 0.5728134073979488, "nisar": 2.8900585958683123, "tanveer": 4.122285091495337, "sahiba": 15.930900178362634, "want": 0.3101088129564369, "your": 0.21072130836467118, "nighat": 2.2111573869916223, "parveen": 1.831131945737919, "mir": 0.5728365454146296, "notic": 0.23021370468419722, "tahira": 5.124303523873396, "aurangzeb": 3.0709468268943145, "shireen": 6.886962270871135, "arshad": 6.088367379005303, "tasneem": 4.209965078082476, "siddiqui": 2.2387142275320375, "member": 0.029095874406167017, "drop": 5.651210671429574, "drug": 2.158328323781962, "regulatori": 3.269042278261215, "agenc": 0.5456814647349947, "claus": 0.4075874211080716, "islam": 0.13095238936428263, "republ": 0.6041664578339753, "khurshid": 1.1993697717194691, "do": 0.14050590057793538, "begum": 0.546259719186154, "nasim": 1.9539765158934514, "akhtar": 0.7395078057037373, "chaudhri": 0.24280671054137778, "mna": 4.518496014546297, "request": 0.2519231606692523, "grant": 3.427480989485963, "leav": 2.2086237734406033, "person": 0.1677815471281775, "engag": 4.308657106296958, "khatum": 5.075397004610939, "jeewan": 4.557453913076085, "riaz": 2.964662795602353, "fatyana": 2.866337969627717, "capt": 2.727428905769076, "rai": 1.260829335333506, "ghulam": 0.5363219858230684, "mujtaba": 3.018529784969642, "kharal": 3.3771635933937074, "parliamentari": 0.234116028026806, "secretari": 0.26801943317302324, "ill": 0.696052535156997, "haji": 0.6691133922914976, "khuda": 2.1290800906202985, "bux": 1.7242405690198683, "rajar": 3.3386973125659116, "narcot": 1.831131945737919, "control": 0.12259261933626443, "abl": 0.06357194237909462, "abroad": 0.8374385229538316, "thank": 0.7541642153211816, "veri": 0.12051942375569129, "much": 0.17802234422047988, "relat": 0.05882697499486884, "question": 1.2938153957176255, "muhammad": 0.32745401750290914, "tariq": 0.8392222469496207, "rashe": 0.9442384692661221, "next": 0.6210919846998704, "dont": 0.34236197504150356, "ask": 0.4896048438576161, "himayatullah": 6.615842045558088, "mayar": 25.307680636558302, "support": 0.24763456612910778, "allah": 1.0877731606238097, "say": 0.031943092690502835, "someth": 0.08302266964929242, "point": 0.05404334392515474, "order": 0.06326474765931778, "shortli": 1.2413355406525048, "after": 0.03163237382965889, "see": 0.10075827913870054, "how": 0.18526951855695226, "can": 0.016132733676276195, "these": 0.059206580443401324, "situat": 0.059537286377877044, "peopl": 0.06062041027000972, "who": 0.06043666968830131, "martial": 1.8884769385322442, "all": 0.006268209464440637, "their": 0.015233048550893373, "life": 0.14195134920581332, "attack": 0.5006860261075562, "court": 1.553126686108866, "get": 0.05934078140682663, "today": 0.02531208583470706, "judici": 0.8527429937454676, "bench": 0.4437935615546922, "should": 0.020186332631770637, "respect": 0.09799011285233057, "know": 0.0299003021885046, "what": 0.15518134412749973, "nawaz": 0.9764906482510521, "sharif": 2.939826062092755, "shahbaz": 4.3789933385135225, "imprison": 1.2459795118469557, "whi": 0.16492485241795665, "sign": 0.2950737513075056, "agreement": 0.306833271714412, "gener": 0.038444402197309976, "musharraf": 1.4228851946678776, "against": 0.09246143125995179, "guy": 1.2222144992057264, "fun": 1.1835767065003124, "past": 0.16604533929858484, "protest": 2.559310530721117, "look": 0.10962275932303062, "yourself": 0.3840491223817954, "yet": 0.07097142714899692, "detail": 0.10931088042686077, "decis": 0.47670428246138585, "come": 0.09277907358125992, "let": 0.2224616937631034, "appeal": 0.41499486238593336, "continu": 0.20606593505865115, "pml": 3.9351248810658346, "immun": 1.734303547018489, "prime": 0.12461282204354034, "done": 0.05888106413092595, "such": 0.016198329428205396, "be": 0.014385503189616596, "him": 0.027832999281577914, "now": 0.02199057271804645, "oppos": 0.27724796735490514, "resist": 1.5406682303242611, "tell": 0.1729327282374582, "role": 0.8044829787346026, "did": 0.10857938777350626, "when": 0.021539360082179083, "were": 0.027575578079617646, "jail": 0.7574328139411426, "becaus": 0.06086773267327707, "first": 0.055406980312269614, "prison": 0.8944379695520676, "chief": 0.16195461391228286, "there": 0.04833307655628427, "sit": 0.04636062514379203, "stay": 0.3454839320314044, "run": 0.08253782115494587, "ayub": 1.9722520575849183, "defenc": 0.626045555550803, "present": 0.07985773172625708, "malik": 0.7294647627379007, "shakir": 4.284600604096866, "bashir": 2.0286768400446102, "awan": 2.4248283892148685, "rohail": 7.700879572238234, "asghar": 2.7562456771580504, "sir": 0.04587451654978755, "civil": 0.2620518830025592, "import": 0.020744825097908925, "number": 0.0969332560563618, "speak": 0.08035890732835123, "read": 0.10868003010453864, "suprem": 1.7807433386603164, "defer": 0.6831548691526056, "pmd": 4.347158504239724, "provis": 0.2256013784927382, "hydrolog": 4.090113401249833, "servic": 0.07673790156139908,