{"nation": 0.02776855850342853, "assembl": 0.0011159468855613149, "pakistan": 0.0011159468855613149, "oct": 2.3890083002899085, "quorum": 5.133612396110134, "sy": 0.11931846957845248, "fakhar": 2.203043752217453, "imam": 1.103085568325988, "point": 0.01801444797505158, "order": 0.010544124609886296, "sir": 0.015291505516595852, "would": 0.008966659494040768, "like": 0.013706539714399169, "bring": 0.04030141294452259, "your": 0.052680327091167795, "notic": 0.07673790156139908, "lack": 0.762862639679433, "bell": 1.503854257201545, "wa": 0.005810709194103485, "rung": 2.7944734083980727, "deputi": 0.32916409159378845, "speaker": 0.08339287516737467, "hous": 0.0026791696355323823, "adjourn": 0.17235985577652924, "meet": 0.026056073835632625, "novemb": 1.1888284945294536, "half": 0.10038888815783441, "past": 0.08302266964929242, "nine": 0.39757398630440915, "clock": 0.660929752495378, "morn": 0.20156375200732868, "sunday": 1.451056071634574, "pcppi": 4.456357796204716, "a7687400": 8.407601514786142, "sardar": 0.1533327446959599, "wazir": 1.2847348561870604, "ahmad": 0.09448481196688957, "jogezai": 3.160577442625657, "chair": 0.0017869113532948794, "debat": 0.026056073835632625, "thursday": 1.6836164647152574, "octob": 1.0407858579444216, "met": 0.0035770214755437148, "parliament": 0.14607506638967535, "islamabad": 0.331796710112649, "six": 0.10756980300656784, "even": 0.021428585808309624, "recit": 0.21116741006987694, "holi": 0.15878404607482133, "quran": 0.1816247754292517, "bismillah": 0.5980601901327327, "rahman": 0.258577646734373, "rahim": 0.4069167302713945, "dark": 1.0149539940645198, "night": 0.39359652000668505, "when": 0.010769680041089542, "lord": 2.064082576579686, "left": 0.11305199964246423, "did": 0.05428969388675313, "angri": 1.0977200289613562, "hereaft": 2.065480096064992, "far": 0.037517188408117845, "better": 0.07337008505128344, "than": 0.02737417844306307, "world": 0.051281548957990586, "will": 0.00446827710432488, "soon": 0.13426491628165702, "give": 0.04315650956884979, "someth": 0.08302266964929242, "happi": 0.281674712078257, "place": 0.01869634367143656, "inde": 0.7465451324243135, "see": 0.033586093046233514, "unawar": 1.9199174963015324, "way": 0.022340994630731272, "show": 0.07963365648065471, "straight": 1.240563637873923, "path": 0.5732092118757066, "narrow": 1.8353189720921355, "handi": 3.620109772004097, "either": 0.23543706267423922, "enrich": 3.248546215571614, "should": 0.010093166315885319, "cruel": 1.4265957740644133, "orphan": 1.9093193653097091, "beggar": 2.343816306098535, "flock": 3.231451782212314, "keep": 0.04799824394467654, "recount": 3.1658544997265006, "favor": 0.7908257060877705, "volum": 1.3002454964039278, "nap": 1.9876065866390005, "iv186": 8.407601514786142, "offici": 0.117058014013403, "report": 0.03937247650986376, "session": 0.0671455018699596, "contain": 0.22588105965803504, "no": 0.7883680985593373, "content": 0.37816867420490013, "page": 0.35657930659546483, "rrunt": 8.407601514786142, "manag": 0.3819460433054003, "print": 0.4022344474694798, "corpor": 0.3723226036414763, "press": 0.15541607878281422, "publish": 0.3830666431804473, "public": 0.028751272991650288, "karachi": 0.06357194237909462, "price": 0.1759593348127325}