{"nation": 0.05553711700685706, "assembl": 0.0031246512795716818, "pakistan": 0.002901461902459419, "novemb": 1.7832427417941803, "reassembl": 1.9372598447805625, "speaker": 0.4586608134205607, "tamiz": 4.7187220606722065, "uddin": 2.348478319204346, "khan": 0.16025312445746365, "chair": 0.003573822706589759, "order": 0.14761774453840815, "pleas": 0.07179326023702264, "posit": 0.10162368972585899, "govern": 0.16642563059164117, "would": 0.026899978482122305, "like": 0.013706539714399169, "take": 0.07867359298593238, "some": 0.10714292904154812, "more": 0.01869634367143656, "time": 0.035866637976163074, "think": 0.14260812749769958, "over": 0.022340994630731272, "what": 0.07759067206374987, "statement": 0.7603076447856743, "made": 0.06400985791986198, "hous": 0.0250055832649689, "therefor": 0.06285876036859717, "stand": 0.08487609219987566, "adjourn": 0.9479792067709107, "till": 0.24688645510068374, "tomorrow": 0.54830567892429, "opposit": 0.09890959794724526, "member": 0.011638349762466808, "shame": 0.9339644062899368, "nine": 0.39757398630440915, "clock": 0.660929752495378, "morn": 0.604691256021986, "saturday": 1.4548728701612748, "decemb": 0.400900669345776, "gppkl": 2.935330841114668, "point": 0.23418782367567054, "joint": 3.511486514559263, "communiqu": 33.51355709437835, "kashmir": 2.0480109840320644, "first": 0.018468993437423205, "all": 0.012536418928881275, "farid": 6.4357857119682755, "ahmad": 0.47242405983444785, "ha": 0.0764845162859741, "rais": 0.13697882592359048, "view": 0.3285727263497767, "wa": 0.020337482179362196, "issu": 0.070405816546278, "new": 0.14914207692266243, "delhi": 1.4558293503872317, "rawalpindi": 1.0687689198468031, "last": 0.056124977337401794, "night": 0.39359652000668505, "further": 0.07939202303741066, "continu": 0.10303296752932557, "debat": 0.039084110753448933, "will": 0.02010724696946196, "out": 0.17262603827539916, "fact": 0.07457103846133122, "mind": 0.1473672231788459, "question": 0.06809554714303293, "proprieti": 6.342319103912388, "under": 0.03239665885641079, "rule": 0.05934078140682663, "can": 0.04839820102882858, "hold": 0.17915763178210917, "ani": 0.045786606987846756, "forc": 0.09718652059785104, "regard": 0.08143454083012969, "sardar": 0.9199964681757593, "bahadur": 9.631240508770993, "also": 0.01658272805324468, "propos": 0.5465544021343038, "should": 0.1715838273700504, "now": 0.0439811454360929, "after": 0.042176498439545185, "state": 0.054725084639371216, "ment": 1.3105327029677025, "far": 0.11255156522435353, "matter": 0.11316812293316754, "concern": 0.18544250057516812, "whole": 0.1327771445644978, "agre": 0.38776243551567396, "absenc": 0.23911509765946118, "onli": 0.029676803496165104, "done": 0.05888106413092595, "motion": 0.8334693876055786, "be": 0.028771006379233192, "carri": 0.22197262363853576, "effect": 0.12891935181523723, "sir": 0.1834980661991502, "make": 0.057233258734808445, "formal": 0.7747160093910098, "request": 0.07751481866746225, "detail": 0.3279326412805823, "com": 1.6355200052069714, "muniqu": 11.399102627367865, "which": 0.041652837755142794, "been": 0.06154206496925422, "publish": 0.3830666431804473, "press": 0.15541607878281422, "today": 0.1265604291735353, "becom": 0.16120565177809035, "subjectmatt": 2.1790905111949597, "discuss": 0.5721474814118516, "voicesw": 7.308989226118033, "habibullah": 4.220984389704415, "minist": 0.06591976966475391, "home": 0.18290195281890856, "affair": 0.3692525391628162, "find": 0.09276933550158675, "imposs": 1.1345089187866209, "observ": 0.3952518754583488, "gentlemen": 0.6761094855404587, "wherebi": 1.6029869947235194, "ascrib": 3.7071211489937266, "deliber": 0.6889160195876772, "want": 0.03648338975958081, "befool": 11.232487262022227, "deceiv": 1.9093193653097091, "conced": 1.7292594001318111, "situat": 0.2976864318893852, "arisen": 2.3935661226278455, "becaus": 0.06086773267327707, "until": 0.40859497598172106, "come": 0.13254153368751415, "permiss": 0.36259105354126986, "given": 0.018468993437423205, "noon": 1.4201112677851524, "speech": 0.564010778967847, "voicesno": 5.075397004610939, "patienc": 0.9680422056528235, "bhutto": 1.0460500083796371, "interrupt": 0.186391420861073, "offer": 0.16247954830753897, "interior": 0.4106111089484932, "wast": 0.6827878935597587, "noor": 2.062186776919846, "hayat": 1.4743459851909009, "go": 0.0847893607355745, "inflict": 2.235900917375228, "are": 0.021452526821531658, "prep": 4.852253453296729, "listen": 0.16695265141123064, "him": 0.05566599856315583, "even": 0.04285717161661925, "outsid": 0.15985762756062677, "thing": 0.033586093046233514, "ridicul": 1.5437981233331888, "beg": 0.25367638277828164, "studi": 0.7304470192257264, "then": 0.030955860127389403, "independ": 0.3432795538753403, "part": 0.10075827913870054, "half": 0.3011666644735032, "hour": 0.2096798681641879, "specif": 0.5386577525119155, "where": 0.02737417844306307, "unless": 0.35245093842434816, "move": 0.0741078074227809, "moham": 0.9459611225775683, "ali": 0.03128088225132124, "extern": 2.5850500907304603, "clearli": 0.4358253919055153, "someth": 0.08302266964929242, "befor": 0.03739268734287312, "fair": 0.527553313814566, "appeal": 0.41499486238593336, "mem": 1.6276796073138908, "ber": 1.3661898509913324, "cabinet": 0.31078404421382416, "treasuri": 0.5144026452415343, "bench": 0.4437935615546922, "they": 0.04544961673495364, "into": 0.303639188025255, "confid": 2.4648846112020792, "may": 0.03976246010625425, "feel": 0.1465917287623155, "let": 0.04449233875262068, "down": 0.06523801440556473, "alreadi": 0.05811716779601484, "your": 0.03512021806077853, "west": 1.284787858571447, "presid": 0.356412777127222, "thank": 0.05386887252294154, "veri": 0.015064927969461411, "much": 0.029670390703413315, "correct": 0.20819343182672054, "latest": 1.0609463516096043, "unfortun": 0.2331803621396466, "develop": 0.2287682698212556, "occur": 0.46986973952603445, "complet": 0.04682824264120715, "chang": 0.08447862719840825, "complexion": 3.7254702876619232, "polit": 0.09964896951512389, "situa": 2.894172768621161, "tion": 1.3805004852016278, "had": 0.07387597374969282, "here": 0.028062488668700897, "rise": 0.6584468223192481, "speak": 0.08035890732835123, "yesterday": 0.21863465113726777, "when": 0.021539360082179083, "allow": 0.11116171113417136, "proceed": 0.704617229762013, "aris": 1.2614484322477297, "dispos": 0.6365344287207375, "wholli": 2.0090065802509356, "unnecessari": 1.2529861578724801, "proposit": 1.9508318592139797, "foreign": 0.10906196941126327, "floor": 0.331796710112649, "term": 0.12183609427181284, "tragic": 1.4045360559996811, "fortun": 0.9804573813775275, "such": 0.03239665885641079, "seriou": 0.254827462042069, "natur": 0.17409837455214916, "doe": 0.04833662709885984, "problem": 0.0645236436167609, "everi": 0.03335533268983864, "sensibl": 2.221392890885649, "man": 0.06977425233822773, "know": 0.0598006043770092, "next": 0.05646290769998822, "follow": 0.0409986820024067, "great": 0.10214332071454939, "signific": 1.0273457263596832, "our": 0.054826158857596674, "observa": 3.8537246231856024, "present": 0.015971546345251417, "base": 0.2045712730712839, "one": 0.008741510331770265, "side": 0.08983534806679931, "version": 4.024679833341387, "pictur": 0.8213052076334229, "suppli": 1.250451021929472, "figur": 0.2867154936933043, "led": 0.6871398201864214, "redefin": 4.623411880867882, "attitud": 0.38175817063523954, "modifi": 1.6659008201340886, "besid": 0.4092661188331605, "call": 0.0342786937896075, "delic": 2.472707319166555, "apprehens": 1.6495070103584122, "convert": 1.060301814042979, "solid": 1.8090924861716273, "truth": 0.4875183157329087, "drama": 1.840929084982902, "stage": 0.3960420626211308, "just": 0.03589663011851132, "peopl": 0.012124082054001945, "countri": 0.033757974847709066, "were": 0.04595929679936274, "genuin": 1.191626512134677, "their": 0.038082621377233436, "profess": 1.162659968449136, "reformul": 5.517229756889979, "polici": 0.08569354655571891, "consider": 0.18692934448889081,