{"resolut": 6.308358684174042, "statu": 2.6960637986930007, "qadiani": 8.987866388793309, "makhdoom": 1.7779885959417818, "noor": 2.062186776919846, "muhammad": 0.6003323654220001, "hashmi": 2.354076722753702, "sirdar": 5.284820824002597, "shaukat": 2.2704062444321935, "hyat": 4.6416535757476725, "khan": 0.17169977620442534, "mir": 0.5728365454146296, "ali": 0.28152794026189115, "ahmad": 1.984181051304681, "talpur": 2.0797858848235435, "hamid": 2.9177775196492544, "jatoi": 11.865225237827659, "rao": 2.1609564450537, "khurshid": 1.1993697717194691, "now": 0.12094814994925547, "question": 0.2723821885721317, "motion": 4.405481048772344, "adopt": 0.44673592993648986, "wa": 0.04067496435872439, "pass": 0.12928023310666178, "unanim": 6.6737199002296155, "speaker": 1.7929468160985556, "refer": 1.5117569914702331, "committe": 2.8696450530469315, "other": 0.08088192575939884, "busi": 0.17009718927399792, "tell": 0.0576442427458194, "when": 0.0753877602876268, "are": 0.06703914631728643, "meet": 0.1042242953425305, "even": 0.1928572722747866, "tomorrow": 0.822458518386435, "prof": 1.5354734134471573, "ghafoor": 4.329810227322271, "sit": 0.3245243760065442, "today": 0.05062417166941412, "will": 0.055853463804061, "better": 0.07337008505128344, "abdul": 2.201102551538503, "hafeez": 28.280219584071528, "pirzada": 19.202405331137452, "possibl": 0.1806474971298163, "take": 0.061190572322391855, "time": 0.08069993544636692, "becaus": 0.1623139537954055, "what": 0.13966320971474977, "somebodi": 0.9651087919917024, "ha": 0.11897591422262636, "prepar": 0.15854924061485107, "draft": 2.7278569320574855, "rule": 0.35604468844095977, "give": 0.12946952870654937, "some": 0.04285717161661925, "honour": 0.2731703905702332, "member": 0.09892597298096786, "can": 0.07259730154324287, "proceed": 2.113851689286039, "adjourn": 0.6894394231061169, "till": 0.24688645510068374, "while": 0.06857850904138423, "nation": 0.22214846802742824, "assembl": 0.007811628198929205, "juli": 0.9177261199450654, "thank": 0.16160661756882463, "veri": 0.060259711877845644, "much": 0.05934078140682663, "monday": 0.6505503727541293, "pakistan": 0.005579734427806574, "june": 4.491291116408257, "prophethood": 25.98038442528254, "said": 0.20565978038580215, "mirza": 8.617570423533925, "ghulam": 2.6816099291153424, "consid": 0.23531066707641174, "him": 0.27832999281577914, "their": 0.04569914565268012, "reform": 1.2823692335329746, "religi": 1.0763996044181074, "leader": 0.3519267706854828, "ani": 0.17169977620442534, "form": 0.16443413898454592, "whatev": 0.9101641921700235, "outsid": 0.4795728826818803, "pale": 6.462903564424628, "islam": 2.750000176649935, "wherea": 8.862878714357523, "follow": 0.5329828660312871, "name": 0.0946187280266643, "they": 0.05843522151636896, "call": 0.2399508565272525, "indulg": 2.4626939655379982, "subvers": 11.119921604382025, "activ": 0.5398266596170765, "intern": 0.2864763701089514, "extern": 1.7233667271536404, "mix": 1.9372598447805625, "muslim": 2.117700627023841, "pretend": 6.198667634769876, "sect": 7.472062236673894, "confer": 0.8688921626840197, "world": 0.25640774478995293, "organis": 2.9342420159990423, "held": 0.6420586879556962, "holi": 0.31756809214964266, "citi": 0.42067628674361446, "meccaalmukurram": 16.815203029572285, "between": 0.4272522228662023, "april": 1.013188925587445, "under": 0.14578496485384856, "auspic": 5.503219407932581, "alrabita": 16.815203029572285, "alalamealislami": 8.407601514786142, "wherein": 3.1277031315598367, "deleg": 1.5339953767850172, "one": 0.07867359298593238, "hundr": 0.3129187513907839, "forti": 1.1188968571732354, "organi": 3.099333817384938, "sation": 2.7981297196011834, "institut": 0.19289793356890608, "all": 0.08148672303772829, "part": 0.16793046523116756, "particip": 0.7093369559771509, "been": 0.08392099768534667, "qadian": 18.58560559637032, "movement": 0.9050709503989041, "against": 0.0616409541733012, "which": 0.09024781513614272, "fals": 2.5309829924824907, "deceit": 7.207160940105773, "claim": 1.2334038119567308, "declar": 1.3687279765635094, "offici": 0.351174042040209, "bill": 0.23863693915690495, "move": 0.8892936890733709, "make": 0.06867991048177013, "adequ": 2.059685213116541, "necessari": 0.40126374600490433, "amend": 0.3103108490783814, "constitut": 0.2505385106379031, "effect": 0.3867580554457117, "such": 0.12958663542564317, "provid": 0.09646481712694556, "safeguard": 2.5454213264405174, "legitim": 1.6034230274660433, "right": 0.19901532930600552, "interest": 0.15058632513405007, "non": 0.33544620659789315, "minor": 0.8198767755320853, "republ": 2.416665831335901, "may": 0.11928738031876274, "mover": 3.0782988608383075, "maulana": 6.055921786858899, "shah": 0.7446443317417923, "noorani": 13.340715743091959, "siddiqui": 2.2387142275320375, "maulvi": 3.5485443270545156, "mufti": 4.490552180472623, "mahmood": 3.693535329384083, "mustafa": 1.9514191959566858, "alazhari": 7.240219544008194, "sy": 0.23863693915690495, "rizvi": 3.5697303816726063, "haq": 1.1204593572527086, "akora": 6.754327186787415, "khattak": 2.28434358306438, "zahur": 4.929604279318884, "ilahi": 5.361507534397892, "sardar": 0.9199964681757593, "sher": 2.169654242394703, "baz": 10.338222477212497, "mazari": 5.457766395191212, "zafar": 1.4511600079185376, "ansari": 3.4310355445590295, "sadaruusshahe": 16.815203029572285, "sahibzada": 2.982415823536999, "raza": 1.273068857441475, "qasuri": 5.116553469678568, "azam": 2.8998098420986036, "farooqi": 6.842196992015875, "naimatullah": 9.648165152660066, "sahib": 0.22460531056736682, "umra": 7.190834318827451, "faruq": 11.270025585092723, "maula": 4.9139179243968325, "bux": 3.4484811380397367, "soomro": 2.6534672361907226, "rai": 2.521658670667012, "atta": 3.7710174332319815, "siddiql": 7.714454334226198, "sir": 0.24466408826553362, "beg": 1.0147055311131266, "fulli": 0.7558567332604256, "establish": 0.17918247447854369, "fact": 0.07457103846133122, "prophet": 5.522421827539328, "after": 0.13707361992852185, "last": 0.11224995467480359, "peac": 2.032023372289186, "upon": 1.499740461074268, "attempt": 1.1631150025343557, "falsifi": 19.08006142023903, "numer": 2.0697102967636294, "quran": 0.27243716314387756, "text": 2.5122321017628155, "abolish": 1.4502381365032755, "jihad": 3.821653049200561, "were": 0.036767437439490194, "treacher": 5.157311794351872, "main": 0.5334712941127673, "issu": 0.457637807550807, "creation": 2.1244733487385488, "imperi": 4.145094526576168, "sole": 3.0917803486108255, "purpos": 0.43698458603632095, "destroy": 0.7700651355957764, "solidar": 2.8662452075221956, "there": 0.10740683679174282, "consensu": 3.783844490310273, "entir": 0.38579586713781217, "ummah": 3.45600465788352, "ahm": 0.2886097090485068, "whether": 0.12788260904224996, "believ": 0.6975427866058672, "alamealislami": 8.407601514786142, "word": 0.3824848336655211, "nonmuslim": 2.061965153957547, "siddiqi": 7.21855991047498, "hafiz": 2.2983787283816732, "should": 0.07065216421119723, "put": 0.2609986346146593, "straightaway": 2.37691625452488, "think": 0.08556487649861974, "alright": 4.414184681486906, "present": 0.015971546345251417, "your": 0.14048087224311412, "servic": 0.07673790156139908, "submit": 0.21712866634615272, "well": 0.05199795535250759, "explain": 0.2456898431914161, "appoint": 0.8877860233001388, "special": 0.42968353825570954, "whole": 0.2655542891289956, "hous": 0.04733199689440542, "determin": 1.9160807259822723, "person": 0.1468088537371553, "who": 0.05439300271947118, "final": 1.0986592267961501, "hood": 6.046212903994108, "aspect": 1.0710550698385388, "amount": 0.43338526720725745, "specul": 7.196364988030645, "press": 0.15541607878281422, "go": 0.21197340183893626, "cold": 3.1348687331049563, "storag": 3.965100151261596, "into": 0.22082850038200363, "wast": 0.34139394677987933, "singl": 0.6064004137290616, "day": 0.05336175809920797, "hour": 0.6290396044925637, "finish": 1.126698848313028, "budget": 1.097230614254038, "onli": 0.05935360699233021, "about": 0.038302398525262224,