{"speaker": 1.375982440261682, "claus": 15.488322002106722, "now": 0.14293872266730193, "put": 0.44742623076798727, "hous": 0.013395848177661911, "question": 0.23833441500061525, "stand": 0.39608843026608637, "part": 0.47020530264726923, "bill": 4.772738783138099, "preambl": 11.028111605091848, "short": 1.4739409224550764, "titl": 6.38191451098071, "item": 1.035191876352345, "zaheeruddin": 20.283869802485818, "babar": 12.703230775257573, "awan": 12.124141946074342, "sahib": 0.5615132764184171, "pleas": 0.14358652047404527, "beg": 1.268381913891408, "move": 0.44464684453668546, "further": 0.6351361842992853, "amend": 3.7237301889405767, "unit": 1.0955985341457795, "nation": 0.15272707176885691, "secur": 1.6247954830753897, "council": 3.261264746490908, "act": 0.6855483724457513, "pass": 0.47402752139109317, "motion": 1.4288046644667063, "ha": 0.03824225814298705, "been": 0.027973665895115553, "wa": 0.03486425516462091, "adopt": 0.44673592993648986, "interrupt": 0.186391420861073, "gave": 0.11580440973740913, "opportun": 0.09644896678445304, "tomorrow": 0.1370764197310725, "will": 0.01787310841729952, "neither": 0.2696210603340043, "give": 0.014385503189616596, "govern": 0.025603943167944794, "chanc": 0.2885006771486569, "today": 0.02531208583470706, "other": 0.026960641919799612, "adjourn": 0.17235985577652924, "meet": 0.026056073835632625, "again": 0.05016645339301446, "friday": 1.4855714590008158, "august": 0.4941665346172759, "later": 0.15411348644023817, "honour": 0.09105679685674439, "chang": 0.08447862719840825, "time": 0.008966659494040768, "session": 0.1342910037399192, "antiterror": 29.51282114792839, "senat": 1.8524374034159348, "taken": 0.1012739245431272, "into": 0.16562137528650273, "consider": 1.1215760669333448, "under": 0.09718997656923237, "articl": 0.8745386045490711, "constitut": 0.20043080851032247, "islam": 0.6547619468214132, "republ": 2.416665831335901, "pakistan": 0.002008704394010367, "read": 0.10868003010453864, "cause2": 8.407601514786142, "clasu": 4.9110939533196625, "anti": 2.4024484466277816, "terror": 1.7856035085949449, "panel": 7.226790252599681, "chairperson": 8.43690679825424, "pursuanc": 1.3749772537581366, "subrul": 1.5129314753526615, "rule": 0.35604468844095977, "procedur": 0.29303557658347557, "conduct": 0.5079866704593413, "busi": 0.17009718927399792, "assembl": 0.002455083148234893, "follow": 0.0409986820024067, "member": 0.011638349762466808, "order": 0.03163237382965889, "preced": 1.7117785988696648, "are": 0.013407829263457287, "nomin": 0.624377498450106, "form": 0.05481137966151531, "amjid": 7.604862657596104, "ali": 0.1564044112566062, "khan": 0.03433995524088507, "riaz": 1.976441863734902, "fatyana": 5.732675939255434, "ramesh": 4.299867853807009, "kumar": 3.4088268030905606, "vankwani": 7.4509405753238465, "mahmood": 0.9233838323460207, "bashir": 2.0286768400446102, "virk": 4.596707864043555, "shahida": 3.8953941208172167, "akhtar": 1.4790156114074746, "sy": 0.23863693915690495, "ghulam": 0.5363219858230684, "mustafa": 1.9514191959566858, "shah": 0.37232216587089617, "absenc": 0.7173452929783836, "deputi": 0.4937461373906827, "have": 0.22672057278975333, "amongst": 0.5427975114576832, "those": 0.049275491860178045, "present": 0.015971546345251417, "sit": 0.04636062514379203, "shall": 0.18183071543740978, "take": 0.026224530995310795, "chair": 0.003573822706589759, "effect": 0.12891935181523723, "taiba": 4.495578509357997, "love": 0.5736051730766828, "otherwis": 0.1714458531030179, "who": 0.018131000906490394, "cri": 0.5819567825661539, "wrap": 2.044573411245678, "antehm": 13.231684091116175, "leav": 0.8080330878441231, "applic": 0.17516135631580662, "jame": 2.7656944438480293, "iqbal": 0.3889760497403942, "request": 0.07751481866746225, "grant": 1.0546095352264502, "june": 0.3454839320314044, "shaza": 3.76321061564477, "fatima": 1.7068704052383326, "khawaja": 0.886283534586903, "juli": 2.753178359835196, "aamir": 1.9539765158934514, "talal": 3.9302647003079367, "gopang": 3.812481664651553, "mohammad": 0.10707290858640622, "aslam": 0.9339644062899368, "bhootani": 4.973614310300997, "suspens": 2.4919590236939113, "advisor": 1.3618249379066314, "parliamentari": 0.117058014013403, "affair": 0.07385050783256324, "requir": 0.10303296752932557, "said": 0.0934817183571828, "dispens": 3.217091305454694, "debat": 0.013028036917816312, "thursday": 2.525424697072886, "met": 0.0035770214755437148, "hall": 0.43306867065591476, "parliament": 0.14607506638967535, "islamabad": 0.1658983550563245, "clock": 0.330464876247689, "afternoon": 1.180665496292854, "asad": 2.241450206070887, "qaisar": 2.4236652340989524, "recit": 0.6335022302096308, "holi": 0.15878404607482133, "quran": 0.1816247754292517, "hou": 3.3016560408855624, "our": 0.027413079428798337, "lord": 1.3760550510531242, "god": 0.3489169886422093, "then": 0.02063724008492627, "righteous": 3.32619714980168, "griev": 2.7138693759834434, "preach": 1.8973431742629934, "paradis": 3.2874332124474157, "promis": 0.6076096036087005, "first": 0.018468993437423205, "worldli": 3.231451782212314, "life": 0.28390269841162663, "hereaft": 4.130960192129984, "what": 0.04655440323824992, "tabl": 0.2385483648588005, "content": 0.37816867420490013, "hadith": 3.1149506972812846, "naat": 3.6456202448008534, "qaiser": 1.4238115495280084, "muhammad": 0.21830267833527275, "qasim": 1.087736584977173, "suri": 2.267716962559888, "secretari": 0.40202914975953485, "tahir": 0.9362384265990458, "hussain": 0.23092874283768786, "addit": 0.1327346941008894, "legisl": 0.6112415658659, "mushtaq": 1.4472537856848353, "rizwan": 2.8507734530866053, "ullah": 1.4673790456665043, "furquan": 3.9416933961315594, "report": 0.03937247650986376, "abdul": 0.07337008505128344, "hadi": 2.6775017318125687, "channa": 2.894172768621161, "proceed": 0.234872409920671, "director": 0.439628335123208, "gener": 0.038444402197309976, "bless": 1.59402789744875, "free": 0.1944908171894674, "limit": 0.1580263647859449, "devil": 2.058462523406345, "allah": 0.9064776338531746, "seek": 0.35817445767544936, "asylum": 2.758627276624937, "begin": 0.220302244630996, "name": 0.01892374560533286, "which": 0.0069421396258571326, "most": 0.03013026654504301, "merci": 1.2602311048121286, "translat": 0.17675795058790786, "angel": 1.745746774240832, "come": 0.013254153368751416, "down": 0.06523801440556473, "them": 0.009417109952107702, "say": 0.031943092690502835, "afraid": 0.49298380574546397, "sad": 0.5249093084971175, "celebr": 1.077851825744631, "were": 0.009191859359872549, "your": 0.017560109030389265, "friend": 0.11505300081038258, "world": 0.051281548957990586, "also": 0.00829136402662234, "companion": 1.2267703157415872, "there": 0.021481367358348564, "receiv": 0.06333415852349787, "whatev": 0.20225870937111634, "wish": 0.20648987034338454, "ask": 0.034971774561258294, "guest": 1.6029869947235194, "behalf": 0.3623337981783397, "forgiv": 0.8320168632283507, "hazrat": 1.235176937661298, "abdullah": 1.2903960116217987, "bin": 1.5406682303242611, "umar": 1.5139451601835074, "prophet": 0.6136024252821476, "peac": 0.2902890531841694, "allaah": 0.7311278683969866, "upon": 0.1874675576342835, "him": 0.027832999281577914, "build": 0.1794246188348231, "base": 0.2045712730712839, "five": 0.049169615754847185, "thing": 0.033586093046233514, "testimoni": 1.6220138697782134, "fact": 0.03728551923066561, "than": 0.02737417844306307, "messeng": 1.104431463549343, "iqamah": 5.768544185170884, "salawa": 6.798163602352043, "pay": 0.07818473084682413, "zakat": 1.503854257201545, "hajj": 1.037370872979062, "fast": 0.9054150281832184, "dure": 0.08472149301623831, "month": 0.0569352742652194, "ramadan": 2.15762627252666, "sleep": 1.2191887782891895, "abrar": 2.587518584433781, "caravan": 5.145581555447076, "current": 0.13477551113574202, "salar": 3.2777027998630697, "like": 0.013706539714399169, "sinner": 5.0993367206053675}