{"nation": 0.06942139625857133, "assembl": 0.002901461902459419, "pakistan": 0.0022318937711226297, "novemb": 3.5664854835883606, "hous": 0.016075017813194294, "adjourn": 0.08617992788826462, "meet": 0.026056073835632625, "three": 0.028751272991650288, "clock": 0.660929752495378, "after": 0.03163237382965889, "noon": 1.4201112677851524, "sunday": 1.451056071634574, "pcppi450690": 8.407601514786142, "na221291400": 8.407601514786142, "pir": 0.7536323343073684, "sy": 2.267050921990597, "ali": 0.5943367627751035, "gohar": 2.0634387331422612, "shah": 1.3651812748599528, "arbab": 4.399234379153305, "ghulam": 1.3408049645576712, "rahim": 0.4069167302713945, "muhammad": 1.6372700875145456, "aslam": 2.8018932188698105, "khan": 0.5036526768663143, "khattak": 2.28434358306438, "ajmal": 3.4088268030905606, "kanwar": 2.0995030732766122, "nave": 0.8857422625845136, "jamil": 1.6801697899352876, "sewag": 3.7728725265565073, "anwar": 2.5802994959135277, "haq": 2.2409187145054172, "rame": 3.547789110424471, "chaudhri": 3.642100658120667, "cheemia": 5.517229756889979, "mir": 0.5728365454146296, "balkh": 3.698071313473809, "sher": 1.0848271211973515, "mazari": 1.364441598797803, "tammal": 5.006404133123988, "hussain": 2.5402161712145666, "tasnim": 2.464802139659442, "nawaz": 1.9529812965021043, "gardezi": 2.4887076605129965, "rana": 1.5242311282618362, "tanveer": 1.3740950304984456, "tanveerul": 6.210376937449924, "hasan": 1.1997416433536678, "gilani": 1.0674146794660273, "jave": 2.1505750537328137, "azam": 0.5799619684197207, "asghar": 1.837497118105367, "mohammad": 1.7131665373824996, "hayat": 2.9486919703818018, "jam": 1.2199443506711873, "mashoq": 5.2721072988569935, "malik": 0.7294647627379007, "farooq": 6.189983640834998, "sattar": 3.1869948975635705, "irfan": 2.1990114886895142, "rafiq": 1.1727030944713115, "missani": 7.714454334226198, "hamza": 1.4072670545109127, "haji": 7.360247315206474, "hayatullah": 4.515781216675516, "speaker": 0.8339287516737468, "point": 0.12610113582536106, "order": 0.11598537070874926, "sardar": 1.533327446959599, "ahm": 0.8658291271455203, "leghari": 3.876702395980741, "would": 0.09863325443444845, "like": 0.06853269857199584, "bring": 0.04030141294452259, "your": 0.07024043612155706, "notic": 0.15347580312279815, "duli": 2.942517557904187, "elect": 0.8040582995190697, "member": 0.12802184738713487, "ha": 0.05523881731764795, "been": 0.055947331790231106, "stop": 0.31600715973832466, "come": 0.10603322695001133, "here": 0.14031244334350448, "be": 0.028771006379233192, "custodi": 4.27978732219324, "there": 0.010740683679174282, "preced": 0.8558892994348324, "past": 0.08302266964929242, "where": 0.02737417844306307, "mna": 0.3765413345455248, "even": 0.0857143432332385, "those": 0.06570065581357072, "who": 0.04834933575064105, "were": 0.009191859359872549, "charg": 0.19584711741094554, "murder": 0.9686299223902812, "case": 0.0308204770866506, "brought": 0.5243815032435852, "befor": 0.07478537468574624, "call": 0.068557387579215, "upon": 0.1874675576342835, "take": 0.061190572322391855, "cath": 5.075397004610939, "pronounc": 4.988197018295746, "oath": 13.893273952314429, "translat": 0.17675795058790786, "say": 0.15971546345251417, "god": 0.3489169886422093, "lord": 0.6880275255265621, "kingdom": 3.7730540359621028, "whoever": 0.7674783420907794, "want": 0.16417525391811366, "give": 0.057542012758466383, "away": 0.14272325198439523, "whom": 0.30146933162366274, "honor": 1.9386748263789133, "humili": 1.0424213887651306, "all": 0.02507283785776255, "kind": 0.17381988747538846, "good": 0.07868413953732106, "are": 0.04558661949575477, "hand": 0.22396305663833554, "bashik": 7.714454334226198, "power": 0.039836836861834625, "over": 0.022340994630731272, "thing": 0.10075827913870054, "these": 0.019735526814467108, "peopl": 0.07274449232401167, "them": 0.05650265971264621, "access": 0.995441179840938, "countri": 0.033757974847709066, "should": 0.05046583157942659, "pray": 0.585557506600524, "pay": 0.07818473084682413, "zakat": 3.00770851440309, "deed": 3.932640408874148, "forbid": 1.4173450142922621, "end": 0.10962275932303062, "believ": 0.09964896951512389, "among": 0.3147504872477591, "do": 0.28101180115587077, "promis": 0.30380480180435027, "they": 0.07142082629778429, "will": 0.02904380117811172, "ruler": 0.7805440977672095, "rule": 0.029670390703413315, "their": 0.05331566992812681, "religion": 0.6818300731981914, "stabl": 1.434058495266003, "sustain": 1.2290560310224432, "peac": 0.2902890531841694, "fear": 0.49115865466388337, "worship": 1.575647949220288, "associ": 0.3553050152474965, "anyth": 0.11856441650765959, "disbeliev": 1.743192494435735, "then": 0.05159310021231567, "such": 0.03239665885641079, "evil": 0.8162444680875921, "mian": 2.598191086175256, "zahid": 4.650639873796544, "sarfraz": 6.027019740752807, "amir": 2.423204451508682, "someth": 0.16604533929858484, "regard": 0.05428969388675313, "mirai": 6.328159973106307, "khalid": 1.7065333821207909, "chair": 0.0017869113532948794, "debat": 0.026056073835632625, "saturday": 2.9097457403225495, "met": 0.0035770214755437148, "parliament": 0.14607506638967535, "islamabad": 0.331796710112649, "eight": 0.25655656910111957, "morn": 0.40312750401465736, "recit": 0.21116741006987694, "holi": 0.15878404607482133, "quran": 0.1816247754292517, "name": 0.03784749121066572, "allah": 0.18129552677063493, "merci": 0.4200770349373762, "king": 4.406965928408536, "one": 0.01748302066354053, "remov": 0.17967069613359862, "whomev": 4.6009390250158235, "ground": 0.32643573706071, "risen": 1.473204304857585, "pass": 0.043093411035553926, "through": 0.03404777357151646, "well": 0.025998977676253796, "volum": 1.3002454964039278, "nap1190": 8.407601514786142, "offici": 0.117058014013403, "report": 0.15748990603945504, "session": 0.0671455018699596, "contain": 0.22588105965803504, "no": 0.7883680985593373, "content": 0.37816867420490013, "make": 0.06867991048177013, "sign": 2.0655162591525396, "roll": 2.155030527347832, "page": 0.35657930659546483, "publish": 0.3830666431804473, "manag": 0.3819460433054003, "public": 0.028751272991650288, "karachi": 0.12714388475818925, "print": 0.8044688949389596, "corpor": 0.3723226036414763, "press": 0.15541607878281422, "price": 0.1759593348127325, "abdullah": 1.2903960116217987, "ghazi": 1.2452040174304253, "usman": 1.1930971006349993, "ani": 0.045786606987846756, "day": 0.03557450539947198, "nawana": 4.536400503878252, "alia": 1.9908692322738168, "yasin": 1.3419881511884257, "vito": 1.747026364946457, "yaqub": 1.6529974152981808, "nasir": 3.0099671902466247, "rai": 2.521658670667012, "mansab": 2.1850252467147744, "mansoor": 1.399096332703863, "man": 0.06977425233822773, "manzoor": 1.3767440386700225, "mehtab": 3.079725345996562, "iqbal": 1.5559041989615767, "nazir": 3.9890176678604754, "ahmad": 1.1338177436026748, "durk": 3.563414428327552, "tagheer": 7.021307153666252, "naeem": 2.9251009021206182, "six": 0.10756980300656784, "wazir": 1.2847348561870604, "bhatti": 2.198117434493905, "humayun": 2.0778806092634468, "akhtar": 0.7395078057037373, "omar": 2.414353243682372, "could": 0.1794831505925566, "visit": 0.13171584531178648, "now": 0.0439811454360929, "postpon": 0.6458565301272302, "until": 0.40859497598172106, "tomorrow": 0.54830567892429, "creator": 1.9876065866390005, "dad": 1.5058643081295688, "dildar": 3.843253323318307, "chai": 3.370648912372514, "sheikh": 0.713796266631689, "rashe": 0.9442384692661221, "sajjad": 1.583227844743057, "haider": 0.985825721141496, "shahid": 2.7764477737020825, "khaqan": 1.8973431742629934, "abbasi": 1.9982037765129452, "raja": 1.232157391270822, "saeed": 2.8935694213128835, "mahdi": 3.1042966067270674, "naseem": 1.6682648874289692, "jehangir": 2.061965153957547, "ayub": 1.3148347050566123, "yusuf": 1.0155699472715518, "wasim": 1.4780847440224931, "nawabzada": 2.728883197595606, "salahuddin": 2.4398887013423747, "prani": 7.021307153666252, "abdul": 0.5135905953589841, "khaliq": 2.163434614122407, "maulana": 0.9561981768724577,