{"pervez": 4.366865942560267, "khattak": 5.7108589576609505, "sir": 0.12233204413276681, "beg": 0.7610291483348449, "introduc": 1.7848482770702627, "bill": 2.1477324524121446, "further": 0.476352138224464, "amend": 2.7927976417054325, "pakistan": 0.004686976919357523, "armi": 2.349682222553434, "act": 0.34277418622287564, "speaker": 0.6671430013389974, "stand": 0.08487609219987566, "air": 2.302329132307591, "forc": 0.5831191235871063, "item": 0.14788455376462073, "minist": 0.037668439808430806, "defenc": 0.626045555550803, "request": 0.038757409333731126, "sens": 0.3101752161889297, "today": 0.15187251500824234, "tomorrow": 0.4112292591932175, "session": 0.2685820074798384, "here": 0.08418746600610269, "rafiq": 1.1727030944713115, "sahib": 0.5615132764184171, "khurshid": 0.5996848858597346, "shah": 0.12410738862363206, "shahid": 0.9254825912340275, "khaqan": 1.8973431742629934, "abbasi": 0.666067925504315, "saad": 1.8928888239136132, "think": 0.05704325099907983, "their": 0.030466097101786747, "presenc": 1.419144689026676, "dure": 0.08472149301623831, "legisl": 0.9168623487988499, "import": 0.04148965019581785, "they": 0.02597120956283065, "should": 0.030279498947655956, "depriv": 0.5298251815088831, "right": 0.06633844310200183, "vote": 0.29357607242938644, "defens": 0.726964087225207, "meet": 0.039084110753448933, "take": 0.01748302066354053, "place": 0.01869634367143656, "requir": 0.10303296752932557, "opposit": 0.09890959794724526, "now": 0.032985859077069676, "ye": 0.06348299897309886, "makkat": 3.812481664651553, "put": 0.03728551923066561, "motion": 0.5953352768611276, "hous": 0.0044652827258873035, "question": 0.23833441500061525, "move": 0.0741078074227809, "adopt": 0.17869437197459595, "wa": 0.01162141838820697, "suspens": 2.4919590236939113, "rule": 0.2076927349238932, "state": 0.018241694879790406, "parliamentari": 0.117058014013403, "affair": 0.07385050783256324, "ali": 0.09384264675396371, "muhammad": 0.27287834791909094, "khan": 0.022893303493923378, "under": 0.016198329428205396, "procedur": 0.19535705105565038, "conduct": 0.33865778030622756, "busi": 0.17009718927399792, "nation": 0.06247925663271419, "assembl": 0.002008704394010367, "step": 0.07649696673310422, "sent": 0.1118034041499985, "hour": 0.10483993408209395, "januari": 3.7618145489827817, "these": 0.019735526814467108, "may": 0.013254153368751416, "defer": 2.7326194766104224, "khawaja": 0.886283534586903, "point": 0.03602889595010316, "order": 0.03163237382965889, "khwaja": 2.2400817489528384, "asif": 1.563037513427525, "are": 0.0053631317053829146, "happen": 0.05481137966151531, "view": 0.06571454526995534, "those": 0.049275491860178045, "who": 0.030218334844150655, "ask": 0.06994354912251659, "can": 0.008066366838138097, "fulfil": 0.20292968583533205, "all": 0.006268209464440637, "there": 0.005370341839587141, "will": 0.0111706927608122, "human": 0.21033814337180723, "saturday": 5.819491480645099, "secondli": 0.19530437655637442, "had": 0.018468993437423205, "say": 0.047914639035754256, "our": 0.013706539714399169, "great": 0.03404777357151646, "member": 0.011638349762466808, "current": 0.13477551113574202, "prison": 0.8944379695520676, "written": 0.1866603465047538, "your": 0.03512021806077853, "offic": 0.0611966443501873, "product": 0.23036662927595028, "next": 0.05646290769998822, "week": 0.34170796782186946, "three": 0.028751272991650288, "day": 0.03557450539947198, "come": 0.026508306737502832, "least": 0.09841698709984514, "been": 0.016784199537069333, "past": 0.08302266964929242, "navi": 10.482158189678742, "ordin": 0.9304785542236172, "adjourn": 0.17235985577652924, "again": 0.05016645339301446, "note": 0.26176190184930204, "exercis": 0.5847562245063699, "power": 0.039836836861834625, "confer": 0.43444608134200985, "ruel": 5.36307907706272, "honour": 0.09105679685674439, "pleas": 0.03589663011851132, "call": 0.0342786937896075, "sit": 0.04636062514379203, "monday": 0.6505503727541293, "instead": 0.1332445080298515, "debat": 0.026056073835632625, "friday": 0.7427857295004079, "met": 0.0035770214755437148, "hall": 0.43306867065591476, "parliament": 0.14607506638967535, "islamabad": 0.1658983550563245, "clock": 0.330464876247689, "morn": 0.20156375200732868, "asad": 1.1207251030354435, "qaisar": 2.4236652340989524, "chair": 0.0017869113532948794, "recit": 0.3167511151048154, "holi": 0.15878404607482133, "quran": 0.1816247754292517, "seek": 0.35817445767544936, "refug": 2.0023730567553018, "devil": 2.058462523406345, "allah": 0.36259105354126986, "begin": 0.220302244630996, "name": 0.01892374560533286, "most": 0.06026053309008602, "merci": 0.8401540698747524, "translat": 0.17675795058790786, "everyon": 0.2702056847294921, "live": 0.07625608994041853, "exchang": 0.4092661188331605, "except": 0.208687069799154, "wing": 0.9092856440191618, "paradis": 1.6437166062237079, "crimin": 0.6769874487224034, "what": 0.015518134412749974, "ha": 0.025494838761991365, "taken": 0.016878987423854533, "hell": 1.957131092641967, "were": 0.018383718719745097, "one": 0.008741510331770265, "pray": 1.756672519801572, "did": 0.027144846943376565, "feed": 1.2116642883105742, "poor": 0.3045854060010919, "make": 0.022893303493923378, "truth": 0.9750366314658174, "against": 0.0308204770866506, "also": 0.03316545610648936, "start": 0.04449233875262068, "talk": 0.06595289588483642, "lie": 0.27460129620253027, "even": 0.021428585808309624, "present": 0.015971546345251417, "certainti": 1.4790636966214774, "recommend": 0.517155293468746, "time": 0.026899978482122305, "them": 0.028251329856323105, "done": 0.029440532065462974, "naat": 5.468430367201281, "anthem": 4.338553779493271, "fateha": 3.35316682860812, "prayer": 1.7211184620955833, "god": 0.11630566288073645, "frdyy": 4.669931896502774, "tabl": 0.2385483648588005, "content": 0.37816867420490013, "recis": 6.615842045558088, "aroz": 6.615842045558088, "read": 0.05434001505226932, "two": 0.013480320959899806, "remov": 0.08983534806679931, "prophet": 1.2272048505642952, "cream": 2.7908304171195715, "door": 0.7059491521439177, "soul": 2.823670716962585, "appear": 0.2914830831767771, "off": 0.24166937746455794, "chariti": 1.8353189720921355, "malik": 0.36473238136895036, "amir": 0.6058011128771705, "dogar": 4.224671026692993, "uncl": 2.4388939548007773, "chief": 0.16195461391228286, "whip": 1.4359329100603533, "shaukat": 1.1352031222160968, "former": 0.5095618240215246, "mayor": 2.758627276624937, "multan": 0.7246583449078512, "pass": 0.043093411035553926, "away": 0.14272325198439523, "forgiven": 3.5507301195009373, "rana": 1.0161540855078908, "tanveer": 1.3740950304984456, "hussain": 0.23092874283768786, "tamim": 4.64640139909258, "haider": 0.985825721141496, "die": 0.33544620659789315, "sever": 0.14375338341723665, "qadri": 1.5908656341911744}