{"hous": 0.0044652827258873035, "reassembl": 0.9686299223902812, "aftemoon": 5.36307907706272, "monday": 0.6505503727541293, "march": 1.8084638625768177, "nation": 0.041652837755142794, "assembl": 0.001785515016898104, "pakistan": 0.002008704394010367, "dati": 4.749030585974683, "packer": 1.680689035879063, "quorum": 7.187057354554188, "fulfil": 0.4058593716706641, "after": 0.03163237382965889, "asr": 2.163434614122407, "prayer": 0.34422369241911666, "again": 0.05016645339301446, "oclock": 1.192066050881927, "will": 0.01563896986513708, "merit": 0.6049834513434713, "oppress": 0.6809478499385003, "adjourn": 0.25853978366479385, "due": 0.053633384472871776, "lack": 0.3814313198397165, "meet": 0.039084110753448933, "deputi": 1.481238412172048, "speaker": 0.500357251004248, "chair": 0.003573822706589759, "sinc": 0.07596137567408269, "postpon": 0.6458565301272302, "three": 0.057502545983300575, "tomorrow": 0.274152839462145, "same": 0.04240122723985791, "time": 0.035866637976163074, "give": 0.014385503189616596, "observ": 0.3952518754583488, "regrett": 3.269042278261215, "import": 0.04148965019581785, "stage": 0.1980210313105654, "like": 0.027413079428798337, "legisl": 0.30562078293295, "should": 0.010093166315885319, "aris": 0.31536210806193243, "point": 0.14411558380041264, "order": 0.08435299687909037, "complet": 0.04682824264120715, "sir": 0.04587451654978755, "would": 0.008966659494040768, "read": 0.05434001505226932, "rule": 0.08901117211023994, "say": 0.09582927807150851, "ani": 0.011446651746961689, "dure": 0.16944298603247662, "sit": 0.09272125028758406, "attction": 5.0403056847996695, "drawn": 0.945386575017954, "fact": 0.03728551923066561, "less": 0.15541607878281422, "than": 0.02737417844306307, "oneoff": 6.798163602352043, "total": 0.1370764197310725, "membrship": 6.798163602352043, "present": 0.015971546345251417, "shall": 0.36366143087481956, "sum": 0.9656947867345186, "busi": 0.11339812618266529, "causmbl": 8.407601514786142, "belli": 6.767441987879733, "heard": 0.19693348362316646, "five": 0.09833923150969437, "minut": 0.2096798681641879, "avail": 0.14478457711521395, "even": 0.021428585808309624, "when": 0.021539360082179083, "stop": 0.10533571991277489, "ring": 2.6052721330326016, "arbab": 5.865645838871074, "way": 0.022340994630731272, "wa": 0.014526772985258712, "decid": 0.05906368940004558, "gulf": 3.3627362248547925, "citi": 0.21033814337180723, "discuss": 0.12714388475818925, "outdat": 2.441454775662451, "post": 0.26089246258282445, "out": 0.014385503189616596, "can": 0.008066366838138097, "count": 2.3214424521333266, "arib": 5.574388170729927, "mohammad": 0.21414581717281245, "jahangir": 4.5266609413684655, "khan": 0.057233258734808445, "decis": 0.06810061178019798, "made": 0.012801971583972397, "between": 0.08545044457324046, "opposit": 0.1978191958944905, "govern": 0.012801971583972397, "bench": 0.4437935615546922, "there": 0.016111025518761424, "sichot": 8.407601514786142, "live": 0.07625608994041853, "your": 0.03512021806077853, "weld": 3.1872456897078183, "ye": 0.06348299897309886, "achakzai": 3.2126369606290455, "want": 0.07296677951916163, "someth": 0.08302266964929242, "mahmood": 0.46169191617301036, "support": 0.061908641532276945, "veri": 0.015064927969461411, "task": 0.5069649017681384, "what": 0.04655440323824992, "fast": 0.9054150281832184, "whi": 0.04123121310448916, "bill": 0.11931846957845248, "are": 0.010726263410765829, "be": 0.014385503189616596, "dealt": 0.9345324267539455, "quickli": 0.8911682118705108, "look": 0.05481137966151531, "visit": 0.13171584531178648, "paus": 1.8118210008248314, "ha": 0.008498279587330454, "been": 0.011189466358046221, "now": 0.010995286359023224, "full": 0.11355187468411533, "swing": 2.054972118466577, "right": 0.04422562873466789, "bell": 4.511562771604635, "duorum": 8.407601514786142, "ion": 2.541133457852846, "procedur": 0.09767852552782519, "conduct": 0.16932889015311378, "translat": 0.17675795058790786, "god": 0.8141396401651552, "make": 0.011446651746961689, "susten": 5.610965387812884, "whomev": 9.201878050031647, "disturb": 0.7100261679837998, "whom": 0.4522039974354941, "unbeliev": 2.9480160006419838, "happi": 0.281674712078257, "life": 0.42585404761743995, "world": 0.10256309791598117, "littl": 0.1337545820016348, "benefit": 0.14633336420849496, "hereaft": 4.130960192129984, "they": 0.006492802390707662, "sign": 0.2950737513075056, "reveal": 0.8340702520401927, "lord": 2.064082576579686, "great": 0.03404777357151646, "mislead": 1.661189386212769, "show": 0.07963365648065471, "turn": 0.23741586190650135, "him": 0.027832999281577914, "maulana": 1.2749309024966102, "moinuddin": 5.241408266838871, "lakhvi": 8.372491251358714, "sahib": 0.3369079658510502, "list": 0.172240871032795, "ordin": 0.4652392771118086, "place": 0.01869634367143656, "our": 0.027413079428798337, "desk": 1.6495070103584122, "number": 0.0484666280281809, "highway": 1.1331219560122723, "kashmir": 1.2288065904192387, "includ": 0.06738419383910818, "map": 2.803624991065281, "given": 0.018468993437423205, "shown": 0.3879887203858757, "part": 0.033586093046233514, "india": 0.1826340358715592, "abus": 0.4055766965700332, "peopl": 0.02424816410800389, "kind": 0.17381988747538846, "violat": 0.41668605169481787, "their": 0.015233048550893373, "departur": 1.5159756177338897, "request": 0.019378704666865563, "come": 0.013254153368751416, "item": 0.14788455376462073, "talk": 0.06595289588483642, "muhammad": 0.05457566958381819, "jehangir": 2.061965153957547, "draw": 0.24110119563109045, "atten": 2.737720591805623, "gohar": 1.0317193665711306, "ayub": 0.6574173525283061, "debat": 0.026056073835632625, "sunday": 2.902112143269148, "third": 0.19747710962187662, "met": 0.0035770214755437148, "parliament": 0.14607506638967535, "islamabad": 0.1658983550563245, "clock": 0.330464876247689, "afternoon": 1.180665496292854, "recit": 0.21116741006987694, "holi": 0.15878404607482133, "quran": 0.1816247754292517, "name": 0.01892374560533286, "merci": 0.4200770349373762, "simplifi": 2.4753563273381323, "appreci": 0.4248438127750301, "leav": 0.05386887252294154, "worldli": 6.462903564424628, "vital": 1.2475323071900164, "except": 0.208687069799154, "enjoy": 1.026099620279436, "those": 0.049275491860178045, "who": 0.018131000906490394, "disbeliev": 1.743192494435735, "signific": 1.0273457263596832, "misl": 2.6645983269766607, "believ": 0.19929793903024778, "reassur": 3.370648912372514, "heart": 0.6270567334335815, "remembr": 7.837930290108006, "did": 0.027144846943376565, "righteou": 2.7308477125178614, "bless": 0.5313426324829167, "good": 0.026228046512440355, "man": 0.06977425233822773, "thunder": 2.922804581295488, "nap": 1.9876065866390005, "offici": 0.117058014013403, "report": 0.03937247650986376, "session": 0.0671455018699596, "volum": 0.6501227482019639, "contain": 0.22588105965803504, "no": 0.7883680985593373, "content": 0.37816867420490013, "page": 0.35657930659546483, "publish": 0.3830666431804473, "manag": 0.3819460433054003, "public": 0.028751272991650288, "karachi": 0.06357194237909462, "print": 0.8044688949389596, "corpor": 0.3723226036414763, "press": 0.15541607878281422, "lahor": 0.1874675576342835, "price": 0.1759593348127325}