{"today": 0.15187251500824234, "thank": 0.16160661756882463, "nation": 0.08330567551028559, "assembl": 0.002455083148234893, "wa": 0.029053545970517423, "prorogu": 2.0190401092405135, "pcpp": 5.922694864998142, "na23592400": 7.308989226118033, "pakistan": 0.002455083148234893, "june": 1.7274196601570218, "car": 0.4310061054695664, "will": 0.0111706927608122, "postpon": 2.583426120508921, "speaker": 0.29187506308581135, "think": 0.08556487649861974, "whole": 0.1327771445644978, "hous": 0.010716678542129529, "support": 0.061908641532276945, "resolut": 2.324132146800963, "person": 0.020972693391022187, "want": 0.054725084639371216, "express": 0.6404780420018007, "grief": 10.482158189678742, "right": 0.022112814367333946, "now": 0.02199057271804645, "had": 0.055406980312269614, "known": 0.2539640284008603, "captain": 6.663603280536354, "retd": 7.467361724640076, "sanaullah": 8.960340095591206, "past": 0.16604533929858484, "year": 0.021200613619928955, "deep": 1.0538791843865116, "friendship": 1.4219596971469348, "great": 0.10214332071454939, "educationist": 13.561286711884875, "sportsmen": 4.117142073637752, "patriot": 0.9918245393707495, "there": 0.010740683679174282, "doubt": 0.5119597356327866, "they": 0.03246401195353831, "done": 0.029440532065462974, "veri": 0.07532463984730706, "valuabl": 0.943664910317218, "servic": 0.5371653109297936, "christian": 7.687740514940087, "commun": 1.0958042152293552, "aspect": 0.5355275349192694, "these": 0.009867763407233554, "primarili": 1.1379847651779735, "peopl": 0.012124082054001945, "interest": 0.07529316256702503, "idea": 0.7491840323789503, "stay": 0.3454839320314044, "digniti": 0.7645978792254253, "praiseworthi": 2.7908304171195715, "exampl": 0.2189123903419417, "all": 0.03760925678664383, "our": 0.10965231771519335, "prayer": 1.3768947696764666, "are": 0.008044697558074371, "dedic": 3.1001749044815052, "their": 0.05331566992812681, "salvat": 2.7206261584463234, "can": 0.02419910051441429, "suffer": 0.17835709805023098, "tragedi": 1.1345089187866209, "heartfelt": 4.842299019003411, "sympathi": 2.175473169954346, "them": 0.009417109952107702, "propos": 0.10931088042686077, "proceed": 0.469744819841342, "should": 0.020186332631770637, "samari": 5.768544185170884, "unanim": 0.6673719900229615, "opinion": 0.18962331163541085, "sinc": 0.037980687837041345, "meet": 0.026056073835632625, "make": 0.011446651746961689, "import": 0.020744825097908925, "announc": 0.21006277506495913, "exeri": 3.9887609069895453, "power": 0.039836836861834625, "confer": 0.43444608134200985, "claus": 0.4075874211080716, "articl": 0.21863465113726777, "constitut": 0.05010770212758062, "islam": 0.13095238936428263, "republ": 0.6041664578339753, "herebi": 1.3874108064742179, "proogu": 5.411869241232152, "conclus": 0.5891712427154866, "it": 0.047234444043610185, "sit": 0.04636062514379203, "condol": 11.99394164671774, "also": 0.0414568201331117, "experienc": 2.377383614334166, "parliamentarian": 1.365426150926139, "emin": 3.7389233820369463, "member": 0.04655339904986723, "interrupt": 0.186391420861073, "malik": 0.7294647627379007, "abdul": 0.5135905953589841, "maje": 4.643959833395822, "bad": 0.21281987634278426, "reflect": 0.8002200891463516, "while": 0.06857850904138423, "read": 0.05434001505226932, "demis": 12.748982758831273, "honour": 0.09105679685674439, "discuss": 0.06357194237909462, "leav": 0.05386887252294154, "world": 0.051281548957990586, "one": 0.008741510331770265, "time": 0.017933318988081537, "other": 0.013480320959899806, "onli": 0.0890304104884953, "distinguish": 2.5550060093211306, "sportsman": 8.800536659107344, "iji": 2.7105080282807386, "show": 0.07963365648065471, "wisdom": 0.9581035094032938, "counsel": 2.285108705271757, "work": 0.020289244224425688, "deliber": 0.6889160195876772, "irrepar": 2.935330841114668, "loss": 0.25367638277828164, "countri": 0.0506369622715636, "wish": 0.20648987034338454, "convey": 0.7339133855184131, "bereav": 3.1042966067270674, "famili": 0.8343952500057386, "sir": 0.030583011033191703, "ahmad": 0.18896962393377914, "tariq": 1.6784444938992413, "raheem": 6.198667634769876, "minist": 0.009417109952107702, "parliamentari": 0.117058014013403, "affair": 0.07385050783256324, "share": 0.5877508576307939, "capt": 2.727428905769076, "request": 0.07751481866746225, "minor": 0.8198767755320853, "side": 0.08983534806679931, "viewpoint": 2.543970339188046, "befor": 0.01869634367143656, "georg": 5.2911002640119325, "clenti": 8.407601514786142, "speak": 0.08035890732835123, "shayullah": 8.405817790790353, "sacrific": 1.4502381365032755, "offer": 0.32495909661507794, "live": 0.07625608994041853, "struggl": 0.8622117651743194, "would": 0.026899978482122305, "like": 0.041119619143197506, "pray": 0.585557506600524, "reward": 1.0857518009977871, "soul": 1.4118353584812926, "take": 0.008741510331770265, "minut": 0.10483993408209395, "silenc": 1.582141478530836, "after": 0.010544124609886296, "who": 0.012087333937660262, "expir": 1.4054455603825218, "may": 0.013254153368751416, "clement": 3.76321061564477, "point": 0.05404334392515474, "order": 0.03163237382965889, "ghafoor": 3.2473576704917035, "chaudhri": 0.7284201316241333, "lieuten": 3.4762068498565277, "gener": 0.11533320659192993, "packer": 0.5602296786263543, "three": 0.028751272991650288, "ye": 0.03174149948654943, "occas": 0.22588105965803504, "respect": 0.1633168547538843, "colleagu": 0.9750366314658174, "present": 0.031943092690502835, "parliament": 0.2921501327793507, "which": 0.0069421396258571326, "firmli": 4.501245058401175, "view": 0.06571454526995534, "polit": 0.09964896951512389, "focus": 1.2282935452821087, "complet": 0.04682824264120715, "everi": 0.03335533268983864, "trial": 0.8949839701116323, "earli": 0.8042021750454734, "period": 0.09179038290260261, "were": 0.018383718719745097, "polici": 0.08569354655571891, "highli": 1.1098332322547633, "posit": 0.050811844862929494, "rememb": 0.2233667406913219, "establish": 0.08959123723927184, "good": 0.026228046512440355, "madrassa": 2.067242211058391, "through": 0.03404777357151646, "serv": 0.25195224442014186, "vacuum": 2.6207041334194354, "born": 0.5574979696105613, "form": 0.05481137966151531, "death": 0.4897009284582267, "hardli": 1.1379847651779735, "fulfil": 0.20292968583533205, "equal": 0.27049812514684174, "involv": 0.1404093288539981, "rel": 0.9015593362680209, "appreci": 0.4248438127750301, "give": 0.014385503189616596, "majid": 1.4054455603825218, "formal": 0.7747160093910098, "your": 0.017560109030389265, "permiss": 0.18129552677063493, "front": 0.21392484883090257, "late": 0.36683252041856385, "place": 0.01869634367143656, "record": 0.12790438090851586, "profound": 2.7981297196011834, "sens": 0.3101752161889297, "sorrow": 2.06900743658296, "sad": 0.5249093084971175, "let": 0.04449233875262068, "afternoon": 1.180665496292854, "miraj": 2.4569589621984163, "khalid": 0.8532666910603954, "chair": 0.0017869113532948794, "debat": 0.026056073835632625, "sunday": 2.902112143269148, "met": 0.0035770214755437148, "islamabad": 0.331796710112649, "half": 0.10038888815783441, "five": 0.049169615754847185, "clock": 0.330464876247689, "recit": 0.21116741006987694, "holi": 0.15878404607482133, "quran": 0.1816247754292517, "allah": 0.18129552677063493, "loveth": 7.714454334226198, "each": 0.07097142714899692, "arrog": 2.379322994555445, "boaster": 6.328159973106307, "translat": 0.17675795058790786, "righteous": 3.32619714980168, "between": 0.08545044457324046, "mind": 0.1473672231788459, "joe": 1.1207251030354435, "taklef": 8.407601514786142, "ha": 0.004249139793665227, "been": 0.011189466358046221, "long": 0.043326429794618315, "patienc": 0.9680422056528235, "case": 0.0308204770866506, "god": 0.11630566288073645, "almighti": 0.5362903114627368, "volum": 1.3002454964039278, "iii": 1.16871164820124, "nap": 1.9876065866390005, "hi990": 8.407601514786142, "offici": 0.117058014013403, "report": 0.03937247650986376, "session": 0.0671455018699596, "contain": 0.22588105965803504,