{"consequ": 1.0581346372915623, "motion": 0.5953352768611276, "wa": 0.031958900567569164, "adopt": 0.17869437197459595, "speaker": 0.6671430013389974, "item": 1.1830764301169658, "pervaiz": 11.661960478282964, "rashid": 4.357755841157222, "sahib": 0.44921062113473365, "minist": 0.04708554976053851, "law": 0.1633168547538843, "justic": 0.9238969198624158, "human": 1.0516907168590361, "right": 0.11056407183666973, "move": 0.2964312296911236, "pakistan": 0.003347840656683945, "armi": 3.5245233338301514, "amend": 2.7927976417054325, "bill": 2.3863693915690494, "wish": 0.8259594813735381, "introduc": 1.7848482770702627, "further": 0.6351361842992853, "act": 0.34277418622287564, "stand": 0.05658406146658377, "under": 0.06479331771282158, "rule": 0.47472625125461304, "procedur": 0.39071410211130075, "conduct": 0.6773155606124551, "busi": 0.22679625236533058, "nation": 0.041652837755142794, "assembl": 0.0013391362626735779, "requir": 0.20606593505865115, "said": 0.07478537468574624, "dispens": 6.434182610909388, "order": 0.042176498439545185, "take": 0.03496604132708106, "into": 0.11041425019100182, "consider": 0.7477173779555633, "constitut": 0.4509693191482256, "islam": 0.5238095574571305, "republ": 2.416665831335901, "twenti": 0.3658668032986049, "first": 0.018468993437423205, "twentyfirst": 22.540051170185446, "now": 0.02199057271804645, "put": 0.07457103846133122, "hous": 0.0044652827258873035, "ha": 0.04249139793665227, "been": 0.011189466358046221, "adjourn": 0.17235985577652924, "meet": 0.026056073835632625, "again": 0.05016645339301446, "monday": 1.3011007455082586, "januari": 4.232041367605629, "shagufta": 2.4913994521787077, "jumani": 2.587518584433781, "mna": 2.2592480072731487, "request": 0.11627222800119338, "grant": 1.5819143028396754, "leav": 1.077377450458831, "due": 0.32180030683723065, "person": 0.10486346695511094, "reason": 0.1922220109865499, "sardar": 0.3066654893919198, "muhammad": 0.10915133916763638, "shafqat": 2.1290800906202985, "hayat": 0.7371729925954504, "khan": 0.022893303493923378, "thank": 0.05386887252294154, "mussarat": 3.1346019562223963, "applic": 0.17516135631580662, "rafiqu": 1.9730549959986898, "mahesar": 2.163434614122407, "visit": 0.13171584531178648, "abroad": 0.4187192614769158, "ghulam": 0.2681609929115342, "rabbani": 1.7330401229717172, "khar": 1.5251640437882958, "salman": 1.847986277292901, "baloch": 0.6805070300063013, "khalid": 0.8532666910603954, "javaid": 2.360229335739865, "warraich": 3.3386973125659116, "nationalassembl": 5.36307907706272, "assemblydeb": 7.308989226118033, "saturday": 1.4548728701612748, "met": 0.0035770214755437148, "hall": 0.43306867065591476, "parliament": 0.14607506638967535, "islamabad": 0.1658983550563245, "clock": 0.330464876247689, "morn": 0.20156375200732868, "ayaz": 1.260829335333506, "chair": 0.0017869113532948794, "sadiq": 0.868574458962148, "recit": 0.10558370503493847, "holi": 0.07939202303741066, "quran": 0.09081238771462585, "translat": 0.17675795058790786, "allah": 0.5438865803119048, "promis": 0.30380480180435027, "those": 0.03285032790678536, "who": 0.012087333937660262, "believ": 0.09964896951512389, "good": 0.026228046512440355, "deed": 1.3108801362913827, "will": 0.00893655420864976, "make": 0.011446651746961689, "them": 0.028251329856323105, "caliph": 2.40866495283946, "earth": 2.072224439143732, "just": 0.07179326023702264, "they": 0.02597120956283065, "made": 0.012801971583972397, "peopl": 0.02424816410800389, "befor": 0.01869634367143656, "establish": 0.17918247447854369, "their": 0.030466097101786747, "religion": 0.6818300731981914, "strong": 0.47991646917036496, "basi": 0.09915599440038306, "which": 0.0069421396258571326, "chosen": 1.3653153428463998, "favor": 0.7908257060877705, "chang": 0.08447862719840825, "current": 0.13477551113574202, "state": 0.018241694879790406, "fear": 0.49115865466388337, "peac": 0.2902890531841694, "worship": 1.575647949220288, "associ": 0.3553050152474965, "anyon": 0.41407743555515863, "disbeliev": 1.743192494435735, "after": 0.010544124609886296, "such": 0.016198329428205396, "are": 0.0053631317053829146, "evil": 0.8162444680875921, "prayer": 0.34422369241911666, "give": 0.014385503189616596, "zakat": 1.503854257201545, "obey": 0.9459611225775683, "messeng": 1.104431463549343, "hope": 0.1494381532485242, "merci": 0.4200770349373762, "misunderstood": 1.8009513285879277, "about": 0.019151199262631112, "travel": 0.5956280851641201, "frustrat": 1.4673790456665043, "abod": 6.4292893277918655, "hell": 1.957131092641967, "veri": 0.015064927969461411, "bad": 0.21281987634278426, "wama": 3.5324041915849915, "alina": 3.654011323679778, "balagh": 3.744162420674076, "absenc": 0.23911509765946118}