{"hous": 0.0026791696355323823, "adjourn": 0.17235985577652924, "meet": 0.026056073835632625, "again": 0.0752496800895217, "tuesday": 1.6446408722940349, "march": 1.0850783175460905, "about": 0.057453597787893336, "peopl": 0.07274449232401167, "been": 0.016784199537069333, "martyr": 2.502210756120578, "insid": 0.23996579953977404, "were": 0.06434301551910784, "injur": 2.2745772574142364, "sad": 0.5249093084971175, "say": 0.07985773172625708, "first": 0.07387597374969282, "case": 0.0308204770866506, "abba": 1.011879906184098, "town": 0.7315915827572553, "earlier": 0.20156375200732868, "four": 0.10632514934266289, "five": 0.049169615754847185, "bomb": 2.256565358743046, "there": 0.09666615311256854, "nevertheless": 0.6062101944946571, "secur": 0.32495909661507794, "arrang": 0.19720525968136868, "think": 0.05704325099907983, "failur": 0.7761698502092377, "govern": 0.012801971583972397, "while": 0.06857850904138423, "home": 0.18290195281890856, "minist": 0.018834219904215403, "here": 0.028062488668700897, "chairperson": 15.186432236857632, "prayer": 1.3768947696764666, "should": 0.010093166315885319, "forgiven": 2.367153413000625, "after": 0.021088249219772592, "iqbal": 1.5559041989615767, "muhammad": 0.27287834791909094, "ali": 0.12512352900528495, "khan": 0.057233258734808445, "see": 0.033586093046233514, "when": 0.021539360082179083, "polic": 1.1575778615214432, "could": 0.07179326023702264, "reach": 0.44598315539305006, "three": 0.028751272991650288, "hour": 0.2096798681641879, "despit": 0.4029020042365933, "tragedi": 5.672544593933104, "event": 0.401567336037134, "rang": 2.1914307014179566, "wa": 0.020337482179362196, "are": 0.010726263410765829, "drive": 1.27830396585677, "run": 0.16507564230989175, "media": 0.616078695635411, "such": 0.03239665885641079, "big": 0.12108014110490693, "hundr": 0.15645937569539195, "more": 0.01869634367143656, "than": 0.02737417844306307, "fifti": 0.4631093508539837, "yet": 0.07097142714899692, "did": 0.027144846943376565, "dispos": 0.6365344287207375, "squad": 2.7038190401299422, "also": 0.024874092079867023, "arriv": 0.2150310436339692, "next": 0.05646290769998822, "day": 0.03557450539947198, "chair": 0.003573822706589759, "person": 0.020972693391022187, "matter": 0.028292030733291885, "great": 0.03404777357151646, "regret": 0.4755983624247586, "karachi": 0.3814316542745677, "quetta": 0.6673719900229615, "whether": 0.04262753634741666, "khyber": 0.987621591124308, "pakhtunkhwa": 1.3891997157169425, "all": 0.018804628393321914, "these": 0.019735526814467108, "place": 0.056089031014309676, "happen": 0.05481137966151531, "today": 0.10124834333882823, "whole": 0.04425904818816593, "pakistan": 0.0006695681313367889, "worri": 0.5692581992290265, "would": 0.008966659494040768, "tell": 0.0576442427458194, "prime": 0.12461282204354034, "take": 0.008741510331770265, "action": 0.1157613546273088, "whi": 0.04123121310448916, "time": 0.008966659494040768, "loss": 0.25367638277828164, "life": 0.14195134920581332, "thiev": 1.5585352321526855, "kept": 0.1294272238424055, "rob": 1.6448720078542636, "robberi": 1.726746835995928, "haji": 0.6691133922914976, "roseuddin": 5.463162535619703, "sahib": 0.44921062113473365, "pray": 2.342230026402096, "occas": 0.22588105965803504, "mna": 1.1296240036365743, "malik": 0.5470985720534256, "mahar": 1.7444688187953399, "nisa": 3.6046071876758825, "afridi": 1.6163800520599574, "advoc": 0.7982349768319313, "former": 0.5095618240215246, "ghulam": 0.5363219858230684, "mohammad": 0.10707290858640622, "rabbani": 3.4660802459434343, "khar": 3.0503280875765917, "those": 0.03285032790678536, "who": 0.018131000906490394, "die": 0.6708924131957863, "dahma": 6.0097062419877725, "sy": 0.4772738783138099, "khurshid": 2.998424429298673, "ahmad": 0.3779392478675583, "shah": 0.6205369431181603, "want": 0.054725084639371216, "someth": 0.08302266964929242, "talk": 0.13190579176967285, "ha": 0.021245698968326135, "given": 0.018468993437423205, "speech": 0.1128021557935694, "becaus": 0.020289244224425688, "further": 0.07939202303741066, "can": 0.008066366838138097, "taken": 0.033757974847709066, "nation": 0.020826418877571397, "assembl": 0.000892757508449052, "debat": 0.013028036917816312, "monday": 0.6505503727541293, "met": 0.0035770214755437148, "hall": 0.43306867065591476, "islamabad": 0.1658983550563245, "abdul": 0.07337008505128344, "ghafoor": 1.0824525568305678, "chaudhri": 0.24280671054137778, "recit": 0.10558370503493847, "holi": 0.07939202303741066, "quran": 0.09081238771462585, "translat": 0.17675795058790786, "begin": 0.220302244630996, "name": 0.01892374560533286, "allah": 0.7251821070825397, "which": 0.02776855850342853, "most": 0.03013026654504301, "merci": 0.4200770349373762, "believ": 0.19929793903024778, "repent": 2.575719037502626, "pure": 0.8132202722343262, "certain": 0.23177250607154637, "your": 0.03512021806077853, "lord": 1.3760550510531242, "will": 0.00893655420864976, "remov": 0.08983534806679931, "sin": 0.9924264051728482, "enter": 0.37621618416060837, "into": 0.027603562547750454, "paradis": 1.6437166062237079, "under": 0.016198329428205396, "river": 0.7441938498926635, "flow": 0.8696388550179348, "doe": 0.02416831354942992, "humili": 1.0424213887651306, "prophet": 0.6136024252821476, "him": 0.027832999281577914, "their": 0.015233048550893373, "light": 0.5841612664787474, "front": 0.21392484883090257, "them": 0.04708554976053851, "right": 0.022112814367333946, "they": 0.012985604781415324, "our": 0.06853269857199584, "fulfil": 0.20292968583533205, "forgiv": 1.6640337264567013, "inde": 0.7465451324243135, "capabl": 0.7790838882110872, "everyth": 0.2256013784927382, "jazak": 2.926962591444152, "ye": 0.03174149948654943, "fateha": 1.67658341430406, "thing": 0.033586093046233514, "then": 0.02063724008492627, "ask": 0.06994354912251659, "ani": 0.011446651746961689, "busi": 0.056699063091332644, "leav": 0.10773774504588308, "applic": 0.35032271263161324, "thank": 0.10773774504588308, "request": 0.019378704666865563, "sit": 0.04636062514379203, "member": 0.005819174881233404, "maher": 2.242183660554723, "pass": 0.08618682207110785, "away": 0.28544650396879045, "second": 0.06404767978102627, "lee": 2.8624240703065804, "larg": 0.14840215211986169, "number": 0.0484666280281809, "innoc": 0.8097035642643594, "becom": 0.04030141294452259, "victim": 0.7512643483559601, "terror": 0.8928017542974724, "regard": 0.027144846943376565, "visit": 0.13171584531178648, "colleg": 0.4032359498065694, "veri": 0.015064927969461411, "sorri": 0.21088910757307266, "may": 0.013254153368751416, "allaah": 0.7311278683969866, "secondli": 0.19530437655637442, "tomorrow": 0.1370764197310725}