{"deputi": 2.962476824344096, "speaker": 1.1675002523432454, "hous": 0.01160973508730699, "adjourn": 0.25853978366479385, "meet": 0.05211214767126525, "again": 0.0752496800895217, "thursday": 1.6836164647152574, "februari": 2.423204451508682, "wa": 0.13074095686732842, "particip": 0.7093369559771509, "pray": 2.342230026402096, "allah": 2.538137374788889, "karim": 2.6784052628924173, "should": 0.020186332631770637, "place": 0.13087440570005593, "them": 0.32959884832376957, "merci": 2.5204622096242573, "rais": 0.22829804320598415, "their": 0.26657834964063404, "rank": 3.654910512010336, "give": 0.15824053508578256, "wound": 1.5427537368152826, "bereav": 3.1042966067270674, "famili": 5.84076675004017, "comfort": 1.7488854146611605, "thank": 1.185115195504714, "gave": 0.6948264584244548, "time": 0.09863325443444845, "gess": 5.635012792546362, "are": 0.037541921937680404, "tahir": 0.9362384265990458, "sir": 0.13762354964936266, "begum": 1.092519438372308, "ishrat": 4.544073247408808, "ashraf": 1.6867260792313044, "want": 0.03648338975958081, "speak": 0.40179453664175613, "opportun": 0.6751427674911713, "belong": 0.4166090480052159, "jam": 30.498608766779682, "yusuf": 13.202409314530174, "sahib": 3.1444743479431354, "met": 0.025039150328806003, "muslim": 0.1411800418015894, "leagu": 0.5080770427539454, "platform": 1.5448436017347418, "then": 0.04127448016985254, "were": 0.10111045295859804, "watch": 0.4695127878891907, "silent": 2.1013665448602445, "politician": 3.9418404927966866, "who": 0.06043666968830131, "had": 0.22162792124907846, "polit": 0.6975427866058672, "conscious": 1.6922181284514621, "eye": 0.34108002431614914, "did": 0.21715877554701252, "need": 0.0741078074227809, "tell": 0.0576442427458194, "nawab": 0.7650773805532411, "relationship": 0.704593832306907, "father": 6.488821618573708, "also": 0.10778773234609043, "lot": 0.7390859352445693, "contribut": 0.586359431262585, "countri": 0.1012739245431272, "long": 0.17330571917847326, "balochistan": 13.512557593812037, "work": 0.10144622112212844, "alway": 1.2216049393408097, "saw": 0.9706809128657917, "whenev": 0.5217849251656489, "came": 0.1290472872335218, "spoke": 2.3120019118669184, "prefer": 0.886283534586903, "less": 0.31083215756562843, "more": 0.01869634367143656, "convers": 0.75838519496551, "resolv": 0.38175817063523954, "talk": 0.7254818547332007, "think": 0.17112975299723948, "whatev": 0.10112935468555817, "regret": 0.9511967248495172, "suddenli": 4.271434648584025, "rememb": 1.5635671848392532, "they": 0.16881286215839922, "same": 0.08480245447971582, "corridor": 2.213196123681471, "two": 0.04044096287969942, "three": 0.057502545983300575, "day": 0.16008527429762393, "ago": 0.5310728929190666, "finish": 0.281674712078257, "word": 0.4589818003986253, "smile": 2.121603420277278, "ahead": 0.4455342060324762, "face": 0.41847424963704655, "come": 0.013254153368751416, "out": 0.014385503189616596, "like": 0.08223923828639501, "veri": 0.33142841532815104, "sad": 1.5747279254913524, "honor": 2.492581919630031, "peopl": 0.23035755902603694, "forgiv": 1.6640337264567013, "may": 0.13254153368751415, "high": 0.08132672738937845, "paradis": 11.506016243565956, "nation": 0.06247925663271419, "assembl": 0.002455083148234893, "pakistan": 0.0031246512795716818, "debat": 0.013028036917816312, "tuesday": 0.8223204361470174, "hall": 0.43306867065591476, "parliament": 0.5843002655587014, "islamabad": 0.1658983550563245, "faisal": 1.4577450597853705, "kundi": 2.207092340743453, "chair": 0.0017869113532948794, "farooq": 2.321243865313124, "recit": 0.10558370503493847, "holi": 0.07939202303741066, "quran": 0.09081238771462585, "translat": 0.17675795058790786, "man": 0.767516775720505, "what": 0.15518134412749973, "deceiv": 1.9093193653097091, "matter": 0.05658406146658377, "your": 0.07024043612155706, "lord": 2.7521101021062484, "karma": 2.1141822359396616, "gaster": 7.714454334226198, "one": 0.06993208265416212, "creat": 0.059537286377877044, "fix": 0.15411348644023817, "organ": 0.2357195086583228, "kept": 0.1294272238424055, "power": 0.11951051058550388, "moder": 2.0602123051301326, "ani": 0.03433995524088507, "case": 0.0308204770866506, "wish": 0.6194696110301536, "guy": 1.2222144992057264, "deni": 0.47955591391136615, "punish": 0.6809049497520746, "even": 0.12857151484985774, "though": 0.5275870760293165, "appoint": 0.17755720466002775, "guard": 1.032972499567198, "highest": 1.2189777719127108, "valu": 0.3345103150929882, "know": 0.1196012087540184, "writer": 1.9698498650497416, "inde": 0.7465451324243135, "good": 0.1835963255870825, "deed": 1.3108801362913827, "will": 0.03127793973027416, "bless": 3.1880557948975, "worst": 1.1734243350362945, "charact": 1.0088152393661949, "hell": 1.957131092641967, "enter": 0.37621618416060837, "abl": 0.12714388475818925, "hide": 1.6415959592471245, "anyth": 0.11856441650765959, "command": 0.6717311948335764, "god": 0.3489169886422093, "jazak": 2.926962591444152, "ye": 0.12696599794619773, "naik": 5.724848140613161, "minist": 0.19775930899426172, "law": 0.03266337095077686, "justic": 0.18477938397248317, "parliamentari": 0.234116028026806, "affair": 0.2215515234976897, "fateha": 3.35316682860812, "prayer": 1.7211184620955833, "mir": 1.1456730908292592, "muhammad": 0.21830267833527275, "privat": 0.34024445234501943, "ha": 0.03399311834932182, "pass": 0.12928023310666178, "away": 0.28544650396879045, "would": 0.05379995696424461, "request": 0.038757409333731126, "winner": 4.35030699647124, "perform": 0.4556820421724861, "after": 0.021088249219772592, "transact": 1.31585939969099, "busi": 0.11339812618266529, "which": 0.020826418877571397, "preced": 0.8558892994348324, "whoever": 0.7674783420907794, "express": 0.6404780420018007, "thought": 0.45064355105425064, "about": 0.38302398525262227, "person": 0.12583616034613312, "sure": 0.2864763701089514, "fate": 1.0963831303665148, "normal": 0.4227981250517368, "tradit": 1.263289728696444, "sit": 0.2781637508627522, "member": 0.058191748812334035, "death": 5.87641114149872, "find": 0.09276933550158675, "naek": 4.7700153550597575, "mna": 0.3765413345455248, "shahjahan": 9.8868411792888, "khwani": 3.099333817384938, "reza": 3.209104483520317, "hiraj": 8.307740536357192, "grant": 0.26365238380661254, "patienc": 2.9041266169584707, "follow": 0.12299604600722011, "lost": 1.4841124203153218, "companion": 1.2267703157415872, "elder": 4.020599975871596, "much": 0.17802234422047988, "makhdoom": 1.7779885959417818, "shahabuddin": 3.35316682860812, "bismillah": 0.5980601901327327, "rahman": 0.258577646734373, "rahim": 0.4069167302713945, "when": 0.12923616049307451, "love": 1.1472103461533656, "contemporari": 2.4887076605129965, "counterpart": 2.590490354822939, "view": 0.06571454526995534, "way": 0.11170497315365636, "becaus": 0.040578488448851376, "just": 0.10768989035553395, "late": 1.4673300816742554, "ghulam": 0.5363219858230684, "qadir": 1.9502354137380478, "khan": 0.03433995524088507, "well": 0.10399591070501518, "known": 0.2539640284008603, "mugfor": 5.36307907706272, "truth": 1.462554947198726, "consid": 0.04706213341528235, "domin": 1.3566120677180982, "now": 0.010995286359023224, "him": 0.22266399425262332, "previou": 0.18049328043799692, "cabinet": 0.6215680884276483, "right": 0.04422562873466789, "side": 0.08983534806679931, "use": 0.24104213236034408, "say": 0.07985773172625708, "beauti": 0.9032099556249045, "thing": 0.033586093046233514, "truli": 1.4018124955326405, "patriot": 6.942771775595247, "chief": 2.26736459477196, "himself": 0.35085455680440547, "grammi": 4.248718431426471, "special": 0.0859367076511419, "first": 0.018468993437423205, "read": 0.05434001505226932, "colleg": 0.8064718996131388, "run": 0.08253782115494587, "job": 0.20210990166590687, "great": 0.10214332071454939, "nobil": 2.6905738133799213, "play": 0.19774903348487105, "aspect": 0.5355275349192694, "anyon": 0.20703871777757932, "refus": 0.6361127546685269, "sincer": 5.972866837422768, "tri": 0.19480360945799588, "accommod": 0.7977393138725888,