{"nation": 0.02776855850342853, "assembl": 0.001785515016898104, "pakistan": 0.0015623256397858409, "april": 2.02637785117489, "speaker": 0.08339287516737467, "view": 0.13142909053991067, "circumst": 0.4289477857034121, "state": 0.018241694879790406, "deputi": 0.32916409159378845, "leader": 0.2346178471236552, "hous": 0.008037508906597147, "think": 0.028521625499539915, "expedi": 2.4887076605129965, "adjourn": 0.4308996394413231, "after": 0.03163237382965889, "final": 0.13733240334951877, "talk": 0.06595289588483642, "can": 0.02419910051441429, "proceed": 1.1743620496033549, "work": 0.08115697689770275, "constitutionmak": 18.24975299858575, "stand": 0.028292030733291885, "meet": 0.05211214767126525, "again": 0.05016645339301446, "saturday": 8.729237220967649, "till": 0.4114774251678063, "ten": 0.09497548911117991, "clock": 0.660929752495378, "morn": 0.20156375200732868, "debat": 0.013028036917816312, "wednesday": 0.9476867485450381, "met": 0.0035770214755437148, "chamber": 0.35339661772173614, "islamabad": 0.1658983550563245, "seven": 0.2340260281519899, "even": 0.021428585808309624, "fazal": 0.5932018809816563, "elahi": 1.3051021590114942, "chaudhri": 0.24280671054137778, "chair": 0.0017869113532948794, "recit": 0.10558370503493847, "holi": 0.07939202303741066, "quran": 0.09081238771462585, "constitut": 0.15032310638274185, "islam": 0.13095238936428263, "republ": 0.6041664578339753, "sheikh": 0.3568981333158445, "mohammad": 0.10707290858640622, "rashid": 0.5447194801446528, "presid": 0.44551597140902754, "sir": 0.015291505516595852, "make": 0.011446651746961689, "request": 0.019378704666865563, "reason": 0.07688880439461995, "know": 0.0299003021885046, "ha": 0.008498279587330454, "invit": 0.5787889307607216, "those": 0.01642516395339268, "honour": 0.2731703905702332, "member": 0.017457524643700213, "who": 0.006043666968830131, "disassoci": 9.883731223972832, "themselv": 0.38032595411191145, "though": 0.26379353801465827, "their": 0.007616524275446687, "absenc": 0.23911509765946118, "wa": 0.005810709194103485, "unwarr": 3.2896077023693877, "were": 0.009191859359872549, "which": 0.0069421396258571326, "receiv": 0.06333415852349787, "mandat": 1.057727810047806, "peopl": 0.012124082054001945, "larger": 1.260829335333506, "interest": 0.07529316256702503, "them": 0.018834219904215403, "discuss": 0.19071582713728386, "spite": 1.3488433622674787, "fact": 0.03728551923066561, "four": 0.10632514934266289, "day": 0.07114901079894397, "good": 0.026228046512440355, "peac": 0.2902890531841694, "environ": 0.6893605628268273, "accommo": 3.8537246231856024, "date": 0.09792461879841625, "opposit": 0.09890959794724526, "point": 0.01801444797505158, "committe": 0.0623835881097159, "far": 0.037517188408117845, "possibl": 0.1806474971298163, "therefor": 0.06285876036859717, "stage": 0.1980210313105654, "are": 0.0053631317053829146, "continu": 0.10303296752932557, "may": 0.013254153368751416, "pleas": 0.03589663011851132, "abdul": 0.07337008505128344, "qaiyum": 2.684016412833762, "khan": 0.011446651746961689, "would": 0.017933318988081537, "like": 0.013706539714399169, "mention": 0.07025295028896769, "one": 0.008741510331770265, "thing": 0.033586093046233514, "much": 0.029670390703413315, "anxiou": 1.6970784053337147, "holiday": 4.616524528406463, "ani": 0.011446651746961689, "interrup": 2.5496683603026837, "tion": 0.6902502426008139, "take": 0.008741510331770265, "place": 0.01869634367143656, "becaus": 0.040578488448851376, "whole": 0.04425904818816593, "situat": 0.059537286377877044, "becom": 0.04030141294452259, "clear": 0.08715340082958438, "absolut": 0.28790526182889314, "imper": 1.815927782777485, "countri": 0.016878987423854533, "should": 0.010093166315885319, "insha": 0.5574979696105613, "allah": 0.18129552677063493, "intend": 0.34296503901192055, "finish": 0.281674712078257, "soon": 0.13426491628165702, "mem": 1.6276796073138908, "ber": 1.3661898509913324, "will": 0.00670241565648732, "long": 0.08665285958923663, "instead": 0.1332445080298515, "break": 0.41263199208826556, "then": 0.02063724008492627, "your": 0.017560109030389265, "constitu": 0.25310133963420106, "agre": 0.09694060887891849, "hakim": 1.34798388649476, "ali": 0.03128088225132124, "zardari": 1.2374819713365148, "postpon": 2.583426120508921, "monday": 1.3011007455082586, "give": 0.014385503189616596, "better": 0.07337008505128344, "call": 0.0342786937896075, "sunday": 1.451056071634574, "opinion": 0.18962331163541085}