{"congratul": 11.455115071609544, "first": 0.4247868490607337, "presid": 2.138476662763332, "islam": 1.8333334510999568, "sir": 0.2905386048153212, "can": 0.04839820102882858, "sayand": 5.411869241232152, "say": 0.09582927807150851, "confidencethat": 7.021307153666252, "caus": 0.46874623693967865, "pakistan": 0.008481196330265993, "will": 0.02457552407378684, "secur": 0.32495909661507794, "hand": 0.11198152831916777, "excel": 27.27543127033338, "like": 0.041119619143197506, "make": 0.045786606987846756, "long": 0.043326429794618315, "speech": 0.2256043115871388, "occas": 2.7105727158964203, "associ": 1.421220060989986, "myself": 0.5639410526181571, "feel": 0.586366915049262, "honour": 3.460158280556287, "member": 0.05237257393110063, "who": 0.030218334844150655, "spoken": 0.40190083612360006, "befor": 0.03739268734287312, "these": 0.039471053628934216, "few": 0.303098041400342, "word": 0.07649696673310422, "assur": 0.8744775246258372, "support": 0.12381728306455389, "east": 1.9211086179053967, "bengal": 9.819036675512983, "administr": 0.9982728686876358, "convey": 1.4678267710368262, "good": 0.10491218604976142, "wish": 0.41297974068676907, "provinc": 0.15299393346620843, "which": 0.06942139625857133, "ha": 0.093481075460635, "present": 0.07985773172625708, "khan": 0.24037968668619547, "saheb": 2.4363396749956805, "west": 2.141313097619078, "muslim": 0.705900209007947, "speaker": 0.500357251004248, "great": 0.23833441500061525, "pleasur": 5.4254554039437455, "iskand": 66.0949663323214, "mirza": 16.15794454412611, "becom": 0.08060282588904517, "our": 0.16447847657279002, "republ": 8.458330409675654, "asso": 3.6802136960738023, "ciation": 3.9887609069895453, "him": 0.5009939870684025, "were": 0.036767437439490194, "when": 0.08615744032871633, "noncooper": 4.248718431426471, "movement": 0.6033806335992694, "freedom": 0.6272984268777697, "wa": 0.052296382746931366, "go": 0.04239468036778725, "assist": 0.34674576185182654, "commission": 1.351341585675313, "nowshera": 1.7483075951025056, "may": 0.06627076684375707, "tell": 0.0576442427458194, "due": 0.053633384472871776, "patienc": 0.9680422056528235, "control": 0.12259261933626443, "over": 0.022340994630731272, "emot": 0.985227813799319, "save": 0.35032271263161324, "live": 0.2287682698212556, "thousand": 0.258854447684811, "peopl": 0.06062041027000972, "had": 0.11081396062453923, "made": 0.025603943167944794, "slightest": 2.2961341752834645, "mistak": 0.48425330285598855, "akberpura": 8.407601514786142, "least": 0.09841698709984514, "would": 0.017933318988081537, "been": 0.06713679814827733, "kill": 0.32674509514515704, "then": 0.05159310021231567, "mention": 0.14050590057793538, "anoth": 0.11339812618266529, "show": 0.15926731296130942, "what": 0.0620725376509999, "admi": 2.98265149730474, "nistrat": 4.038153662319122, "later": 0.46234045932071455, "becain": 7.308989226118033, "chief": 0.16195461391228286, "minist": 0.04708554976053851, "frontier": 0.6458565301272302, "georg": 5.2911002640119325, "cunningham": 14.617978452236066, "went": 0.3212869644359318, "leav": 0.10773774504588308, "arthur": 24.70932805993208, "parson": 5.0403056847996695, "becam": 0.812492977918881, "act": 0.2570806396671567, "governor": 1.8656418547545561, "place": 0.03739268734287312, "disput": 0.7209801798415232, "aros": 1.7254929173363343, "brave": 1.5875851501120128, "tribe": 1.494858694292967, "afridi": 4.849140156179872, "be": 0.057542012758466383, "veri": 0.04519478390838423, "strict": 1.152010240532478, "man": 0.6279682710440496, "inclin": 2.276375025303002, "bomb": 1.128282679371523, "majorgener": 52.02755085579799, "polit": 0.09964896951512389, "agent": 0.8739078049375109, "khyber": 0.987621591124308, "came": 0.1290472872335218, "explain": 0.12284492159570805, "situat": 0.059537286377877044, "express": 0.48035853150135055, "inabl": 2.1673256696153733, "interfer": 0.7145757663682549, "becaus": 0.040578488448851376, "knew": 1.011879906184098, "ask": 0.034971774561258294, "suggest": 0.12917325558707207, "could": 0.10768989035553395, "consult": 0.32365581249052155, "telephon": 0.7237375345297133, "come": 0.053016613475005664, "should": 0.020186332631770637, "see": 0.10075827913870054, "done": 0.029440532065462974, "affair": 0.14770101566512647, "settl": 0.527553313814566, "peac": 0.2902890531841694, "person": 0.08389077356408875, "friend": 0.3451590024311477, "inci": 4.264466788394611, "dent": 1.860816104025619, "deputi": 0.16458204579689423, "peshawar": 0.41668605169481787, "dure": 0.16944298603247662, "civil": 0.2620518830025592, "disobedi": 2.5131986805212922, "kept": 0.1294272238424055, "relat": 0.05882697499486884, "inspector": 1.3301034612169114, "gener": 0.11533320659192993, "polic": 0.2893944653803608, "complain": 0.8325298152785822, "against": 0.0308204770866506, "took": 0.1153034077229218, "notic": 0.15347580312279815, "remain": 0.08399307244257102, "throughout": 1.7626905759821692, "own": 0.035202908273139, "ing": 2.757923998880145, "about": 0.057453597787893336, "best": 0.21558460024926693, "got": 0.38523521277341777, "class": 0.3171992181928225, "think": 0.11408650199815966, "must": 0.11765394998973767, "all": 0.0501456757155251, "help": 0.13349951249381128, "task": 2.0278596070725534, "most": 0.12052106618017204, "difficult": 0.23543706267423922, "applaus": 13.403768835994729, "mohamad": 8.405398345470438, "ali": 0.2502470580105699, "special": 0.0859367076511419, "rise": 1.3168936446384962, "endors": 3.3270846569495913, "sentiment": 1.2336431950293492, "elect": 2.2781651819706976, "privileg": 0.2551154390059022, "work": 0.08115697689770275, "close": 0.1258775243747522, "last": 0.14031244334350448, "ten": 0.18995097822235982, "year": 0.08480245447971582, "delhi": 1.4558293503872317, "joint": 0.43893581431990786, "secretari": 0.5360388663460465, "depart": 0.3004317181114137, "ment": 0.6552663514838513, "defenc": 3.7562733333048177, "happen": 0.16443413898454592, "time": 0.07173327595232615, "mancial": 7.308989226118033, "advis": 0.41263199208826556, "war": 0.3697352800765253, "suppli": 0.312612755482368, "ever": 0.48163445145998307, "sinc": 0.11394206351112404, "known": 0.7618920852025809, "variou": 0.4811443861227401, "capac": 1.7377843253680394, "play": 0.19774903348487105, "distinguish": 2.5550060093211306, "role": 0.2681609929115342, "carri": 0.4439452472770715, "out": 0.057542012758466383, "partit": 4.290960519466187, "prepartit": 2.684016412833762, "indian": 1.1337901260734873, "armi": 1.9580685187945286, "reorgan": 2.355512345861726, "inde": 0.7465451324243135, "one": 0.07867359298593238, "crucial": 2.6392805189923707, "thing": 0.2015165582774011, "whole": 0.1327771445644978, "problem": 0.0645236436167609, "countri": 0.1012739245431272, "reason": 0.038444402197309976, "grate": 0.3165864730756116, "manner": 1.097230614254038, "duti": 0.4908538632290655, "correct": 0.10409671591336027, "constitu": 2.0248107170736085, "assembl": 0.0022318937711226297, "march": 2.531849407607545, "mozaffar": 7.686506646636614, "qizilbash": 5.8045399577075605, "hous": 0.008037508906597147, "sorri": 0.42177821514614533, "opposit": 0.09890959794724526, "are": 0.016089395116148743, "such": 0.03239665885641079, "histor": 1.816356448387829, "pass": 0.043093411035553926, "constitut": 0.5511847234033868, "it": 0.047234444043610185, "mere": 1.630470772532694, "fact": 0.18642759615332805, "frame": 1.6609591678189282, "otherwis": 0.1714458531030179, "delay": 0.34927420820518523, "ani": 0.03433995524088507, "longer": 0.4122948944953212, "dread": 3.6284780216746135, "consequ": 0.5290673186457812, "greatest": 1.0443219278231046, "respect": 0.06532674190155371, "regard": 0.05428969388675313, "leader": 0.1173089235618276, "opposi": 2.4388939548007773, "tion": 0.6902502426008139, "today": 0.1265604291735353, "sure": 0.42971455516342705, "join": 0.9764906482510521, "happi": 0.563349424156514, "kamini": 6.352985795863113, "kumar": 5.113240204635841, "dutta": 5.355003463625137, "voic": 0.7144341234382438, "law": 0.06532674190155371,