{"nation": 0.041652837755142794, "assembl": 0.0013391362626735779, "pakistan": 0.0006695681313367889, "debat": 0.026056073835632625, "tuesday": 1.6446408722940349, "march": 1.446771090061454, "met": 0.0035770214755437148, "hall": 0.43306867065591476, "parliament": 0.14607506638967535, "hous": 0.0026791696355323823, "islamabad": 0.1658983550563245, "clock": 0.330464876247689, "even": 0.06428575742492887, "speaker": 0.08339287516737467, "asad": 1.1207251030354435, "qaiser": 1.4238115495280084, "chair": 0.0017869113532948794, "recit": 0.4223348201397539, "holi": 0.15878404607482133, "quran": 0.1816247754292517, "great": 0.03404777357151646, "vale": 5.075397004610939, "god": 0.3489169886422093, "bless": 0.5313426324829167, "attempt": 0.5815575012671779, "joe": 2.241450206070887, "jaw": 2.3578680595541854, "rahman": 0.258577646734373, "farman": 2.464802139659442, "translat": 0.17675795058790786, "logo": 2.805482693906442, "eman": 2.7692468454523973, "ayman": 3.171159551956194, "loua": 8.407601514786142, "messeng": 1.104431463549343, "prophet": 1.2272048505642952, "aur": 3.7071211489937266, "our": 0.013706539714399169, "long": 0.043326429794618315, "time": 0.008966659494040768, "ner": 3.5954171594137256, "neri": 4.013152360113704, "naat": 3.6456202448008534, "anthem": 4.338553779493271, "ha": 0.004249139793665227, "free": 0.1944908171894674, "limit": 0.1580263647859449, "tabl": 0.2385483648588005, "content": 0.37816867420490013, "faiz": 1.9108265246002805, "becam": 1.624985955837762, "their": 0.007616524275446687, "normal": 0.4227981250517368, "two": 0.013480320959899806, "where": 0.02737417844306307, "slave": 2.993701453648415, "all": 0.006268209464440637, "are": 0.0026815658526914573, "mustafa": 1.9514191959566858, "imam": 1.103085568325988, "look": 0.05481137966151531, "glori": 1.6861758139954994, "king": 1.101741482102134, "postpon": 1.2917130602544604, "wednesday": 1.8953734970900762, "action": 0.0578806773136544, "bru": 5.411869241232152, "till": 0.08229548503356125}