{"constitu": 3.7965200945130158, "assembl": 0.004463787542245259, "pakistan": 0.001785515016898104, "jan": 2.235981986669951, "mahmud": 3.1501359416273695, "husain": 5.260346983808773, "east": 2.881662926858095, "bengal": 8.4163171504397, "muslim": 0.5647201672063576, "sir": 0.412870648948088, "there": 0.037592392877109984, "are": 0.024134092674223114, "three": 0.057502545983300575, "minor": 0.40993838776604263, "amend": 0.3103108490783814, "name": 0.03784749121066572, "your": 0.017560109030389265, "permiss": 0.18129552677063493, "shall": 1.0909842926244586, "move": 0.40759294082529496, "them": 0.009417109952107702, "one": 0.08741510331770265, "claus": 4.075874211080716, "motion": 2.976676384305638, "word": 0.8414666340641463, "public": 0.08625381897495087, "interest": 0.2258794877010751, "delet": 1.7812485803636438, "opinion": 0.18962331163541085, "will": 0.03798035538676148, "make": 0.057233258734808445, "more": 0.03739268734287312, "comprehens": 0.9345324267539455, "chairman": 1.9104106286094578, "question": 0.20428664142909878, "wa": 0.02324283677641394, "adopt": 0.44673592993648986, "hamid": 0.5835555039298509, "resolut": 2.656151024915386, "after": 0.03163237382965889, "part": 0.3022748374161016, "follow": 0.0819973640048134, "new": 0.07457103846133122, "insert": 2.9917084290689373, "subsequ": 1.571833032123064, "renumb": 5.904560798856883, "accordingli": 1.11967795462507, "presid": 3.207714994144998, "entitl": 11.95508589688912, "recov": 2.2995517968336863, "actual": 0.6252364671242265, "travel": 10.125677447790043, "expens": 1.2067033424084395, "maximum": 1.9108688419708981, "first": 0.11081396062453923, "class": 1.903195309156935, "railway": 2.8998098420986036, "fare": 6.4763703503761585, "each": 0.28388570859598766, "journey": 11.442561385243165, "addit": 0.3982040823026682, "facil": 1.8361924074922886, "detail": 0.4372435217074431, "onli": 0.05935360699233021, "fill": 0.5091904219745441, "gap": 1.2655649400793403, "other": 0.12132288863909825, "argu": 0.9534604366394644, "ment": 1.9657990544515538, "support": 0.3095432076613847, "beg": 0.5073527655565633, "headquart": 5.419259733749427, "enci": 4.515781216675516, "usual": 2.8147652206793263, "place": 0.29914149874298496, "resid": 3.2613951342821546, "substitut": 4.702364732485539, "believ": 0.09964896951512389, "mean": 0.07529316256702503, "improv": 0.15698143261145142, "draft": 0.9092856440191618, "eney": 7.308989226118033, "duti": 0.4908538632290655, "than": 0.24636760598756763, "karachi": 0.508575539032757, "faciliti": 6.328159973106307, "abov": 0.330173956289579, "pass": 0.08618682207110785, "hous": 0.016968074358371752, "stand": 0.05658406146658377, "adjourn": 0.17235985577652924, "till": 0.1645909700671225, "tomorrow": 0.1370764197310725, "januari": 1.410680455868543, "then": 0.010318620042463134, "eleven": 1.431889383951193, "clock": 0.660929752495378, "thursday": 0.8418082323576287, "ggppk220": 8.407601514786142, "ca5349770": 8.407601514786142, "pay": 0.23455419254047238, "allow": 0.3705390371139045, "prof": 3.0709468268943145, "raj": 11.935419473099591, "kumar": 10.226480409271682, "chakraverti": 18.625779640362403, "thank": 0.05386887252294154, "honour": 1.4569087497079103, "leader": 0.3519267706854828, "correct": 0.10409671591336027, "matter": 0.14146015366645942, "glad": 3.4118658861213547, "leam": 4.623411880867882, "govern": 0.24323746009547553, "desir": 0.9120843672617825, "give": 0.057542012758466383, "ani": 0.057233258734808445, "inferior": 2.0743218866464526, "posit": 0.6605539832180835, "anxiou": 3.3941568106674294, "prestig": 13.68886792244242, "anybodi": 0.6630317054316477, "els": 0.1653716234139118, "would": 0.035866637976163074, "been": 0.050352598611208, "therefor": 0.31429380184298583, "veri": 0.030129855938922822, "found": 0.09276933550158675, "all": 0.03760925678664383, "here": 0.056124977337401794, "regard": 0.027144846943376565, "elabor": 5.00124646553976, "dealt": 0.9345324267539455, "they": 0.019478407172122986, "should": 0.08074533052708255, "given": 0.018468993437423205, "two": 0.053921283839599224, "simpl": 1.0902086351111964, "sentenc": 1.5339953767850172, "like": 0.027413079428798337, "same": 0.08480245447971582, "privileg": 1.020461756023609, "amen": 8.305946931063845, "missibl": 3.9649502582958265, "minist": 0.10358820947318471, "central": 0.7766001175469228, "point": 0.07205779190020632, "suffici": 0.5147759885350253, "instead": 0.1332445080298515, "rule": 0.05934078140682663, "cumbrou": 6.105016421792097, "want": 0.12769186415853284, "into": 0.05520712509550091, "comparison": 1.3540157875924663, "between": 0.25635133371972135, "endors": 1.6635423284747957, "statement": 0.08447862719840825, "highest": 0.6094888859563554, "dignitari": 2.578655897175936, "occupi": 0.5132834509445192, "most": 0.12052106618017204, "dignifi": 7.722516607585841, "realm": 6.664178672656947, "sovereign": 3.737938535540867, "bodi": 0.3706328818268524, "dominion": 2.846919883770615, "head": 0.07939202303741066, "goe": 0.3040657230047938, "without": 0.4114710542483053, "say": 0.047914639035754256, "personag": 4.248718431426471, "further": 0.07939202303741066, "hold": 0.17915763178210917, "balanc": 0.6441551260587806, "differ": 0.03960462973203238, "parti": 0.16090015341861533, "alreadi": 0.05811716779601484, "state": 0.018241694879790406, "protect": 0.25834651117414414, "nonoffici": 2.454358180498359, "against": 0.0616409541733012, "arbi": 4.623411880867882, "trari": 4.64640139909258, "side": 0.17967069613359862, "offici": 0.117058014013403, "minori": 4.456357796204716, "tie": 0.913727628002584, "power": 0.11951051058550388, "major": 0.14770101566512647, "which": 0.06942139625857133, "may": 0.0795249202125085, "exercis": 0.5847562245063699, "some": 0.15000010065816738, "time": 0.017933318988081537, "improp": 2.464802139659442, "way": 0.06702298389219381, "analog": 2.7656944438480293, "speaker": 0.16678575033474935, "common": 1.2611969722900431, "might": 0.6123665857839705, "mention": 0.14050590057793538, "known": 0.2539640284008603, "eagland": 8.407601514786142, "call": 0.068557387579215, "becaus": 0.040578488448851376, "speak": 0.2410767219850537, "behalf": 1.0870013945350192, "particular": 0.21226784762327308, "section": 0.2045712730712839, "member": 0.029095874406167017, "whole": 0.04425904818816593, "august": 0.4941665346172759, "liaquat": 6.012635109520025, "ali": 0.18768529350792743, "khan": 0.19459307969834871, "seldom": 6.497092431143228, "whi": 0.04123121310448916, "far": 0.07503437681623569, "next": 0.11292581539997644, "lord": 0.6880275255265621, "council": 0.3261264746490908, "proper": 0.5931473531849268, "also": 0.01658272805324468, "know": 0.0897009065655138, "meet": 0.013028036917816312, "our": 0.06853269857199584, "concern": 0.04636062514379203, "certain": 0.23177250607154637, "viz": 1.703187159822036, "saloon": 38.43253323318307, "whenev": 0.5217849251656489, "occas": 0.4517621193160701, "aris": 0.31536210806193243, "special": 0.3437468306045676, "plane": 4.036229647498761, "unfortun": 0.2331803621396466, "find": 0.09276933550158675, "those": 0.01642516395339268, "inov": 4.852253453296729, "sardar": 1.0733292128717193, "bahadur": 11.236447260232826, "mind": 0.1473672231788459, "whether": 0.04262753634741666, "necessari": 0.2675091640032696, "abl": 0.06357194237909462, "let": 0.04449233875262068, "wrangl": 4.623411880867882, "about": 0.019151199262631112, "sometim": 0.3388853220713611, "reason": 0.038444402197309976, "go": 0.04239468036778725, "ha": 0.04249139793665227, "stay": 0.6909678640628087, "too": 0.07529316256702503, "dispos": 0.6365344287207375, "order": 0.03163237382965889, "day": 0.16008527429762393, "friend": 0.23010600162076517, "inde": 0.7465451324243135, "everi": 0.03335533268983864, "guard": 1.032972499567198, "jealous": 4.515781216675516, "think": 0.028521625499539915, "propos": 0.10931088042686077, "put": 0.03728551923066561, "befor": 0.03739268734287312, "right": 0.06633844310200183, "direct": 0.21017559254397197, "less": 0.46624823634844265,