{"nation": 0.11107423401371412, "assembl": 0.0031246512795716818, "pakistan": 0.001785515016898104, "debat": 0.09119625842471418, "friday": 0.7427857295004079, "novemb": 4.160899730853088, "met": 0.0035770214755437148, "hall": 0.43306867065591476, "parliament": 0.14607506638967535, "hous": 0.019647243993904134, "islamabad": 0.1658983550563245, "honour": 0.09105679685674439, "deputi": 3.1270588701409903, "speaker": 1.000714502008496, "muhammad": 0.32745401750290914, "qasim": 1.087736584977173, "khan": 0.022893303493923378, "suri": 2.267716962559888, "chair": 0.003573822706589759, "recit": 0.6335022302096308, "holi": 0.15878404607482133, "quran": 0.1816247754292517, "partner": 2.2899458276238036, "him": 0.08349899784473375, "therefor": 0.06285876036859717, "command": 0.6717311948335764, "first": 0.055406980312269614, "muslim": 0.1411800418015894, "otherwis": 0.1714458531030179, "surat": 2.2255166080695115, "anam": 3.875002021632887, "vers": 1.260829335333506, "translat": 0.3535159011758157, "atmospher": 0.8595725448511288, "god": 0.5815283144036822, "presenc": 0.709572344513338, "nikki": 4.7700153550597575, "note": 0.26176190184930204, "prophet": 1.2272048505642952, "may": 0.013254153368751416, "prayer": 0.34422369241911666, "upon": 0.5624026729028505, "abraham": 3.7071211489937266, "peac": 0.5805781063683388, "mari": 1.817300466589457, "namaz": 3.473127581655451, "mir": 0.2864182727073148, "hadith": 3.1149506972812846, "naat": 3.6456202448008534, "anthem": 4.338553779493271, "motion": 0.35720116611667657, "suspens": 2.4919590236939113, "rule": 0.29670390703413313, "panel": 4.336074151559808, "chairperson": 3.374762719301696, "point": 0.0900722398752579, "order": 0.06326474765931778, "out": 0.028771006379233192, "lack": 0.762862639679433, "quorum": 5.133612396110134, "red": 0.9656947867345186, "great": 0.06809554714303293, "frdyay": 3.3016560408855624, "tabl": 0.2385483648588005, "content": 0.37816867420490013, "proceed": 0.939489639682684, "meet": 0.07816822150689787, "were": 0.036767437439490194, "suspend": 1.166311167817048, "until": 0.8171899519634421, "rum": 2.6176413438888897, "complet": 0.14048472792362143, "resum": 1.7044391410917399, "minut": 0.10483993408209395, "count": 2.901803065166658, "fulfil": 0.20292968583533205, "are": 0.06703914631728643, "postpon": 1.2917130602544604, "monday": 1.3011007455082586, "action": 0.1736420319409632, "bro": 2.7908304171195715, "even": 0.021428585808309624, "till": 0.08229548503356125, "there": 0.03222205103752285, "should": 0.040372665263541274, "also": 0.07462227623960106, "brief": 1.884332953438009, "what": 0.2638082850167496, "they": 0.14284165259556858, "do": 0.07025295028896769, "public": 0.11500509196660115, "treatment": 0.5811583793301294, "inflat": 8.906242901818219, "here": 0.16837493201220538, "one": 0.03496604132708106, "day": 0.08893626349867996, "give": 0.028771006379233192, "relief": 2.2991759930451123, "packag": 3.225696926571242, "drop": 1.4128026678573935, "bomb": 2.256565358743046, "other": 0.013480320959899806, "come": 0.13254153368751415, "outsid": 0.15985762756062677, "peopl": 0.2909779692960467, "say": 0.07985773172625708, "gasolin": 9.062256436795147, "ha": 0.0764845162859741, "where": 0.21899342754450457, "sugar": 3.9565897660287916, "gone": 0.09571195655578432, "call": 0.10283608136882251, "thief": 1.6288166171009661, "tell": 0.1729327282374582, "robber": 3.525021090560998, "some": 0.0857143432332385, "join": 0.48824532412552607, "them": 0.04708554976053851, "rest": 0.11255237435103191, "their": 0.04569914565268012, "stick": 1.0386311125913497, "left": 0.11305199964246423, "side": 0.17967069613359862, "use": 0.15065133272521505, "sell": 0.5279316001818539, "petrol": 2.5921787965799727, "wa": 0.020337482179362196, "sold": 0.6505503727541293, "electr": 1.1817821158603745, "rate": 0.7644823861262071, "flour": 1.534437680573625, "happen": 0.548113796615153, "khawaja": 3.545134138347612, "asif": 3.12607502685505, "arriv": 0.2150310436339692, "your": 0.052680327091167795, "will": 0.03574621683459904, "discuss": 0.12714388475818925, "again": 0.02508322669650723, "go": 0.04239468036778725, "today": 0.1265604291735353, "thank": 0.16160661756882463, "veri": 0.015064927969461411, "much": 0.08901117211023994, "sir": 0.21408107723234193, "mani": 0.14375636495825145, "akram": 2.1941027125034407, "cheema": 1.977641264070698, "bismillah": 1.1961203802654654, "rahman": 0.775732940203119, "rahim": 1.2207501908141836, "sit": 0.18544250057516812, "want": 0.018241694879790406, "talk": 0.19785868765450926, "about": 0.019151199262631112, "been": 0.06713679814827733, "rana": 1.0161540855078908, "tanveer": 2.7481900609968912, "hussain": 0.4618574856753757, "request": 0.019378704666865563, "time": 0.017933318988081537, "bench": 0.4437935615546922, "all": 0.031341047322203185, "milk": 2.6839763023768515, "wash": 3.808585442225387, "too": 0.15058632513405007, "long": 0.08665285958923663, "law": 0.06532674190155371, "against": 0.0308204770866506, "natur": 0.17409837455214916, "last": 0.056124977337401794, "present": 0.07985773172625708, "current": 0.26955102227148403, "govern": 0.06400985791986198, "put": 0.03728551923066561, "danger": 0.49298380574546397, "yesterday": 0.6559039534118033, "fire": 0.5803606130333316, "those": 0.06570065581357072, "who": 0.08461133756362184, "stream": 1.5159756177338897, "had": 0.018468993437423205, "diamond": 2.943769709760533, "whose": 0.10508779627198599, "caus": 0.09374924738793573, "made": 0.05120788633588959, "nois": 0.998465070866015, "make": 0.045786606987846756, "secret": 4.704010198837706, "agreement": 1.227333086857648, "whi": 0.1236936393134675, "play": 0.19774903348487105, "protest": 0.8531035102403722, "ruler": 3.122176391068838, "dear": 0.674641242784487, "interest": 0.07529316256702503, "live": 0.2287682698212556, "opposit": 0.09890959794724526, "free": 0.1944908171894674, "inquiri": 1.388527251828545, "report": 0.11811742952959128, "chines": 1.2695284807417957, "contract": 0.8449151671750459, "did": 0.10857938777350626, "speech": 0.2256043115871388, "thumb": 2.7692468454523973, "protect": 0.25834651117414414, "right": 0.04422562873466789, "that": 0.5162707571242545, "how": 0.18526951855695226, "take": 0.08741510331770265, "step": 0.15299393346620843, "realiz": 0.46240038237338366, "it": 0.015744814681203395, "exist": 0.4227692144407422, "these": 0.039471053628934216, "upset": 0.8728388577486057, "silenc": 1.582141478530836, "becaus": 0.020289244224425688, "parti": 0.10726676894574355, "compuls": 1.0957153507089783, "respons": 0.24459722975080658, "wherev": 0.4897009284582267, "vote": 2.935760724293864, "etern": 2.572790777723538, "sens": 0.6203504323778594, "amiri": 3.26010703797269, "major": 0.14770101566512647, "issu": 0.035202908273139, "secur": 0.4874386449226169, "import": 0.04148965019581785, "problem": 0.1290472872335218, "must": 0.11765394998973767, "sure": 0.1432381850544757, "listen": 0.16695265141123064, "well": 0.025998977676253796, "amjad": 1.4081790472781823, "ali": 0.03128088225132124, "manza": 3.6035804700528864, "hassan": 0.650978180247285, "sajda": 3.1926657571771573, "begum": 0.546259719186154, "sardar": 0.1533327446959599, "ayaz": 1.260829335333506, "sadiq": 0.868574458962148, "sy": 0.11931846957845248, "ghulam": 0.2681609929115342, "mustafa": 0.9757095979783429, "shah": 0.12410738862363206, "engin": 0.38831772186934993, "sabir": 1.4090918725355417, "establish": 0.08959123723927184, "absenc": 0.23911509765946118, "presid": 0.0891031942818055, "over": 0.11170497315365636, "member": 0.023276699524933615, "which": 0.020826418877571397, "name": 0.05677123681599858, "among": 0.3147504872477591, "ye": 0.03174149948654943, "asb": 3.571319607834665, "pakistani": 0.12486563458438887, "dark": 2.0299079881290396, "night": 2.36157912004011, "befor": 0.01869634367143656, "gave": 0.11580440973740913, "understand": 0.059537286377877044, "billion": 1.5533032901755435, "distribut": 0.35212637302886846, "million": 0.35343279481349665,