{"point": 0.10808668785030948, "order": 0.06326474765931778, "proceed": 0.939489639682684, "resum": 0.8522195705458699, "deputi": 1.6458204579689424, "speaker": 0.4169643758368734, "chair": 0.003573822706589759, "bell": 3.00770851440309, "rung": 2.7944734083980727, "five": 0.09833923150969437, "minut": 0.2096798681641879, "attent": 0.07385050783256324, "hous": 0.009823621996952067, "adjourn": 0.17235985577652924, "meet": 0.039084110753448933, "again": 0.05016645339301446, "monday": 1.3011007455082586, "may": 0.053016613475005664, "hr": 3.1872456897078183, "puppi53605na06032006450": 8.407601514786142, "count": 2.3214424521333266, "stage": 0.3960420626211308, "quorum": 7.187057354554188, "requir": 0.051516483764662786, "pleas": 0.03589663011851132, "ha": 0.008498279587330454, "been": 0.011189466358046221, "felt": 0.7118435242313819, "past": 0.08302266964929242, "sever": 0.14375338341723665, "day": 0.03557450539947198, "action": 0.0578806773136544, "be": 0.014385503189616596, "allow": 0.03705390371139045, "run": 0.16507564230989175, "smoothli": 2.6424104120012983, "repeat": 0.22169403330381846, "proof": 0.9482626195658476, "some": 0.021428585808309624, "respect": 0.03266337095077686, "member": 0.005819174881233404, "are": 0.013407829263457287, "deliber": 0.6889160195876772, "harass": 1.205685197254516, "view": 0.06571454526995534, "current": 0.13477551113574202, "situat": 0.059537286377877044, "own": 0.035202908273139, "suggest": 0.12917325558707207, "conven": 1.3566120677180982, "advisori": 1.0844307968426736, "committe": 0.0623835881097159, "decid": 0.05906368940004558, "how": 0.03705390371139045, "made": 0.012801971583972397, "suspend": 1.166311167817048, "till": 0.1645909700671225, "complet": 0.0936564852824143, "were": 0.009191859359872549, "nation": 0.02776855850342853, "assembl": 0.0011159468855613149, "pakistan": 0.0006695681313367889, "more": 0.01869634367143656, "dear": 0.3373206213922435, "than": 0.02737417844306307, "messeng": 1.104431463549343, "allah": 0.7251821070825397, "peac": 0.2902890531841694, "bless": 0.5313426324829167, "allaah": 0.7311278683969866, "upon": 0.1874675576342835, "him": 0.027832999281577914, "way": 0.022340994630731272, "then": 0.010318620042463134, "stay": 0.3454839320314044, "until": 0.20429748799086053, "will": 0.00223413855216244, "send": 0.19503311655199854, "command": 0.6717311948335764, "disobey": 2.3508175015575183, "doe": 0.02416831354942992, "give": 0.014385503189616596, "guidanc": 0.9153984721674016, "peopl": 0.036372246162005836, "jazakullah": 2.444022171167697, "hafiz": 5.745946820954183, "hussain": 0.9237149713507514, "ahm": 0.38481294539800903, "sir": 0.015291505516595852, "sahib": 0.11230265528368341, "after": 0.010544124609886296, "leav": 0.05386887252294154, "applic": 0.17516135631580662, "open": 0.07385050783256324, "mic": 1.0923831250331686, "reg": 1.205685197254516, "lack": 0.3814313198397165, "thank": 0.05386887252294154, "packer": 0.5602296786263543, "agharsh": 4.9110939533196625, "wa": 0.0029053545970517424, "ten": 0.18995097822235982, "oclock": 1.192066050881927, "today": 0.02531208583470706, "time": 0.008966659494040768, "understand": 0.059537286377877044, "who": 0.006043666968830131, "come": 0.013254153368751416, "first": 0.018468993437423205, "ye": 0.03174149948654943, "even": 0.021428585808309624, "now": 0.010995286359023224, "there": 0.005370341839587141, "do": 0.07025295028896769, "out": 0.014385503189616596, "gone": 0.09571195655578432, "sardar": 0.1533327446959599, "muhammad": 0.05457566958381819, "yaqoob": 2.311776952353918, "name": 0.01892374560533286, "god": 0.11630566288073645, "most": 0.06026053309008602, "graciou": 1.1734243350362945, "merci": 0.4200770349373762, "debat": 0.013028036917816312, "frdyay": 3.3016560408855624, "met": 0.0035770214755437148, "hall": 0.43306867065591476, "parliament": 0.14607506638967535, "islamabad": 0.1658983550563245, "recit": 0.10558370503493847, "holi": 0.07939202303741066, "quran": 0.09081238771462585, "guid": 0.7522108699599909, "sur\u06c3": 3.698071313473809, "top": 0.37784299434532065, "immor": 2.3963343403819812, "translat": 0.17675795058790786, "ayman": 6.342319103912388, "wow": 2.587518584433781, "go": 0.04239468036778725, "what": 0.015518134412749974, "bon": 3.9649502582958265, "age": 0.43928201477342615, "exchang": 0.4092661188331605, "disbelief": 2.5698710676202032, "bond": 1.5220918447513256, "same": 0.021200613619928955, "dosi": 6.615842045558088, "ruhuh": 8.407601514786142, "joho": 6.46169136573083, "dusti": 4.669931896502774, "rakhi": 4.694029448081835}