{"motion": 2.6194752181889616, "amend": 4.654662736175721, "rule": 1.8098938329082122, "minist": 0.40493572794063115, "concern": 0.6954093771568804, "shall": 10.000689349057538, "exofficio": 33.30474577370252, "member": 0.23276699524933614, "chair": 0.007147645413179518, "man": 0.13954850467645546, "committe": 3.3687137579246587, "provid": 0.2893944513808367, "case": 0.2157433396065542, "ministri": 1.9355370282952724, "which": 0.10413209438785699, "charg": 0.5875413522328367, "prime": 0.373838466130621, "ha": 0.0764845162859741, "been": 0.06713679814827733, "appoint": 0.5326716139800832, "state": 0.18241694879790407, "ani": 0.24037968668619547, "it": 0.12595851744962716, "chairman": 4.6698926477120075, "where": 0.08212253532918921, "there": 0.0644441020750457, "also": 0.058039548186356385, "whom": 0.4522039974354941, "subject": 2.4096522332694885, "matter": 0.28292030733291884, "refer": 1.6062418034371226, "assign": 16.841709033263093, "act": 0.9426290121129081, "absenc": 1.4346905859567671, "such": 0.048594988284616183, "law": 0.48995056426165284, "parlia": 3.698807423947749, "mentari": 3.4762068498565277, "affair": 0.7385050783256324, "present": 0.23957319517877126, "sit": 0.2781637508627522, "choos": 3.8014454150549537, "one": 0.03496604132708106, "entitl": 2.109721040627492, "vote": 1.7614564345763186, "unless": 1.0573528152730445, "assembl": 0.011605847609837676, "memberincharg": 9.997283098656949, "other": 0.08088192575939884, "than": 0.16424507065837843, "whose": 0.42035118508794395, "wa": 0.02324283677641394, "stand": 0.5941326453991296, "com": 4.906560015620914, "mitte": 10.717175178132049, "may": 0.11928738031876274, "attend": 1.962327293769869, "meet": 0.13028036917816313, "secretari": 0.8040582995190697, "divis": 2.1171612347134667, "offic": 0.1835899330505619, "nomi": 9.627313450560951, "nate": 5.145581555447076, "him": 0.08349899784473375, "behalf": 1.0870013945350192, "nomine": 3.9525408657053287, "omit": 6.988105459785828, "adopt": 0.26804155796189394, "speaker": 1.1675002523432454, "hous": 0.006251395816242225, "adjourn": 0.17235985577652924, "tomorrow": 0.1370764197310725, "five": 0.09833923150969437, "clock": 0.660929752495378, "after": 0.010544124609886296, "noon": 1.4201112677851524, "tuesday": 0.8223204361470174, "june": 3.4548393203140435, "leav": 0.70029534279824, "move": 0.4817007482480759, "ye": 0.22219049640584604, "got": 0.12841173759113925, "masud": 34.392151716077564, "beg": 1.268381913891408, "under": 0.16198329428205396, "subrul": 6.051725901410646, "procedur": 1.1721423063339023, "conduct": 1.523960011378024, "busi": 0.6803887570959917, "nation": 0.16661135102057117, "propos": 0.3279326412805823, "taken": 0.033757974847709066, "into": 0.05520712509550091, "consider": 0.37385868897778163, "say": 0.015971546345251417, "anyth": 0.11856441650765959, "are": 0.008044697558074371, "awar": 0.21088910757307266, "exist": 0.9864615003617319, "relat": 0.17648092498460652, "budget": 4.937537764143171, "read": 0.05434001505226932, "two": 0.04044096287969942, "part": 0.16793046523116756, "name": 0.1892374560533286, "gener": 0.07688880439461995, "railway": 2.319847873678883, "each": 0.7097142714899691, "dealt": 4.672662133769728, "were": 0.009191859359872549, "financ": 0.7294647627379007, "hereaft": 8.261920384259968, "chapter": 7.740454208537477, "either": 0.23543706267423922, "be": 0.028771006379233192, "ministerincharg": 7.7040975420388484, "sinc": 0.037980687837041345, "now": 0.010995286359023224, "go": 0.0847893607355745, "onli": 0.029676803496165104, "gen": 2.081452041631044, "ral": 3.283637535382884, "merg": 2.035989667554287, "nanc": 2.483345717371611, "essenti": 0.5447194801446528, "confor": 5.229547684438198, "similarli": 0.35212637302886846, "composit": 10.654642913259279, "need": 0.03705390371139045, "aros": 1.7254929173363343, "pakistan": 0.002901461902459419, "account": 0.2624136198456723, "fact": 0.03728551923066561, "chang": 0.42239313599204126, "variou": 0.16038146204091336, "way": 0.022340994630731272, "nomenclatur": 20.87856048113318, "had": 0.018468993437423205, "made": 0.012801971583972397, "flexibl": 2.5468152913202773, "entrust": 1.081135900945821, "work": 0.040578488448851376, "anoth": 0.056699063091332644, "should": 0.010093166315885319, "difficulti": 0.30865476584280316, "becaus": 0.020289244224425688, "deal": 0.5729527402179028, "alreadi": 0.05811716779601484, "these": 0.009867763407233554, "becom": 0.04030141294452259, "redund": 2.2961341752834645, "what": 0.04655440323824992, "want": 0.018241694879790406, "explain": 0.12284492159570805, "sir": 0.061166022066383406, "question": 0.06809554714303293, "follow": 0.696977594040914, "substitut": 9.404729464971078, "addit": 0.3982040823026682, "ing": 4.596539998133576, "mention": 0.21075885086690307, "section": 0.6137138192138517, "govern": 0.07681182950383439, "explan": 1.4680104860726075, "purpos": 0.2621907516217926, "cabinet": 0.6215680884276483, "secr": 7.017527779626098, "tariat": 11.437444993954658, "deem": 4.07504002059092, "alloc": 1.2531064195296109, "transact": 3.9475781990729697, "constitut": 0.20043080851032247, "parliamentari": 0.936464112107224, "whenev": 0.7826773877484734, "mini": 4.096933471175039, "tri": 0.19480360945799588, "their": 0.06093219420357349, "consult": 0.9709674374715647, "issu": 0.10560872481941701, "suitabl": 2.602533583922454, "direct": 0.31526338881595795, "regard": 0.08143454083012969, "realloc": 12.230604523499437, "modif": 3.567072573972499, "elect": 0.8040582995190697, "new": 0.11185655769199682, "consist": 3.7437655113893387, "more": 0.056089031014309676, "eight": 0.7696697073033587, "who": 0.018131000906490394, "consti": 1.8423365447507818, "tute": 2.671029217306951, "mem": 1.6276796073138908, "ber": 1.3661898509913324, "nomina": 4.2804671297410515, "ted": 1.8796435971635925, "nee": 4.7700153550597575, "con": 1.7138805433616149, "duct": 2.7656944438480293, "grant": 0.26365238380661254, "represent": 6.358163875030296, "peopl": 0.09699265643201556, "third": 0.9873855481093831, "bill": 1.1931846957845247, "further": 0.238176069112232, "select": 1.4802333186697858, "abdul": 0.7337008505128344, "aziz": 1.9942966780661826, "bhatti": 3.2971761517408575, "mian": 0.7423403103357875, "ihsanulhaq": 12.039457080341112, "ahmad": 0.2834544359006687, "wahe": 5.225753391011203, "akhtar": 2.218523417111212, "mir": 1.1456730908292592, "amanullah": 6.948874898125334, "khan": 0.14880647271050196, "gichki": 13.093650740854779, "tahir": 2.8087152797971373, "mohammad": 0.963656177277656, "sardar": 0.45999823408787965, "begum": 2.185038876744616, "kalsum": 15.448514930293982, "saifullah": 5.571148654042394, "haneef": 6.05712032772154, "hafeez": 4.990626985424387, "pirzada": 3.0319587364953873, "fatah": 13.870235642603646, "memon": 4.603313041720876, "four": 0.15948772401399433, "will": 0.00893655420864976, "form": 0.16443413898454592, "quorum": 3.0801674376660806, "ordin": 6.048110602453512, "laid": 1.4135864708869446, "befor": 0.0934817183571828, "item": 0.4436536612938622, "lay": 0.46666175245835156, "requir": 0.15454945129398837, "claus": 0.8151748422161432, "articl": 0.43726930227453553, "islam": 0.26190477872856527, "republ": 1.2083329156679505, "letter": 0.7865315549734389, "patent": 5.475441183611246, "code": 2.8396080012955798, "crimin": 1.3539748974448067, "suspens": 3.737938535540867, "power": 0.1593473474473385, "civil": 0.5241037660051184, "court": 0.258854447684811, "xxi": 7.290855159976774, "legal": 0.5645328561437063, "tender": 2.0975412328875787, "inscrib": 9.339863793005549, "note": 0.5235238036986041, "xxii": 7.396142626947618, "defenc": 1.252091111101606, "xxiii": 7.325338772845786, "rice": 1.9537888644803494, "mill": 0.9925549916455806, "control": 0.24518523867252887, "develop": 0.15251217988083707, "dinanc": 9.29280279818516, "xxiv": 8.346990020377767, "suspen": 4.557453913076085, "sion": 1.3059255431666994, "ness": 4.802496710368821, "withdraw": 1.1228024967182457, "respect": 0.06532674190155371,