{"sirdar": 15.85446247200779, "shaukat": 6.811218733296581, "hayat": 0.7371729925954504, "khan": 0.13735982096354027, "can": 0.09679640205765716, "introduc": 0.8924241385351314, "today": 0.22780877251236353, "speaker": 2.3766969422701782, "go": 0.169578721471149, "accept": 0.10806694445354559, "all": 0.031341047322203185, "your": 0.15804098127350338, "object": 1.0236468529355096, "pirzada": 3.0319587364953873, "present": 0.23957319517877126, "report": 0.6299596241578201, "univers": 2.5041799743946798, "islamabad": 1.1612884853942715, "amend": 0.7757771226959536, "bill": 4.0568279656673845, "abdul": 0.4402205103077006, "hafeez": 3.3270846569495913, "sir": 0.412870648948088, "beg": 1.7757346794479716, "and": 4.364550246951593, "committe": 0.7486030573165908, "stand": 0.28292030733291884, "tend": 2.1614947493045804, "act": 0.08569354655571891, "mendment": 4.9110939533196625, "hous": 0.010716678542129529, "sinc": 0.07596137567408269, "there": 0.04296273471669713, "other": 0.06740160479949903, "busi": 0.11339812618266529, "pend": 0.5095618240215246, "adjourn": 1.3788788462122339, "meet": 0.06514018458908157, "monday": 1.3011007455082586, "august": 1.9766661384691036, "assembl": 0.004910166296469786, "five": 0.049169615754847185, "clock": 0.660929752495378, "ofternoon": 8.407601514786142, "alway": 0.22210998897105633, "keep": 0.04799824394467654, "give": 0.04315650956884979, "take": 0.061190572322391855, "ever": 0.24081722572999154, "do": 0.07025295028896769, "compromis": 2.5406461550515145, "ye": 0.2856734953789449, "sometim": 0.3388853220713611, "never": 0.1327346941008894, "rigid": 2.9738795112319036, "polici": 0.08569354655571891, "like": 0.041119619143197506, "follow": 0.0819973640048134, "what": 0.07759067206374987, "ha": 0.02974397855565659, "happen": 0.05481137966151531, "when": 0.08615744032871633, "hour": 0.9435594067388455, "late": 2.567827642929947, "everi": 0.06671066537967728, "day": 0.4446813174933998, "come": 0.013254153368751416, "one": 0.10489812398124318, "here": 0.11224995467480359, "taken": 0.0506369622715636, "point": 0.2882311676008253, "rest": 0.11255237435103191, "arer": 4.824082576330033, "poua": 8.407601514786142, "order": 0.21088249219772592, "matrixan": 6.798163602352043, "via": 3.0238376340765503, "jarottam": 7.714454334226198, "regul": 2.3003641740453915, "oper": 1.025497152442117, "develop": 1.143841349106278, "cotton": 4.147280211833385, "gin": 11.07698738180959, "control": 1.1033335740263799, "next": 0.33877744619992933, "maulana": 3.506059981865678, "kausar": 14.422286686077623, "niazi": 6.8195578590309065, "bammatoid": 7.714454334226198, "prof": 9.212840480682944, "ghafoor": 8.659620454644543, "ahmad": 0.8503633077020061, "draw": 0.4822023912621809, "attent": 0.14770101566512647, "rule": 0.35604468844095977, "read": 0.3260400903136159, "tod": 4.475775882061817, "b10": 5.111764648781814, "which": 0.034710698129285664, "motion": 1.3097376090944808, "consider": 0.5607880334666724, "put": 0.07457103846133122, "down": 0.13047602881112946, "shall": 0.5454921463122293, "unless": 0.5286764076365222, "otherwis": 1.0286751186181076, "direct": 0.52543898135993, "less": 0.31083215756562843, "than": 0.10949671377225229, "two": 0.08088192575939884, "receipt": 0.912059570901887, "notic": 0.23021370468419722, "minist": 0.10358820947318471, "case": 0.1232819083466024, "may": 0.10603322695001133, "member": 0.07564927345603426, "move": 0.11116171113417136, "into": 0.05520712509550091, "bez": 5.635012792546362, "redmo": 8.407601514786142, "yet": 0.07097142714899692, "pass": 0.1723736441422157, "becaus": 0.12173546534655413, "wa": 0.020337482179362196, "given": 0.07387597374969282, "onli": 0.05935360699233021, "receiv": 0.1900024755704936, "senat": 0.4631093508539837, "editoindo": 8.407601514786142, "malik": 2.1883942882137024, "mohammad": 1.4990207202096872, "akhtar": 8.874093668444848, "transmit": 2.272036623704404, "probabl": 0.2136484912224006, "yester": 3.6714030663916475, "yesterday": 0.6559039534118033, "test": 0.5241551606484034, "repli": 0.5113832836904761, "word": 0.07649696673310422, "sball": 6.210376937449924, "whether": 0.04262753634741666, "mean": 0.15058632513405007, "impli": 2.291709389303109, "consent": 2.450498805801761, "prepar": 0.7927462030742554, "secretari": 0.5360388663460465, "ani": 0.022893303493923378, "indu": 0.9249196866314917, "think": 0.05704325099907983, "issu": 0.070405816546278, "approv": 0.2797917000474346, "know": 0.1196012087540184, "relev": 0.2899907683199145, "gener": 0.07688880439461995, "permiss": 0.18129552677063493, "whatev": 0.20225870937111634, "nation": 0.05553711700685706, "pakistan": 0.001785515016898104, "oppos": 0.27724796735490514, "will": 0.04021449393892392, "get": 0.08901117211023994, "faer": 8.407601514786142, "work": 0.08115697689770275, "postpon": 2.583426120508921, "privileg": 0.2551154390059022, "question": 0.06809554714303293, "agenda": 0.7118435242313819, "behalf": 0.3623337981783397, "chairman": 0.21226784762327308, "got": 0.12841173759113925, "unit": 0.10955985341457795, "interpret": 0.8097035642643594, "law": 0.06532674190155371, "then": 0.07223034029724194, "consid": 0.14118640024584705, "defer": 1.3663097383052112, "flour": 7.672188402868125, "mill": 4.962774958227903, "ment": 0.6552663514838513, "rice": 4.884472161200874, "ginnig": 8.407601514786142, "hyat": 11.60413393936918, "haneef": 2.0190401092405135, "submit": 0.3256929995192291, "secretariat": 0.4553382061290971, "make": 0.022893303493923378, "copi": 0.967058379725453, "thereof": 0.673480211457838, "avail": 0.14478457711521395, "use": 0.09039079963512903, "person": 0.06291808017306656, "entitl": 0.7032403468758306, "under": 0.03239665885641079, "constitut": 0.05010770212758062, "speak": 0.2410767219850537, "part": 0.06717218609246703, "proceed": 1.1743620496033549, "alsaday": 8.407601514786142, "base": 0.2045712730712839, "want": 0.10945016927874243, "say": 0.12777237076201134, "without": 0.06857850904138423, "have": 0.22672057278975333, "technic": 0.6809049497520746, "second": 0.06404767978102627, "just": 0.14358652047404527, "minut": 0.2096798681641879, "masifn": 7.308989226118033, "azhari": 5.475441183611246, "right": 0.022112814367333946, "now": 0.02199057271804645, "decis": 0.20430183534059393, "be": 0.057542012758466383, "made": 0.038405914751917195, "first": 0.03693798687484641, "off": 0.24166937746455794, "four": 0.053162574671331446, "half": 0.3011666644735032, "year": 0.04240122723985791, "came": 0.0645236436167609, "becom": 0.04030141294452259, "are": 0.02949722437960603, "also": 0.0414568201331117, "doe": 0.09667325419771967, "debat": 0.039084110753448933, "honor": 0.27695354662555904, "rais": 0.27395765184718096, "they": 0.03246401195353831, "better": 0.07337008505128344, "purpos": 0.2621907516217926, "some": 0.04285717161661925, "assur": 0.17489550492516742, "them": 0.018834219904215403, "intermedi": 7.784533353729702, "three": 0.028751272991650288, "mand": 2.5077041612036517, "ammunit": 3.1971244174863274, "about": 0.057453597787893336, "suggit": 2.2255166080695115, "time": 0.026899978482122305, "found": 0.09276933550158675, "mian": 1.299095543087628, "sahib": 0.22460531056736682, "nobodi": 0.7727808370406, "valid": 0.9237948271203079, "uphold": 5.824370371645571, "agre": 0.7755248710313479, "open": 0.07385050783256324, "speech": 0.33840646738070823, "would": 0.06276661645828538, "sit": 0.09272125028758406, "most": 0.06026053309008602, "quarter": 0.6956050077384738, "even": 0.0857143432332385, "complet": 0.0936564852824143, "far": 0.037517188408117845, "concern": 0.04636062514379203, "honour": 0.2731703905702332, "after": 0.042176498439545185, "hear": 0.19774903348487105, "someth": 0.24906800894787726, "against": 0.0308204770866506, "ask": 0.034971774561258294, "mahmud": 3.1501359416273695, "ali": 0.18768529350792743, "kasuri": 9.561679794245673, "respect": 0.09799011285233057, "matter": 0.19804421513304318, "enabl": 0.9065193905262716, "overstat": 6.615842045558088, "did": 0.027144846943376565,