{"nelson": 33.20005179553759, "rolihlahla": 15.428908668452396, "mandela": 48.20474806456093, "sad": 0.5249093084971175, "demis": 3.1872456897078183, "sartaj": 21.199611112755534, "aziz": 5.982890034198547, "hous": 0.014288904722839372, "express": 0.48035853150135055, "it": 0.07872407340601698, "deep": 3.161637553159535, "sorrow": 6.20702230974888, "grief": 3.494052729892914, "over": 0.08936397852292509, "pass": 0.08618682207110785, "away": 0.28544650396879045, "man": 0.2093227570146832, "who": 0.03626200181298079, "stood": 0.5237782998939902, "right": 0.022112814367333946, "depriv": 0.5298251815088831, "oppress": 0.6809478499385003, "onli": 0.014838401748082552, "own": 0.035202908273139, "countri": 0.016878987423854533, "world": 0.3589708427059341, "pakistan": 0.002455083148234893, "ha": 0.03824225814298705, "been": 0.005594733179023111, "forefront": 1.7969054700683837, "intern": 0.2864763701089514, "effort": 0.17462972419270578, "dismantl": 3.248546215571614, "apartheid": 5.006404133123988, "peopl": 0.08486857437801361, "are": 0.026815658526914574, "proud": 0.7781115983921482, "walk": 0.4217768483672256, "last": 0.028062488668700897, "mile": 0.9368077405910811, "democraci": 1.5009654674465702, "south": 2.2101200502720766, "africa": 5.033332332890003, "appreci": 0.4248438127750301, "support": 0.061908641532276945, "twice": 0.76795922692813, "visit": 0.26343169062357297, "islamabad": 0.331796710112649, "first": 0.018468993437423205, "then": 0.07223034029724194, "may": 0.026508306737502832, "dure": 0.08472149301623831, "second": 0.12809535956205254, "had": 0.07387597374969282, "address": 0.21281987634278426, "joint": 0.43893581431990786, "sit": 0.09272125028758406, "parliament": 0.7303753319483768, "will": 0.04244863249108636, "alway": 0.3331649834565845, "rememb": 0.2233667406913219, "honour": 0.09105679685674439, "domino": 6.615842045558088, "effect": 0.12891935181523723, "freedom": 1.2545968537555394, "movement": 0.3016903167996347, "share": 0.29387542881539697, "pain": 0.8274120968416023, "loss": 0.5073527655565633, "great": 0.10214332071454939, "rever": 3.0416254997642915, "all": 0.018804628393321914, "mankind": 3.0463093490767177, "icon": 4.188093809610036, "true": 0.44227417072810565, "continu": 0.051516483764662786, "live": 0.07625608994041853, "heart": 0.31352836671679074, "mind": 0.2947344463576918, "special": 0.0859367076511419, "love": 0.5736051730766828, "affect": 0.2413852461940002, "sy": 0.4772738783138099, "khurshid": 3.5981093151584074, "ahmad": 0.3779392478675583, "shah": 0.7446443317417923, "object": 0.10236468529355097, "deputi": 3.456222961734779, "speaker": 0.875625189257434, "ye": 0.1904489969192966, "resolut": 3.652207659258656, "pay": 0.07818473084682413, "tribut": 1.0564432883554495, "rolihlala": 8.407601514786142, "sheikh": 2.855185066526756, "aftab": 6.166187674034061, "sahib": 0.8984212422694673, "question": 0.2723821885721317, "hour": 0.31451980224628184, "begun": 1.4818226294121153, "mahmood": 1.8467676646920415, "khan": 0.06867991048177013, "achakzai": 8.031592401572613, "sir": 0.0917490330995751, "leader": 0.586544617809138, "opposit": 0.6923671856307168, "say": 0.07985773172625708, "ahm": 0.48101618174751126, "think": 0.14260812749769958, "said": 0.01869634367143656, "thing": 0.13434437218493406, "must": 0.05882697499486884, "complet": 0.0936564852824143, "adjust": 1.899984450141074, "give": 0.028771006379233192, "messag": 3.5433265748634764, "these": 0.009867763407233554, "democrat": 1.2500581550844536, "forc": 0.1943730411957021, "gore": 1.6741996229487837, "namant": 3.2896077023693877, "doe": 0.09667325419771967, "want": 0.07296677951916163, "move": 0.11116171113417136, "regard": 0.027144846943376565, "allow": 0.0741078074227809, "request": 0.019378704666865563, "make": 0.022893303493923378, "adjourn": 0.6032594952178523, "advisor": 1.3618249379066314, "foreign": 0.10906196941126327, "affair": 0.14770101566512647, "read": 0.10868003010453864, "approv": 0.1398958500237173, "adopt": 0.3573887439491919, "done": 0.029440532065462974, "after": 0.010544124609886296, "better": 0.07337008505128344, "take": 0.03496604132708106, "permiss": 0.18129552677063493, "someth": 0.16604533929858484, "major": 0.07385050783256324, "upper": 0.9517248272943183, "method": 0.2914830831767771, "do": 0.07025295028896769, "rule": 0.08901117211023994, "suspend": 1.166311167817048, "minist": 0.04708554976053851, "govern": 0.038405914751917195, "suspens": 2.4919590236939113, "requir": 0.051516483764662786, "whenev": 0.26089246258282445, "anyon": 0.20703871777757932, "nule": 3.812481664651553, "becaus": 0.06086773267327707, "out": 0.028771006379233192, "turm": 4.330064070880423, "come": 0.10603322695001133, "minerst": 6.615842045558088, "cherish": 3.1764928979315563, "convey": 0.7339133855184131, "inspir": 1.6231444521484995, "speech": 0.1128021557935694, "here": 0.028062488668700897, "wish": 0.20648987034338454, "courag": 0.7091187269051967, "fortitud": 4.2804671297410515, "bear": 0.7288125165869894, "irrepar": 2.935330841114668, "abil": 0.9569407185746036, "follow": 0.0409986820024067, "compass": 2.558276734839284, "human": 0.21033814337180723, "digniti": 0.7645978792254253, "equal": 0.5409962502936835, "now": 0.032985859077069676, "put": 0.03728551923066561, "wa": 0.026148191373465683, "unanim": 0.6673719900229615, "your": 0.03512021806077853, "servic": 0.07673790156139908, "fateha": 3.35316682860812, "prayer": 0.34422369241911666, "sahibzada": 0.7456039558842498, "tariq": 0.8392222469496207, "should": 0.06055899789531191, "offer": 0.16247954830753897, "winner": 2.17515349823562, "exmna": 7.624963329303106, "fate": 1.0963831303665148, "amir": 2.423204451508682, "haider": 2.957477163424488, "kazmi": 6.426900906145299, "die": 1.3417848263915726, "yesterday": 0.43726930227453553, "open": 0.07385050783256324, "sher": 0.5424135605986757, "akbar": 0.7251190682516377, "mic": 1.0923831250331686, "occas": 0.22588105965803504, "announc": 0.21006277506495913, "reg": 1.205685197254516, "present": 0.06388618538100567, "student": 1.0558632003637078, "postgradu": 4.63258326541689, "colleg": 0.8064718996131388, "road": 0.5339889438553865, "rawalpindi": 1.0687689198468031, "visitor": 1.6958611197299631, "galleri": 2.3296071839847747, "our": 0.041119619143197506, "see": 0.06717218609246703, "session": 0.2014365056098788, "welcom": 0.46169191617301036, "them": 0.018834219904215403, "adjoum": 2.428715749885021, "meet": 0.039084110753448933, "again": 0.05016645339301446, "monday": 1.3011007455082586, "decemb": 1.202702008037328, "condol": 2.398788329343548, "nafeesa": 3.0277041612456834, "inayatullah": 5.493395837213757, "khattak": 2.28434358306438, "answer": 0.238176069112232, "taken": 0.016878987423854533, "supplementari": 0.5084480314430455, "translat": 0.17675795058790786, "begin": 0.220302244630996, "name": 0.01892374560533286, "allah": 1.0877731606238097, "which": 0.0069421396258571326, "veri": 0.030129855938922822, "kind": 0.17381988747538846, "merci": 0.4200770349373762, "seen": 0.11030714451922634, "what": 0.04655440323824992, "exampl": 0.6567371710258252, "state": 0.03648338975958081, "pure": 1.6264405444686525, "like": 0.027413079428798337, "tree": 3.3335647380366686, "whose": 0.10508779627198599, "root": 1.0990587172469526, "strong": 0.9598329383407299, "earth": 2.072224439143732, "branch": 0.9187485590526835, "sky": 1.3820632001476225, "fruit": 1.0242333677937598, "time": 0.008966659494040768, "command": 0.6717311948335764, "lord": 0.6880275255265621, "cite": 1.3377273863275707, "they": 0.02597120956283065, "can": 0.008066366838138097, "advis": 0.41263199208826556, "unclean": 7.290855159976774, "remov": 0.08983534806679931, "there": 0.010740683679174282, "keep": 0.04799824394467654, "steadfast": 3.390321677971219, "worldli": 3.231451782212314, "life": 0.14195134920581332, "bless": 0.5313426324829167, "hereaft": 2.065480096064992, "misguid": 2.5525295925837157, "wrongdoer": 2.7908304171195715, "jazakullah": 2.444022171167697,