{"when": 0.03230904012326863, "matter": 0.14146015366645942, "alreadi": 0.17435150338804453, "befor": 0.01869634367143656, "honour": 0.2731703905702332, "suprem": 0.8903716693301582, "court": 1.035417790739244, "cant": 0.38175817063523954, "discuss": 0.19071582713728386, "until": 0.20429748799086053, "unless": 0.17622546921217408, "judgement": 1.955552560348917, "deliv": 0.6428809700146657, "submiss": 0.7018886908917156, "ahm": 0.2886097090485068, "alderani": 16.815203029572285, "alongwith": 0.9249196866314917, "parliamentari": 0.117058014013403, "deleg": 2.3009930651775257, "bilater": 1.758616964761367, "visit": 0.26343169062357297, "pakistan": 0.0013391362626735779, "invit": 0.8681833961410823, "our": 0.027413079428798337, "speaker": 2.835357755690739, "welcom": 0.46169191617301036, "guest": 1.6029869947235194, "deputi": 8.393684335641606, "marvi": 2.535483725310727, "memon": 1.534437680573625, "move": 0.8522397853619804, "item": 3.401344736586277, "asiya": 31.025516150676015, "nasir": 14.04651355448425, "telegraph": 13.63387942286026, "amend": 6.361372406106819, "bill": 8.71024827922703, "thank": 0.8619019603670647, "veri": 0.07532463984730706, "much": 0.08901117211023994, "also": 0.01658272805324468, "continu": 0.051516483764662786, "which": 0.0069421396258571326, "introduc": 11.601513800956708, "further": 1.2702723685985706, "act": 1.6281773845586593, "xiii": 7.727157112507879, "substitut": 5.877955915606924, "section": 1.4319989114989873, "now": 0.0879622908721858, "put": 0.33556967307599045, "motion": 1.0716034983500298, "hous": 0.01160973508730699, "question": 0.6128599242872963, "leav": 2.3163615184864863, "protect": 1.808425578219009, "against": 0.2157433396065542, "harass": 7.234111183527096, "women": 2.6608748874796273, "workplac": 28.092066520795928, "grant": 3.075944477743813, "consequ": 3.1744039118746867, "wa": 0.06391780113513833, "stand": 0.22633624586633508, "announc": 0.42012555012991826, "reg": 6.0284259862725795, "presenc": 0.709572344513338, "chairman": 0.42453569524654616, "council": 0.6522529492981816, "repres": 0.19535705105565038, "kingdom": 2.5153693573080687, "bahrain": 4.749030585974683, "galleri": 2.3296071839847747, "may": 0.159049840425017, "attent": 0.5169535548279427, "member": 0.017457524643700213, "pleas": 0.07179326023702264, "inform": 0.4366851167680113, "khalifa": 6.418208967040634, "bin": 3.0813364606485223, "present": 0.047914639035754256, "wit": 0.7104801975035177, "proceed": 0.469744819841342, "munaza": 11.20431804097271, "hassan": 1.9529345407418552, "sahiba": 11.948175133771976, "represent": 5.563393390651509, "peopl": 0.08486857437801361, "will": 0.00446827710432488, "broad": 1.5595962402097798, "share": 0.29387542881539697, "account": 0.2624136198456723, "transpar": 1.27830396585677, "elect": 0.8040582995190697, "procedur": 0.5860711531669511, "return": 0.19097302165270014, "offic": 0.1835899330505619, "import": 0.0829793003916357, "stake": 1.7915363296533258, "whole": 0.04425904818816593, "must": 0.05882697499486884, "held": 0.12841173759113925, "directli": 0.5767785196508272, "link": 0.6853667700765357, "complaint": 0.4490246109722447, "ani": 0.011446651746961689, "other": 0.013480320959899806, "busi": 0.17009718927399792, "regard": 0.10857938777350626, "ensur": 0.4156709949336658, "healthi": 1.399096332703863, "reform": 0.6411846167664873, "special": 0.5156202459068514, "schedul": 1.6341584404339584, "beg": 2.029411062226253, "suppress": 7.73751186192486, "terrorist": 6.526419509863038, "activ": 1.3495666490426914, "entri": 1.1372886287071182, "word": 0.15299393346620843, "figur": 0.5734309873866086, "shall": 0.9091535771870489, "azra": 13.281402219840954, "fazal": 3.559211285889938, "pechuho": 12.118326170494761, "harras": 5.229547684438198, "constitut": 0.3507539148930643, "islam": 0.3928571680928479, "republ": 1.8124993735019257, "articl": 0.6559039534118033, "all": 0.006268209464440637, "those": 0.01642516395339268, "favour": 0.7665172656112288, "say": 0.015971546345251417, "activit": 5.36307907706272, "adjourn": 0.08617992788826462, "meet": 0.013028036917816312, "again": 0.02508322669650723, "wednesday": 0.9476867485450381, "shahida": 3.8953941208172167, "rehmani": 2.527068528385443, "ask": 0.13988709824503318, "one": 0.03496604132708106, "sy": 0.5965923478922623, "ghulam": 0.2681609929115342, "mustafa": 0.9757095979783429, "shah": 0.37232216587089617, "sahib": 0.44921062113473365, "under": 0.048594988284616183, "rule": 0.17802234422047988, "urgent": 1.802715426794892, "public": 0.14375636495825145, "delay": 0.34927420820518523, "deliveri": 1.4635143065566156, "textbook": 2.874212026058623, "student": 0.5279316001818539, "govern": 0.06400985791986198, "school": 0.7208239052312824, "islamabad": 0.663593420225298, "nafeesa": 3.0277041612456834, "introduct": 1.0628824606364706, "minist": 0.08475398956896932, "law": 0.03266337095077686, "justic": 0.18477938397248317, "human": 0.21033814337180723, "right": 0.06633844310200183, "ban": 1.3126566294300237, "travel": 1.1912561703282403, "pakistani": 0.24973126916877775, "abroad": 1.2561577844307474, "due": 0.482700460255846, "increas": 0.38579586713781217, "case": 0.0616409541733012, "polio": 5.75634485454944, "countri": 0.08439493711927266, "caus": 0.18749849477587147, "grave": 1.4227777508794714, "concern": 0.09272125028758406, "amongst": 1.0855950229153664, "mohtarma": 2.237990782294687, "saira": 5.69383976754123, "afzal": 1.4346309882187505, "state": 0.03648338975958081, "nation": 0.06247925663271419, "health": 1.7384659010393322, "servic": 0.23021370468419722, "regul": 1.1501820870226958, "coordin": 2.365104295678012, "make": 0.03433995524088507, "brief": 0.7537331813752036, "statement": 0.1689572543968165, "opinion": 0.3792466232708217, "should": 0.020186332631770637, "take": 0.01748302066354053, "step": 0.15299393346620843, "immedi": 0.2527677069989872, "basic": 0.3706328818268524, "salari": 0.9099728062702865, "feder": 0.502497823673538, "employe": 0.5943485544222362, "proport": 2.4248283892148685, "price": 0.351918669625465, "hike": 5.128114195509567, "resolut": 1.328075512457693, "adopt": 0.26804155796189394, "sahibah": 3.119334484091608, "compulsori": 8.460691918685786, "blood": 4.388164400677572, "test": 3.6690861245388238, "rel": 6.310915353876146, "thalassaemia": 42.73511495254468, "patient": 5.3521851545779775, "would": 0.06276661645828538, "like": 0.054826158857596674, "provid": 0.14469722569041835, "nave": 2.6572267877535407, "qamar": 2.502210756120578, "messag": 2.1259959449180856, "senat": 2.7786561051239023, "pass": 0.1723736441422157, "survey": 1.2722255093370538, "mape": 5.922694864998142, "secretariat": 1.8213528245163884, "ha": 0.06798623669864363, "conduct": 0.33865778030622756, "sent": 0.1118034041499985, "map": 1.4018124955326405, "been": 0.016784199537069333, "without": 0.06857850904138423, "april": 2.02637785117489, "copi": 0.4835291898627265, "receiv": 0.06333415852349787, "assembl": 0.0015623256397858409, "said": 0.03739268734287312, "call": 0.13711477515843, "notic": 0.23021370468419722, "shaista": 5.701546906173211, "pervaiz": 7.2887252989268525, "recommend": 0.517155293468746, "world": 0.10256309791598117, "organ": 0.4714390173166456, "ministerincharg": 3.8520487710194242, "cabinet": 0.9323521326414725, "closur": 1.4859433306350145, "number": 0.0969332560563618, "pia": 2.1715036019955742, "sale": 1.1655116475185732, "sir": 0.030583011033191703, "wish": 0.20648987034338454, "ministerin": 3.9532542185326354, "charg": 0.19584711741094554, "close": 0.1258775243747522, "variou": 0.16038146204091336, "part": 0.033586093046233514, "result": 0.08837157615381713, "unemploy": 0.7737479551043748, "hardship": 1.570268700100552, "passeng": 1.1200408744764192, "sheikh": 0.713796266631689, "aftab": 0.8808839534334373, "honourabal": 6.798163602352043, "oppos": 0.8317439020647155, "malik": 0.7294647627379007, "muhammad": 0.27287834791909094, "child": 7.696039812457183, "system": 0.4822448339222652, "enact": 2.5710832663140013,