{"wednesday": 0.9476867485450381, "februari": 1.8174033386315116, "pcppi229307": 8.407601514786142, "na2632007450": 8.407601514786142, "nation": 0.07636353588442846, "assembl": 0.002455083148234893, "pakistan": 0.002901461902459419, "feb": 6.449801780710514, "speaker": 0.4169643758368734, "ye": 0.06348299897309886, "tahir": 0.9362384265990458, "iqbal": 1.1669281492211825, "will": 0.02457552407378684, "forgiven": 3.5507301195009373, "prayer": 1.7211184620955833, "wa": 0.029053545970517423, "jinb": 3.782628701501872, "packer": 6.722756143516252, "minist": 0.028251329856323105, "parliamentari": 0.234116028026806, "affair": 0.14770101566512647, "said": 0.056089031014309676, "rightli": 0.8717710519877756, "ani": 0.011446651746961689, "our": 0.10965231771519335, "sit": 0.37088500115033624, "die": 1.0063386197936794, "then": 0.061911720254778806, "day": 0.07114901079894397, "hous": 0.009823621996952067, "accept": 0.10806694445354559, "their": 0.030466097101786747, "mourn": 2.285108705271757, "busi": 0.17009718927399792, "done": 0.029440532065462974, "tomorrow": 0.274152839462145, "morn": 0.40312750401465736, "ten": 0.09497548911117991, "what": 0.03103626882549995, "action": 0.0578806773136544, "postpon": 1.9375695903816905, "till": 0.08229548503356125, "oclock": 0.5960330254409635, "thank": 0.21547549009176617, "much": 0.05934078140682663, "adjourn": 0.08617992788826462, "meet": 0.05211214767126525, "bhandara": 2.035989667554287, "begum": 1.092519438372308, "bushra": 2.7004912500372673, "rehman": 0.8111533931400664, "sy": 0.23863693915690495, "haider": 0.985825721141496, "abba": 1.011879906184098, "rizvi": 1.7848651908363031, "nabil": 3.403655208840684, "ahm": 0.09620323634950226, "gabol": 3.070063435084825, "absenc": 0.23911509765946118, "deputi": 0.32916409159378845, "member": 0.09310679809973446, "have": 0.22672057278975333, "preced": 0.8558892994348324, "among": 0.3147504872477591, "those": 0.049275491860178045, "present": 0.015971546345251417, "shall": 0.18183071543740978, "take": 0.043707551658851325, "chair": 0.003573822706589759, "paus": 1.8118210008248314, "oath": 6.4122802856835825, "offic": 0.1223932887003746, "call": 0.068557387579215, "honour": 0.09105679685674439, "elect": 0.26801943317302324, "shahabuddin": 3.35316682860812, "rise": 0.32922341115962406, "seat": 0.14195134920581332, "panel": 5.781432202079745, "chairmen": 5.394756814856287, "declar": 0.22812132942725155, "first": 0.07387597374969282, "there": 0.010740683679174282, "are": 0.013407829263457287, "act": 0.08569354655571891, "new": 0.03728551923066561, "they": 0.06492802390707662, "taken": 0.016878987423854533, "give": 0.08631301913769958, "floor": 0.331796710112649, "should": 0.030279498947655956, "visit": 0.13171584531178648, "naseeb": 14.414321880211546, "ali": 0.09384264675396371, "shah": 0.8687517203654245, "sahib": 1.0107238975531507, "colleg": 0.4032359498065694, "opportun": 0.19289793356890608, "whoever": 0.7674783420907794, "consid": 0.04706213341528235, "appropri": 0.26932887625595775, "just": 0.07179326023702264, "chairman": 0.21226784762327308, "unless": 0.35245093842434816, "announc": 0.21006277506495913, "made": 0.012801971583972397, "order": 0.03163237382965889, "here": 0.056124977337401794, "haidari": 11.465351878510868, "sir": 0.04587451654978755, "know": 0.0598006043770092, "can": 0.03226546735255239, "speak": 0.08035890732835123, "pursuanc": 1.3749772537581366, "sub": 0.49554462660713755, "rule": 0.08901117211023994, "rule13": 6.615842045558088, "procedur": 0.09767852552782519, "conduct": 0.16932889015311378, "nomin": 0.624377498450106, "follow": 0.0819973640048134, "membl": 3.8858129377371027, "form": 0.10962275932303062, "session": 0.1342910037399192, "assemb": 3.465959092176839, "amir": 0.6058011128771705, "hussain": 0.23092874283768786, "name": 0.05677123681599858, "allah": 0.9064776338531746, "most": 0.12052106618017204, "graciou": 1.1734243350362945, "merci": 1.2602311048121286, "debat": 0.026056073835632625, "tuesday": 1.6446408722940349, "met": 0.0035770214755437148, "hall": 0.43306867065591476, "parliament": 0.14607506638967535, "islamabad": 0.1658983550563245, "recit": 0.10558370503493847, "holi": 0.07939202303741066, "quran": 0.09081238771462585, "benefic": 2.741174826673711, "great": 0.13619109428606585, "surah": 1.7495904689153947, "ham": 2.866337969627717, "sajdah": 6.328159973106307, "vers": 1.260829335333506, "translat": 0.17675795058790786, "who": 0.04230566878181092, "good": 0.10491218604976142, "person": 0.020972693391022187, "god": 0.11630566288073645, "doe": 0.02416831354942992, "deed": 1.3108801362913827, "say": 0.09582927807150851, "muslim": 0.1411800418015894, "evil": 0.8162444680875921, "equal": 0.27049812514684174, "answer": 0.07939202303741066, "hardest": 3.8328905362827603, "word": 0.15299393346620843, "way": 0.022340994630731272, "veri": 0.060259711877845644, "do": 0.07025295028896769, "see": 0.033586093046233514, "enmiti": 1.7769181291437715, "between": 0.08545044457324046, "your": 0.03512021806077853, "warm": 2.219337391703553, "friend": 0.11505300081038258, "onli": 0.04451520524424765, "thing": 0.033586093046233514, "peopl": 0.012124082054001945, "suffer": 0.17835709805023098, "fortun": 0.9804573813775275, "volumexxxix": 11.685304314649212, "napxxxix12007": 8.407601514786142, "offici": 0.117058014013403, "report": 0.03937247650986376, "contain": 0.22588105965803504, "ha": 0.008498279587330454, "alway": 0.3331649834565845, "been": 0.022378932716092443, "bannu": 3.102279060383113, "accord": 0.11742113151091478, "tradit": 0.842193152464296, "whenev": 0.26089246258282445, "respect": 0.09799011285233057, "sting": 2.494098509147873, "when": 0.010769680041089542, "rest": 0.11255237435103191, "transform": 1.5078784075012703, "pray": 4.684460052804192, "forgiv": 3.3280674529134027, "second": 0.06404767978102627, "would": 0.017933318988081537, "request": 0.038757409333731126, "ask": 0.06994354912251659, "them": 0.04708554976053851, "after": 0.021088249219772592, "edg": 2.0602123051301326, "abdul": 0.14674017010256687, "ghafoor": 2.1649051136611357, "maulana": 0.6374654512483051, "two": 0.026960641919799612, "sentenc": 0.7669976883925086, "belong": 0.2777393653368106, "mma": 2.575719037502626, "also": 0.06633091221297872, "scholar": 1.827455256005168, "univers": 0.41736332906577994, "administr": 0.19965457373752715, "abroad": 0.4187192614769158, "held": 0.12841173759113925, "gather": 0.8680426854851128, "jurisprudenti": 6.328159973106307, "issu": 0.035202908273139, "jurist": 3.099333817384938, "fell": 1.3200278092281699, "love": 0.5736051730766828, "all": 0.018804628393321914, "shock": 1.3927871635105984, "regard": 0.027144846943376565, "allaah": 0.7311278683969866, "rais": 0.04565960864119683, "rank": 0.913727628002584, "patienc": 2.9041266169584707, "backward": 0.9906218934049891, "occas": 0.4517621193160701, "pervez": 5.240239131072321, "ashraf": 4.216815198078261, "want": 0.054725084639371216, "four": 0.053162574671331446, "late": 0.7336650408371277, "collag": 3.1553280867395133, "like": 0.013706539714399169, "gone": 0.09571195655578432, "raja": 1.232157391270822, "death": 0.9794018569164534, "honor": 0.8308606398766771, "caus": 0.09374924738793573, "memeb": 1.979496242101547, "rose": 1.2663563924356518, "otath": 8.407601514786142, "sadiq": 0.868574458962148, "sincer": 1.7065333821207909, "support": 0.061908641532276945, "loyal": 1.72800232894176, "perform": 0.22784102108624305, "duti": 0.0981707726458131, "constitut": 0.10021540425516123, "islam": 0.3928571680928479, "republ": 1.2083329156679505, "utmost": 1.5930586175261847, "potenti": 1.1923615360560453, "loyalti": 1.6659008201340886, "sake": 0.6552663514838513, "sovereignti": 1.0519604118118895, "integr": 0.5370536702784312, "stabil": 0.8659184149040319, "welfar": 0.4784750274793435, "prosper": 0.9419462046520866, "strive": 1.72800232894176, "maintain": 0.6897072273995771, "ideolog": 0.8012141250134909, "which": 0.0069421396258571326, "basi": 0.09915599440038306,