{"speaker": 2.7936613181070515, "pervez": 17.467463770241068, "khattak": 22.843435830643802, "minist": 0.08475398956896932, "defenc": 5.634409999957227, "move": 1.0375093039189327, "item": 2.809806521527794, "sir": 0.061166022066383406, "beg": 2.2830874450045346, "bill": 12.52843930573751, "further": 1.905408552897856, "amend": 9.464480896890633, "pakistan": 0.014507309512297095, "navi": 34.94052729892914, "ordin": 3.721914216894469, "pass": 0.3878406993199853, "now": 0.1319434363082787, "put": 0.33556967307599045, "motion": 2.8576093289334126, "hous": 0.010716678542129529, "ha": 0.093481075460635, "been": 0.06154206496925422, "wa": 0.07263386492629356, "adopt": 0.8041246738856818, "consequ": 0.5290673186457812, "adjourn": 0.17235985577652924, "meet": 0.026056073835632625, "again": 0.05016645339301446, "wednesday": 1.8953734970900762, "januari": 7.053402279342715, "report": 0.7087045771775476, "stand": 1.5277696595977617, "committe": 0.8109866454263067, "taken": 0.16878987423854533, "into": 0.33124275057300545, "consider": 2.2431521338666895, "onc": 0.7340422843031684, "claus": 28.12353205645694, "read": 0.16302004515680796, "question": 0.6469076978588127, "part": 1.2762715357568735, "preambl": 12.40662555572833, "short": 1.658183537761961, "titl": 7.179653824853299, "suspens": 7.475877071081734, "rule": 0.9197821118058128, "under": 0.09718997656923237, "procedur": 0.5860711531669511, "conduct": 1.0159733409186826, "busi": 0.34019437854799583, "nation": 0.08330567551028559, "assembl": 0.0026782725253471557, "requir": 0.30909890258797673, "subrul": 7.564657376763307, "said": 0.11217806202861935, "dispens": 9.651273916364081, "order": 0.09489712148897667, "take": 0.05244906199062159, "no11": 7.308989226118033, "air": 7.674430441025303, "forc": 1.943730411957021, "act": 1.3710967448915026, "pleas": 0.10768989035553395, "armi": 7.832274075178114, "sub": 0.49554462660713755, "through": 0.03404777357151646, "also": 0.024874092079867023, "submit": 0.10856433317307636, "your": 0.03512021806077853, "offic": 0.0611966443501873, "today": 0.02531208583470706, "deleg": 0.7669976883925086, "govern": 0.025603943167944794, "came": 0.0645236436167609, "which": 0.020826418877571397, "countri": 0.016878987423854533, "situat": 0.23814914551150818, "new": 0.03728551923066561, "region": 0.6429979582340853, "even": 0.021428585808309624, "after": 0.010544124609886296, "consult": 0.32365581249052155, "isol": 3.585751829164764, "instead": 0.1332445080298515, "be": 0.014385503189616596, "remain": 0.08399307244257102, "opposit": 0.09890959794724526, "send": 0.19503311655199854, "unifi": 2.995955462931103, "messag": 0.7086653149726952, "decid": 0.05906368940004558, "will": 0.01787310841729952, "press": 0.15541607878281422, "these": 0.019735526814467108, "anend": 1.72800232894176, "sardar": 0.1533327446959599, "talib": 2.449176821756361, "hussain": 0.23092874283768786, "nakai": 3.26010703797269, "request": 0.2713018653361179, "grant": 3.1638286056793508, "leav": 2.0470171558717785, "sy": 0.3579554087353574, "imran": 1.1105105096257253, "ahmad": 0.09448481196688957, "shah": 0.12410738862363206, "rafiqu": 1.9730549959986898, "ahm": 0.09620323634950226, "jamali": 1.4869300105374597, "tahir": 0.9362384265990458, "sadiq": 0.868574458962148, "aamir": 1.9539765158934514, "sultan": 1.0824525568305678, "cheema": 0.988820632035349, "ali": 0.21896617575924865, "zahid": 1.162659968449136, "agha": 1.6231444521484995, "hassan": 0.650978180247285, "baloch": 0.6805070300063013, "seemi": 5.075397004610939, "bokhari": 1.9908692322738168, "muhammad": 0.10915133916763638, "akhtar": 0.7395078057037373, "mengal": 2.1712319245824387, "whole": 0.04425904818816593, "current": 0.13477551113574202, "session": 0.0671455018699596, "mujahid": 2.0411310670547054, "mr": 0.9840330705269762, "farukh": 4.313256952564043, "khan": 0.06867991048177013, "chairman": 0.21226784762327308, "amjid": 15.209725315192207, "present": 0.09582927807150851, "commit": 0.19476193010965853, "amjad": 1.4081790472781823, "point": 0.03602889595010316, "defens": 0.726964087225207, "first": 0.018468993437423205, "all": 0.012536418928881275, "urg": 0.29537355643641894, "peopl": 0.02424816410800389, "parti": 0.10726676894574355, "given": 0.018468993437423205, "suggest": 0.38751976676121624, "they": 0.006492802390707662, "made": 0.038405914751917195, "look": 0.16443413898454592, "polit": 0.09964896951512389, "reconcili": 1.758616964761367, "them": 0.009417109952107702, "withdraw": 0.3742674989060819, "their": 0.007616524275446687, "uniti": 1.077851825744631, "appear": 0.2914830831767771, "creat": 0.059537286377877044, "better": 0.07337008505128344, "nave": 1.7714845251690272, "qamar": 1.6681405040803854, "thank": 0.05386887252294154, "some": 0.021428585808309624, "improv": 0.15698143261145142, "then": 0.02063724008492627, "later": 0.15411348644023817, "mahreen": 3.1243977860481547, "razzaq": 2.020722195423498, "bhutto": 0.5230250041898186, "command": 0.6717311948335764, "obey": 0.9459611225775683, "univers": 0.41736332906577994, "establish": 0.08959123723927184, "prayer": 0.34422369241911666, "avoid": 0.4893368286908692, "disobedi": 2.5131986805212922, "him": 0.027832999281577914, "shaken": 2.2400850238978016, "recis": 6.615842045558088, "naat": 3.6456202448008534, "particl": 3.119334484091608, "star": 0.4035700069334441, "dust": 1.826962377501194, "place": 0.01869634367143656, "off": 0.24166937746455794, "slope": 3.843253323318307, "there": 0.005370341839587141, "sight": 3.8337559605672715, "come": 0.013254153368751416, "see": 0.033586093046233514, "throne": 2.163434614122407, "our": 0.013706539714399169, "rain": 1.0519604118118895, "side": 0.17967069613359862, "constant": 1.3954862204797631, "chashma": 2.6115437640207713, "indic": 0.4177021398432036, "woke": 2.2612722571172457, "when": 0.010769680041089542, "karma": 2.1141822359396616, "bar": 0.7474871956122147, "clock": 0.660929752495378, "pole": 1.8104558128994914, "anthem": 4.338553779493271, "holiday": 1.1541311321016157, "ye": 0.03174149948654943, "absanc": 14.617978452236066, "debat": 0.026056073835632625, "tuesday": 1.6446408722940349, "met": 0.0035770214755437148, "hall": 0.43306867065591476, "parliament": 0.14607506638967535, "islamabad": 0.1658983550563245, "morn": 0.20156375200732868, "asad": 1.1207251030354435, "qaisar": 2.4236652340989524, "chair": 0.0017869113532948794, "recit": 0.3167511151048154, "holi": 0.15878404607482133, "quran": 0.1816247754292517, "are": 0.0026815658526914573, "grate": 0.3165864730756116, "banna": 4.00088226752189, "manga": 2.922804581295488, "god": 0.2326113257614729, "bless": 1.0626852649658334, "attempt": 0.5815575012671779, "joe": 1.1207251030354435, "jaw": 2.3578680595541854, "rahman": 0.258577646734373, "farman": 2.464802139659442, "translat": 0.17675795058790786, "prophet": 0.6136024252821476, "jabak": 8.407601514786142, "tow": 3.351355709437835, "father": 0.7209801798415232, "case": 0.0308204770866506, "mother": 0.7122983798225764, "did": 0.027144846943376565, "healthi": 1.399096332703863, "water": 0.198293103139206, "free": 0.1944908171894674, "limit": 0.1580263647859449, "tabl": 0.2385483648588005, "content": 0.37816867420490013}