{"speaker": 0.16678575033474935, "now": 0.032985859077069676, "put": 0.07457103846133122, "joint": 2.1946790715995395, "resolut": 4.648264293601926, "vote": 0.5871521448587729, "thesi": 3.283637535382884, "nayyer": 7.469545360648474, "bokhari": 3.9817384645476337, "sy": 0.5965923478922623, "hussain": 1.616501199863815, "thank": 0.10773774504588308, "want": 0.054725084639371216, "draw": 0.24110119563109045, "attent": 0.07385050783256324, "honour": 0.18211359371348879, "hous": 0.007144452361419686, "incid": 1.0535242417894781, "which": 0.020826418877571397, "ha": 0.03824225814298705, "happen": 0.05481137966151531, "yesterday": 0.21863465113726777, "consequ": 1.0581346372915623, "express": 1.2809560840036014, "grief": 6.988105459785828, "anguish": 15.766773584526238, "over": 0.11170497315365636, "murder": 5.811779534341687, "moulana": 7.203805314351711, "azam": 3.479771810518324, "tariq": 5.035333481697724, "mna": 1.5061653381820992, "pakistan": 0.001785515016898104, "there": 0.010740683679174282, "harmoni": 3.2327601041199148, "between": 0.08545044457324046, "peopl": 0.06062041027000972, "all": 0.03760925678664383, "muslim": 0.1411800418015894, "area": 0.06666828878526493, "nation": 0.13190065289128552, "uniti": 1.077851825744631, "solidar": 1.4331226037610978, "will": 0.00670241565648732, "thwart": 5.724848140613161, "enemi": 3.001274887231812, "ambit": 3.3059948305963616, "should": 0.10093166315885319, "patient": 0.7645978792254253, "play": 0.19774903348487105, "role": 0.5363219858230684, "viciou": 2.651859301199231, "meet": 0.09119625842471418, "assembl": 0.0031246512795716818, "protect": 0.25834651117414414, "live": 0.07625608994041853, "properti": 0.7343092669660675, "fundament": 0.815235386266347, "right": 0.022112814367333946, "respons": 0.08153240991693553, "elect": 0.13400971658651162, "govern": 0.012801971583972397, "take": 0.01748302066354053, "step": 0.07649696673310422, "break": 0.41263199208826556, "network": 1.2328772049497667, "commun": 0.1826340358715592, "terror": 2.6784052628924173, "sabotag": 1.9033133412494971, "countri": 0.06751594969541813, "trick": 2.307282562766079, "intern": 0.1432381850544757, "extern": 0.8616833635768202, "expos": 2.096267753061044, "element": 0.91595604118101, "strict": 1.152010240532478, "disciplinari": 1.997426632819976, "action": 0.0578806773136544, "taken": 0.016878987423854533, "against": 0.0308204770866506, "them": 0.009417109952107702, "thorough": 2.103152712364162, "investig": 0.4089301537703667, "report": 0.11811742952959128, "submit": 0.10856433317307636, "chairman": 0.21226784762327308, "wisdom": 0.9581035094032938, "packer": 6.722756143516252, "wasi": 7.003670942057214, "zafar": 2.1767400118778064, "sir": 0.04587451654978755, "ye": 0.06348299897309886, "muhammad": 0.27287834791909094, "support": 0.18572592459683085, "treasuri": 0.5144026452415343, "panchar": 5.463162535619703, "pleas": 0.07179326023702264, "listen": 0.16695265141123064, "nair": 10.279484270480813, "bukhari": 5.87339027497854, "let": 0.08898467750524136, "bow": 2.661895398684384, "visit": 0.6585792265589324, "process": 0.11906705537222552, "come": 0.013254153368751416, "out": 0.014385503189616596, "islamabad": 0.663593420225298, "today": 0.10124834333882823, "privat": 0.17012222617250972, "were": 0.009191859359872549, "burn": 0.7631607532295773, "decis": 0.06810061178019798, "must": 0.05882697499486884, "follow": 0.0409986820024067, "hussein": 1.2703230775257572, "just": 0.03589663011851132, "demand": 0.21712866634615272, "those": 0.03285032790678536, "who": 0.030218334844150655, "been": 0.03916313225316177, "harm": 1.0718177009249958, "loss": 0.25367638277828164, "fulfil": 0.20292968583533205, "oct": 2.3890083002899085, "honor": 0.5539070932511181, "member": 0.034915049287400426, "met": 0.0071540429510874295, "chamber": 0.7067932354434723, "drawn": 1.890773150035908, "about": 0.019151199262631112, "maulana": 0.6374654512483051, "sahib": 1.1230265528368342, "colleagu": 0.4875183157329087, "martyr": 0.8340702520401927, "did": 0.027144846943376565, "jointli": 1.870909917194838, "sinc": 0.037980687837041345, "burial": 2.987066515513857, "done": 0.029440532065462974, "yet": 0.07097142714899692, "move": 0.03705390371139045, "maula": 4.9139179243968325, "sahibzada": 1.4912079117684995, "hamidul": 5.217017720651234, "haq": 1.680689035879063, "hamid": 0.5835555039298509, "nahmadah": 8.407601514786142, "tusali": 8.407601514786142, "ali": 0.03128088225132124, "may": 0.013254153368751416, "allah": 0.18129552677063493, "him": 0.027832999281577914, "would": 0.008966659494040768, "like": 0.013706539714399169, "tell": 0.0576442427458194, "import": 0.020744825097908925, "our": 0.013706539714399169, "parti": 0.2681669223643589, "wa": 0.017432127582310455, "held": 0.12841173759113925, "under": 0.03239665885641079, "leadership": 1.4200523359675996, "rule": 0.029670390703413315, "opposit": 0.09890959794724526, "independ": 0.3432795538753403, "particip": 0.3546684779885754, "they": 0.012985604781415324, "pass": 0.043093411035553926, "unanim": 2.0021159700688846, "what": 0.04655440323824992, "read": 0.05434001505226932, "session": 0.2014365056098788, "deep": 1.0538791843865116, "sorrow": 4.13801487316592, "regret": 0.4755983624247586, "brutal": 3.168630784860912, "millat": 2.6237763324564054, "islamia": 2.9565630612204425, "chief": 0.16195461391228286, "shahe": 1.1207251030354435, "day": 0.01778725269973599, "leader": 0.1173089235618276, "four": 0.053162574671331446, "associ": 0.3553050152474965, "tragedi": 1.1345089187866209, "sympathi": 1.087736584977173, "rel": 0.9015593362680209, "victim": 0.7512643483559601, "strongli": 0.7942765352455035, "condemn": 0.8066990552440606, "shame": 0.9339644062899368, "destruct": 1.7233667271536404, "law": 0.03266337095077686, "enforc": 0.5823562233543688, "agenc": 0.27284073236749734, "made": 0.012801971583972397, "activ": 0.26991332980853827, "effect": 0.12891935181523723, "terrorist": 1.087736584977173, "killer": 1.7521611644184956, "are": 0.010726263410765829, "individu": 0.3716751448943519, "islam": 0.13095238936428263, "arrest": 0.5578877571812731, "immedi": 0.1263838534994936, "lesson": 1.207176621841186, "punish": 0.3404524748760373, "sectarian": 2.020722195423498, "extrem": 0.5871619995239625, "equival": 1.147781904422957, "enmiti": 1.7769181291437715, "motion": 0.11906705537222552, "adopt": 0.26804155796189394, "octob": 3.1223575738332645, "minist": 0.018834219904215403, "say": 0.031943092690502835, "topic": 0.8433630396156522, "debat": 0.05211214767126525, "parliamentari": 0.117058014013403, "affair": 0.07385050783256324, "raza": 1.9096032861622125, "hayat": 2.2115189777863513, "hiraj": 8.307740536357192, "compens": 0.815235386266347, "brother": 0.2574222451038172, "adhan": 2.041022558258772, "zuhr": 1.9199174963015324, "reza": 3.209104483520317, "sahab": 2.9522803994284414, "hub": 1.7393732663687398, "begun": 0.7409113147060576, "baghdad": 2.8316524116398267, "zahir": 1.92755695285949, "present": 0.015971546345251417, "haqqani": 2.991501112581723, "other": 0.013480320959899806, "sign": 0.2950737513075056, "ummah": 1.72800232894176, "their": 0.007616524275446687, "own": 0.035202908273139, "raja": 0.616078695635411, "pervez": 1.746746377024107, "ashraf": 0.8433630396156522, "mian": 0.18558507758394688, "abdul": 0.07337008505128344, "sattar": 0.7967487243908926, "lalika": 2.285108705271757, "sardar": 0.1533327446959599, "nasrullah": 1.9018174546579145, "darshak": 3.734772680324237, "khurshid": 0.5996848858597346, "mahmood": 0.46169191617301036, "kasuri": 1.9123359588491347, "malik": 0.18236619068447518, "munir": 1.3626963976567723, "kazai": 3.225817964494058, "safwanullah": 4.090113401249833, "also": 0.024874092079867023, "involv": 0.1404093288539981, "checker": 1.669449020190186, "liaquat": 2.0042117031733415, "baloch": 1.3610140600126026, "drift": 3.1872456897078183, "sit": 0.04636062514379203, "fine": 0.39690997565584185, "forgot": 1.8752672225637936, "name": 0.05677123681599858,