{"nation": 0.11107423401371412, "assembl": 0.002901461902459419, "pakistan": 0.004240598165132997, "jan": 8.943927946679803, "bride": 3.0049241329138634, "sinc": 0.18990343918520672, "today": 0.20249668667765647, "are": 0.07508384387536081, "discuss": 1.3985827323400817, "presid": 0.356412777127222, "address": 1.2769192580567057, "like": 0.1781850162871892, "previou": 0.18049328043799692, "day": 0.12451076889815194, "meantim": 1.0870745525134036, "motion": 2.8576093289334126, "can": 0.14519460308648574, "accord": 0.11742113151091478, "rule": 0.35604468844095977, "said": 0.16826709304292903, "were": 0.036767437439490194, "done": 0.14720266032731488, "instead": 0.1332445080298515, "be": 0.04315650956884979, "would": 0.13449989241061153, "debat": 0.09119625842471418, "time": 0.008966659494040768, "more": 0.056089031014309676, "will": 0.07596071077352295, "suggest": 0.5166930223482883, "decid": 0.3543821364002735, "end": 0.16443413898454592, "tomorrow": 1.2336877775796526, "brought": 0.2621907516217926, "under": 0.048594988284616183, "there": 0.10203649495215568, "easi": 0.7118435242313819, "way": 0.06702298389219381, "think": 0.37078113149401887, "use": 0.03013026654504301, "everyon": 0.5404113694589842, "all": 0.068950304108847, "thing": 0.3022748374161016, "happen": 0.3836796576306072, "khwaja": 7.840286121334934, "ahmad": 1.1338177436026748, "tariq": 10.909889210345069, "rahim": 5.696834223799524, "good": 0.05245609302488071, "minist": 0.12242242937740012, "railway": 4.639695747357766, "sheikh": 6.067268266369357, "rashe": 13.219338569725709, "ahm": 1.6354550179415384, "wala": 2.925783926484124, "they": 0.11037764064203026, "should": 0.222049658949477, "get": 0.029670390703413315, "permiss": 0.7251821070825397, "befor": 0.13087440570005593, "speak": 0.16071781465670246, "packer": 10.644363893900731, "sahib": 1.909145139822618, "ha": 0.1529690325719482, "take": 0.05244906199062159, "khahar": 7.714454334226198, "ive": 2.518723556453262, "got": 0.12841173759113925, "interrupt": 1.3047399460275109, "speaker": 1.584464628180119, "ye": 0.15870749743274715, "nawabzada": 5.457766395191212, "nasrullah": 5.705452363973744, "nan": 3.1764928979315563, "sir": 0.2905386048153212, "khan": 0.19459307969834871, "say": 0.38331711228603405, "view": 0.26285818107982134, "serious": 1.183981965501905, "matter": 0.16975218439975132, "been": 0.11748939675948533, "adjust": 0.949992225070537, "tell": 0.1152884854916388, "too": 0.15058632513405007, "visit": 0.9220109171825054, "here": 0.25256239801830804, "join": 0.48824532412552607, "virtu": 1.7068704052383326, "after": 0.08435299687909037, "action": 0.2315227092546176, "presidenti": 1.3497035773742865, "right": 0.15478970057133762, "realli": 0.42067628674361446, "consid": 0.04706213341528235, "seriou": 0.509654924084138, "just": 0.10768989035553395, "abida": 6.314947617123714, "hussain": 1.616501199863815, "becom": 0.08060282588904517, "hit": 0.726964087225207, "throne": 2.163434614122407, "roll": 1.7240244218782657, "where": 0.08212253532918921, "judici": 2.558228981236403, "inquiri": 8.331163510971269, "order": 0.3479561121262478, "do": 0.07025295028896769, "disclos": 1.3900953718448867, "object": 0.10236468529355097, "hous": 0.033936148716743504, "then": 0.04127448016985254, "import": 0.10372412548954463, "allow": 0.0741078074227809, "incid": 0.7023494945263187, "come": 0.18555814716251984, "minimum": 0.75410660512489, "report": 0.31497981207891007, "event": 2.810971352259938, "led": 1.3742796403728428, "which": 0.05553711700685706, "talk": 0.19785868765450926, "charg": 0.3916942348218911, "each": 0.07097142714899692, "other": 0.08088192575939884, "how": 0.0741078074227809, "prove": 0.31934678766371205, "these": 0.04933881703616777, "accid": 4.638686918105584, "let": 0.17796935501048272, "first": 0.07387597374969282, "present": 0.12777237076201134, "much": 0.11868156281365326, "want": 0.3101088129564369, "also": 0.058039548186356385, "inform": 0.1247671762194318, "them": 0.07533687961686161, "see": 0.13434437218493406, "great": 0.20428664142909878, "concili": 3.3837209939398667, "when": 0.08615744032871633, "may": 0.03976246010625425, "confid": 0.7042527460577369, "therefor": 0.1885762811057915, "postpon": 5.812708771145072, "sahibzada": 2.982415823536999, "khazar": 25.886499194316663, "hayat": 5.160210948168153, "point": 0.558447887226599, "sajjada": 2.931137962854632, "it": 0.015744814681203395, "result": 0.17674315230763427, "almost": 0.4686161516398303, "week": 0.6834159356437389, "later": 0.15411348644023817, "set": 0.13811326959512835, "place": 0.056089031014309676, "januari": 5.642721823474172, "peopl": 0.06062041027000972, "resourc": 0.27401409712517655, "sourc": 0.29897824643154874, "seem": 0.690337446405895, "local": 0.454001134383389, "kind": 0.2607298312130827, "three": 0.11500509196660115, "four": 0.2658128733566572, "daughter": 1.1612334346836821, "law": 0.03266337095077686, "master": 1.6405820175270556, "assist": 0.34674576185182654, "station": 1.5204999357026443, "someon": 1.1444845601415665, "thorn": 3.018529784969642, "some": 0.0857143432332385, "locat": 0.5680759330814645, "notif": 0.9523030291028526, "sent": 0.1118034041499985, "wire": 1.4331226037610978, "telephon": 0.7237375345297133, "via": 1.5119188170382751, "wireless": 2.684016412833762, "even": 0.12857151484985774, "thanksgiv": 2.17515349823562, "urg": 0.29537355643641894, "veri": 0.04519478390838423, "preliminari": 3.374762719301696, "awar": 0.21088910757307266, "whom": 0.15073466581183137, "their": 0.04569914565268012, "colleg": 0.4032359498065694, "leav": 1.3467218130735386, "wa": 0.04939102814987962, "grant": 1.9334508145818252, "anwar": 1.7201996639423518, "ali": 0.03128088225132124, "cheema": 0.988820632035349, "mna": 2.6357893418186737, "request": 0.23254445600238677, "till": 0.24688645510068374, "conclus": 1.1783424854309732, "session": 0.2014365056098788, "doe": 0.2658514490437291, "him": 0.1669979956894675, "saleem": 1.357478994517084, "akbar": 0.7251190682516377, "bugti": 1.9843545512526233, "decemb": 1.202702008037328, "saifullah": 2.785574327021197, "mr": 1.9680661410539524, "kalsum": 5.149504976764661, "februari": 0.6058011128771705, "her": 0.3101752161889297, "sajjad": 1.583227844743057, "haider": 0.985825721141496, "applic": 0.35032271263161324, "sy": 0.11931846957845248, "mohammad": 0.21414581717281245, "zakaria": 3.5172523865643894, "kazmi": 2.142300302048433, "iqbal": 0.3889760497403942, "mehdi": 1.9476970604086083, "absenc": 0.7173452929783836, "purpos": 0.0873969172072642, "investig": 0.4089301537703667, "histori": 0.42177821514614533, "look": 0.16443413898454592, "mani": 0.08625381897495087, "commiss": 0.5527278459206536, "sit": 0.09272125028758406, "educ": 0.15047522878871325, "seen": 0.22061428903845268, "bhakra": 6.798163602352043, "contrari": 0.7320555122482949, "understood": 0.5451043175555982, "mean": 0.15058632513405007, "what": 0.09310880647649984, "problem": 0.4516655053173263, "such": 0.12958663542564317, "includ": 0.06738419383910818, "ani": 0.08012656222873182, "govern": 0.06400985791986198, "anyth": 0.11856441650765959, "els": 0.3307432468278236, "part": 0.033586093046233514, "given": 0.055406980312269614, "opportun": 0.09644896678445304, "big": 0.12108014110490693, "tragedi": 14.74861594422607, "human": 0.42067628674361446, "head": 0.07939202303741066, "world": 0.20512619583196234, "express": 0.6404780420018007, "regret": 0.4755983624247586, "greater": 0.7923031749603284, "whi": 0.08246242620897833, "argu": 0.9534604366394644, "whole": 0.1327771445644978, "continu": 0.20606593505865115, "write": 0.5919468729568067, "vacat": 0.8402558387729034, "approv": 0.4196875500711519, "meet": 0.09119625842471418, "need": 0.03705390371139045, "condol": 9.595153317374193, "resolut": 1.328075512457693, "parliamentari": 0.351174042040209, "affair": 0.14770101566512647, "khawaja": 6.203984742108321, "iran": 0.7036913051698316, "heartfelt": 2.4211495095017055, "sympathi": 1.087736584977173, "those": 0.06570065581357072,