{"hous": 0.0044652827258873035, "wa": 0.02324283677641394, "adjourn": 0.25853978366479385, "meet": 0.026056073835632625, "again": 0.05016645339301446, "tuesday": 1.6446408722940349, "august": 2.9649992077036553, "deputi": 2.4687306869534136, "speaker": 0.7088394389226848, "arbab": 1.4664114597177684, "alamgir": 2.7206261584463234, "khan": 0.045786606987846756, "minist": 0.028251329856323105, "commun": 0.1826340358715592, "ha": 0.0467405377303175, "inform": 0.1871507643291477, "will": 0.01340483131297464, "abl": 0.19071582713728386, "attend": 0.6541090979232896, "nation": 0.02776855850342853, "assembl": 0.0011159468855613149, "session": 0.2685820074798384, "due": 0.3754336913101024, "offici": 0.117058014013403, "visit": 0.26343169062357297, "tajikistan": 2.9186637886294564, "point": 0.03602889595010316, "order": 0.021088249219772592, "sy": 0.4772738783138099, "khurshid": 1.1993697717194691, "shah": 0.49642955449452825, "sahib": 0.44921062113473365, "religi": 0.5381998022090537, "affair": 0.14770101566512647, "ahmad": 0.09448481196688957, "leader": 0.1173089235618276, "opposit": 0.1978191958944905, "member": 0.023276699524933615, "advis": 0.8252639841765311, "weather": 3.140537400201104, "close": 0.1258775243747522, "becaus": 0.020289244224425688, "outsid": 0.15985762756062677, "avoid": 0.4893368286908692, "instead": 0.1332445080298515, "run": 0.08253782115494587, "better": 0.07337008505128344, "tomorrow": 0.1370764197310725, "talk": 0.13190579176967285, "all": 0.006268209464440637, "also": 0.00829136402662234, "ye": 0.03174149948654943, "sheikh": 0.713796266631689, "aftab": 1.7617679068668746, "ahm": 0.09620323634950226, "exactli": 0.4075874211080716, "what": 0.04655440323824992, "still": 0.04682824264120715, "come": 0.026508306737502832, "take": 0.01748302066354053, "almost": 0.23430807581991514, "three": 0.028751272991650288, "hour": 0.2096798681641879, "reach": 0.14866105179768335, "haider": 1.971651442282992, "abba": 2.023759812368196, "rizvi": 3.5697303816726063, "consen": 5.36307907706272, "said": 0.01869634367143656, "right": 0.022112814367333946, "incident": 1.9843545512526233, "same": 0.021200613619928955, "ship": 0.5952233087975329, "took": 0.1153034077229218, "about": 0.019151199262631112, "half": 0.10038888815783441, "until": 0.20429748799086053, "airport": 0.9465360004318599, "water": 0.198293103139206, "hot": 1.4331226037610978, "quit": 0.3610521575030645, "pain": 0.8274120968416023, "mani": 0.028751272991650288, "may": 0.013254153368751416, "consid": 0.0941242668305647, "appropri": 0.26932887625595775, "adjust": 0.949992225070537, "well": 0.025998977676253796, "sens": 0.3101752161889297, "arriv": 0.2150310436339692, "today": 0.02531208583470706, "shaikh": 1.1193571137660188, "salahuddin": 1.2199443506711873, "mna": 2.2592480072731487, "request": 0.13565093266805894, "grant": 1.8455666866462879, "leav": 1.2389840680276554, "person": 0.041945386782044375, "engag": 1.0771642765742395, "malik": 0.18236619068447518, "mehrunnisa": 3.410389241022028, "afridi": 1.6163800520599574, "ill": 2.0881576054709914, "farhat": 2.7835840085988046, "parliamentari": 0.234116028026806, "secretari": 0.13400971658651162, "moula": 1.826962377501194, "bakhsh": 1.0615913048728507, "chandio": 2.2275848611335705, "law": 0.03266337095077686, "justic": 0.18477938397248317, "hyderabad": 0.720062748584514, "roshan": 2.922804581295488, "uddin": 2.348478319204346, "junejo": 1.8118210008248314, "muhammad": 0.05457566958381819, "saddiqu": 3.8537246231856024, "baloch": 0.6805070300063013, "palwasha": 4.233214244890506, "mumtaz": 1.2413355406525048, "alam": 1.1960447814723416, "gillani": 1.9730549959986898, "till": 0.08229548503356125, "conclus": 0.5891712427154866, "proceed": 0.234872409920671, "india": 0.1826340358715592, "medic": 0.5397300243898214, "treatment": 0.5811583793301294, "pakistan": 0.000446378754224526, "debat": 0.013028036917816312, "monday": 0.6505503727541293, "met": 0.0035770214755437148, "parliament": 0.14607506638967535, "islamabad": 0.1658983550563245, "faisal": 1.4577450597853705, "karim": 0.8928017542974724, "kundi": 2.207092340743453, "chair": 0.0017869113532948794, "absenc": 0.23911509765946118, "recit": 0.10558370503493847, "holi": 0.07939202303741066, "quran": 0.09081238771462585, "translat": 0.17675795058790786, "allah": 0.9064776338531746, "almighti": 0.5362903114627368, "know": 0.0299003021885046, "heart": 0.9405851001503722, "these": 0.029603290221700662, "peopl": 0.036372246162005836, "their": 0.038082621377233436, "word": 0.07649696673310422, "them": 0.028251329856323105, "tell": 0.0576442427458194, "thing": 0.033586093046233514, "affect": 0.2413852461940002, "prophet": 0.6136024252821476, "sent": 0.1118034041499985, "accord": 0.03914037717030493, "command": 1.3434623896671527, "should": 0.010093166315885319, "obey": 0.9459611225775683, "when": 0.010769680041089542, "were": 0.009191859359872549, "oppress": 0.6809478499385003, "favor": 0.7908257060877705, "came": 0.0645236436167609, "forgiv": 1.6640337264567013, "messeng": 1.104431463549343, "peac": 0.2902890531841694, "bless": 0.5313426324829167, "allaah": 0.7311278683969866, "upon": 0.1874675576342835, "him": 0.027832999281577914, "would": 0.017933318988081537, "ask": 0.034971774561258294, "found": 0.09276933550158675, "forgiven": 1.1835767065003124, "merci": 0.4200770349373762, "your": 0.017560109030389265, "univers": 0.41736332906577994, "unless": 0.17622546921217408, "make": 0.022893303493923378, "fair": 0.527553313814566, "conflict": 1.0785077785395514, "tire": 1.2252494029008805, "they": 0.006492802390707662, "accept": 0.10806694445354559, "happi": 0.281674712078257, "believ": 0.09964896951512389, "jazakullah": 2.444022171167697, "bismillah": 0.5980601901327327, "rahman": 0.258577646734373, "rahim": 0.4069167302713945, "applic": 0.17516135631580662}