{"constitu": 2.5310133963420105, "assembl": 0.002455083148234893, "pakistan": 0.0015623256397858409, "april": 2.532972313968613, "whose": 0.10508779627198599, "friendship": 1.4219596971469348, "wa": 0.04939102814987962, "cherish": 3.1764928979315563, "all": 0.02507283785776255, "both": 0.1935709308502827, "side": 0.2695060442003979, "hous": 0.01160973508730699, "one": 0.026224530995310795, "those": 0.03285032790678536, "gentlemen": 2.028328456621376, "who": 0.006043666968830131, "ha": 0.004249139793665227, "today": 0.05062417166941412, "given": 0.018468993437423205, "life": 0.14195134920581332, "while": 0.13715701808276845, "still": 0.04682824264120715, "har": 2.671029217306951, "work": 0.040578488448851376, "servic": 0.07673790156139908, "therefor": 0.12571752073719433, "sad": 3.674365159479822, "should": 0.030279498947655956, "away": 0.14272325198439523, "famili": 1.94692225001339, "last": 0.08418746600610269, "hour": 0.10483993408209395, "equal": 0.27049812514684174, "die": 1.3417848263915726, "when": 0.04307872016435817, "near": 0.8613255156534169, "task": 0.5069649017681384, "which": 0.013884279251714265, "keen": 1.5617216395220934, "sit": 0.09272125028758406, "age": 0.43928201477342615, "sir": 0.04587451654978755, "join": 0.9764906482510521, "leader": 0.586544617809138, "opposit": 0.1978191958944905, "send": 0.19503311655199854, "our": 0.09594577800079418, "sympathi": 3.263209754931519, "condol": 16.791518305404836, "deceas": 4.038080218481027, "chairman": 1.4858749333629115, "honour": 0.6373975779972108, "abdul": 0.2201102551538503, "hamid": 4.084888527508956, "chair": 0.003573822706589759, "fulli": 0.25195224442014186, "associ": 0.710610030494993, "itself": 0.23374406001252115, "sentiment": 2.4672863900586983, "express": 0.32023902100090035, "small": 0.14917905232726655, "parti": 0.053633384472871776, "left": 0.11305199964246423, "after": 0.021088249219772592, "receiv": 0.06333415852349787, "legal": 0.28226642807185315, "educ": 0.15047522878871325, "provinc": 0.07649696673310422, "well": 0.129994888381269, "aligarh": 3.6035804700528864, "threw": 2.524279126297864, "himself": 0.17542727840220274, "into": 0.027603562547750454, "polit": 0.09964896951512389, "serv": 0.25195224442014186, "countri": 0.016878987423854533, "veri": 0.18077913563353692, "connect": 0.18773677287349194, "district": 0.734824538429289, "board": 0.996341079917244, "pabna": 12.377582142977422, "consid": 0.04706213341528235, "abl": 0.06357194237909462, "time": 0.026899978482122305, "exampl": 0.2189123903419417, "honest": 1.0661176624229822, "set": 0.06905663479756417, "will": 0.00670241565648732, "difficult": 0.23543706267423922, "trace": 2.042850757934232, "futur": 0.08690994373769423, "known": 0.5079280568017206, "him": 0.1669979956894675, "here": 0.11224995467480359, "love": 0.5736051730766828, "sincer": 1.7065333821207909, "frank": 2.7728119116168934, "amiabl": 4.941865611986416, "natur": 0.17409837455214916, "onli": 0.04451520524424765, "contribut": 0.586359431262585, "discuss": 0.06357194237909462, "abli": 2.6775017318125687, "assist": 0.34674576185182654, "mani": 0.028751272991650288, "import": 0.020744825097908925, "committe": 0.0623835881097159, "seat": 0.42585404761743995, "parliamentari": 0.117058014013403, "deleg": 0.7669976883925086, "onc": 0.12234038071719473, "are": 0.0053631317053829146, "sorri": 0.21088910757307266, "lose": 0.6340070474259492, "threshold": 3.5324041915849915, "frame": 0.8304795839094641, "tion": 0.6902502426008139, "lost": 0.37102810507883044, "valuabl": 0.943664910317218, "advic": 0.6004982246601629, "guidanc": 0.9153984721674016, "allah": 0.36259105354126986, "got": 0.12841173759113925, "submit": 0.10856433317307636, "wish": 0.20648987034338454, "can": 0.008066366838138097, "pray": 0.585557506600524, "soul": 2.823670716962585, "may": 0.053016613475005664, "rest": 0.11255237435103191, "peac": 0.2902890531841694, "would": 0.017933318988081537, "request": 0.019378704666865563, "member": 0.08728762321850106, "remain": 0.08399307244257102, "stand": 0.05658406146658377, "their": 0.04569914565268012, "two": 0.026960641919799612, "minut": 0.2096798681641879, "show": 0.15926731296130942, "respect": 0.03266337095077686, "depart": 0.15021585905570686, "stood": 0.5237782998939902, "now": 0.010995286359023224, "shall": 0.18183071543740978, "direct": 0.10508779627198599, "secretari": 0.13400971658651162, "commun": 0.1826340358715592, "messag": 0.7086653149726952, "bereav": 6.208593213454135, "your": 0.017560109030389265, "desir": 0.4560421836308913, "behalf": 0.7246675963566794, "adjourn": 0.17235985577652924, "till": 0.1645909700671225, "then": 0.010318620042463134, "ten": 0.09497548911117991, "clock": 0.660929752495378, "thursday": 0.8418082323576287, "gppkl73": 8.407601514786142, "ca22452770": 7.714454334226198, "tuesday": 1.6446408722940349, "met": 0.0071540429510874295, "chamber": 0.35339661772173614, "karachi": 0.19071582713728386, "half": 0.10038888815783441, "past": 0.08302266964929242, "three": 0.057502545983300575, "panel": 1.4453580505199362, "chairmen": 1.7982522716187626, "death": 2.93820557074936, "khwaja": 2.2400817489528384, "nazimuddin": 5.400982500074535, "heavi": 0.7223579068103096, "heart": 0.31352836671679074, "rise": 0.32922341115962406, "speak": 0.08035890732835123, "about": 0.019151199262631112, "tragic": 2.8090721119993622, "untim": 7.728613465032278, "colleagu": 0.9750366314658174, "had": 0.03693798687484641, "thirti": 0.6739179440102422, "year": 0.04240122723985791, "provinci": 0.26657778628123174, "legislatur": 2.830994730951654, "think": 0.028521625499539915, "continu": 0.051516483764662786, "fifteen": 0.3736187801029229, "twenti": 0.3658668032986049, "partit": 1.4303201731553956, "becam": 0.4062464889594405, "also": 0.03316545610648936, "long": 0.043326429794618315, "know": 0.0299003021885046, "good": 0.026228046512440355, "record": 0.2558087618170317, "loyal": 1.72800232894176, "muslim": 0.2823600836031788, "leaguer": 3.1346019562223963, "whom": 0.15073466581183137, "could": 0.03589663011851132, "reli": 1.363568617511458, "without": 0.06857850904138423, "ani": 0.011446651746961689, "fear": 0.49115865466388337, "loyalti": 1.6659008201340886, "be": 0.014385503189616596, "question": 0.03404777357151646, "mem": 1.6276796073138908, "ber": 1.3661898509913324, "took": 0.1153034077229218, "promin": 1.5303054432887144, "part": 0.033586093046233514, "deliber": 0.6889160195876772, "popular": 1.2887752657240654, "among": 0.3147504872477591, "great": 0.06809554714303293, "sorrow": 2.06900743658296, "like": 0.013706539714399169, "sug": 3.2035948277093476, "gest": 3.4803478296289385, "suitabl": 0.867511194640818, "resolut": 0.33201887811442327, "pass": 0.043093411035553926, "convey": 2.2017401565552395, "deep": 1.0538791843865116, "agre": 0.19388121775783698, "con": 0.8569402716808074, "vey": 4.264466788394611, "eldest": 9.947228620601994, "son": 1.1345770629319578, "other": 0.026960641919799612, "shri": 2.651859301199231, "sri": 1.5028507448243047, "chandra": 2.416136967678161, "chattopadhyaya": 3.0943955357443556, "east": 0.48027715447634917, "bengal": 1.4027195250732833, "gener": 0.038444402197309976, "wholeheartedli": 2.413640087479574, "esteem": 1.6789729017014414, "friend": 0.3451590024311477, "realli": 0.42067628674361446, "news": 0.3674768503377628, "sudden": 2.0411310670547054, "special": 0.0859367076511419, "thing": 0.033586093046233514, "children": 0.25713360316213946, "late": 0.36683252041856385, "becaus": 0.020289244224425688, "absenc": 0.7173452929783836, "they": 0.006492802390707662, "feel": 0.1465917287623155, "much": 0.029670390703413315, "dear": 0.3373206213922435, "father": 0.7209801798415232, "thingsometim": 8.407601514786142, "come": 0.026508306737502832, "knew": 1.011879906184098, "origin": 0.39690997565584185, "home": 0.18290195281890856, "dacca": 3.136250153114601, "though": 0.26379353801465827, "live": 0.07625608994041853, "use": 0.03013026654504301, "sometim": 0.3388853220713611, "pleasant": 2.24850612629421,