{"after": 0.010544124609886296, "count": 1.1607212260666633, "out": 0.08631301913769958, "deputi": 0.8229102289844712, "speaker": 0.250178625502124, "order": 0.03163237382965889, "hous": 0.003572226180709843, "pleas": 0.03589663011851132, "exercis": 0.5847562245063699, "power": 0.039836836861834625, "confer": 0.43444608134200985, "claus": 0.4075874211080716, "articl": 0.21863465113726777, "constitut": 0.05010770212758062, "islam": 0.26190477872856527, "republ": 1.2083329156679505, "pakistan": 0.000892757508449052, "herebi": 1.3874108064742179, "prorogu": 4.038080218481027, "nation": 0.034710698129285664, "assembl": 0.0013391362626735779, "session": 0.0671455018699596, "summon": 1.4145863918531825, "monday": 0.6505503727541293, "januari": 0.4702268186228477, "conclus": 0.5891712427154866, "it": 0.047234444043610185, "busi": 0.056699063091332644, "asif": 0.7815187567137625, "ali": 0.03128088225132124, "zardari": 1.2374819713365148, "presid": 0.0891031942818055, "wa": 0.008716063791155228, "debat": 0.013028036917816312, "friday": 0.7427857295004079, "februari": 0.6058011128771705, "met": 0.0035770214755437148, "hall": 0.43306867065591476, "parliament": 0.2921501327793507, "islamabad": 0.1658983550563245, "faisal": 1.4577450597853705, "karim": 0.8928017542974724, "kundi": 2.207092340743453, "chair": 0.0017869113532948794, "let": 0.04449233875262068, "check": 0.28404367972449274, "normal": 0.4227981250517368, "your": 0.03512021806077853, "right": 0.08845125746933578, "can": 0.02419910051441429, "point": 0.10808668785030948, "think": 0.028521625499539915, "decid": 0.05906368940004558, "between": 0.08545044457324046, "quorum": 5.133612396110134, "everi": 0.03335533268983864, "member": 0.011638349762466808, "recit": 0.10558370503493847, "holi": 0.07939202303741066, "quran": 0.09081238771462585, "translat": 0.17675795058790786, "those": 0.03285032790678536, "who": 0.018131000906490394, "are": 0.0026815658526914573, "afraid": 0.49298380574546397, "their": 0.007616524275446687, "lord": 0.6880275255265621, "will": 0.00670241565648732, "taken": 0.016878987423854533, "paradis": 8.21858303111854, "group": 0.3329524397194907, "even": 0.021428585808309624, "when": 0.010769680041089542, "they": 0.012985604781415324, "reach": 0.14866105179768335, "door": 0.7059491521439177, "alreadi": 0.05811716779601484, "been": 0.005594733179023111, "open": 0.07385050783256324, "there": 0.005370341839587141, "caretak": 2.0958667056332287, "welcom": 0.46169191617301036, "peac": 0.2902890531841694, "upon": 0.1874675576342835, "happi": 0.281674712078257, "enter": 0.37621618416060837, "everlast": 3.423994893077807, "say": 0.015971546345251417, "all": 0.006268209464440637, "prais": 0.7077591073891571, "allah": 0.18129552677063493, "ha": 0.008498279587330454, "made": 0.038405914751917195, "promis": 0.30380480180435027, "true": 0.22113708536405283, "heir": 1.870909917194838, "land": 0.16116772862577872, "should": 0.010093166315885319, "stay": 0.3454839320314044, "wherev": 0.4897009284582267, "want": 0.018241694879790406, "how": 0.03705390371139045, "good": 0.026228046512440355, "reward": 1.0857518009977871, "act": 0.08569354655571891, "crawl": 3.645427579988387, "jazakullah": 4.888044342335394, "bismillah": 1.1961203802654654, "rahman": 0.517155293468746, "rahim": 0.813833460542789, "ye": 0.03174149948654943, "lion": 1.3740950304984456, "arshad": 3.0441836895026513, "sahib": 0.11230265528368341, "reg": 1.205685197254516, "shireen": 1.7217405677177837, "khan": 0.011446651746961689, "fulfil": 0.20292968583533205, "request": 0.019378704666865563, "tuft": 4.217946772759717, "each": 0.07097142714899692, "be": 0.014385503189616596}