{"defenc": 17.529275555422483, "pakistan": 0.011159468855613149, "second": 0.960715196715394, "amend": 4.49950731163653, "bill": 8.232974400913221, "question": 0.40857328285819755, "requir": 0.6181978051759535, "subrul": 9.07758885211597, "rule": 0.7120893768819195, "pro": 4.096278452778417, "cedur": 16.22291424077965, "conduct": 1.0159733409186826, "busi": 0.793786883278657, "nation": 0.15272707176885691, "assembi": 4.248718431426471, "regard": 0.2985933163771422, "further": 0.952704276448928, "ordi": 2.7481192990265217, "nanc": 2.483345717371611, "also": 0.09949636831946809, "dispens": 17.694002180000815, "motion": 3.9292128272834423, "wa": 0.061012446538086594, "adopt": 1.2508606038221717, "speaker": 2.2933040671028038, "masud": 52.91100264011932, "sir": 0.3822876379148963, "beg": 2.2830874450045346, "move": 0.741078074227809, "bil": 2.7799804010955063, "ordin": 6.513349879565321, "taken": 0.11815291196698173, "into": 0.16562137528650273, "consider": 1.1215760669333448, "onc": 0.7340422843031684, "ye": 0.2856734953789449, "intend": 0.6859300780238411, "make": 0.022893303493923378, "section": 0.6137138192138517, "are": 0.042905053643063316, "awar": 0.632667322719218, "said": 0.056089031014309676, "relat": 0.17648092498460652, "con": 5.998581901765652, "stitut": 5.151438075005252, "special": 0.2578101229534257, "tribun": 5.350909545310283, "which": 0.10413209438785699, "feder": 0.1256244559183845, "govern": 0.10241577267177918, "compet": 0.5447194801446528, "constitut": 0.05010770212758062, "under": 0.09718997656923237, "subclaus": 4.955497778405663, "person": 0.20972693391022187, "shall": 2.545630016123737, "appoint": 1.420457637280222, "member": 0.04073422416863383, "less": 0.31083215756562843, "qualifi": 3.783844490310273, "judg": 4.488092315959651, "high": 0.24398018216813533, "court": 0.3882816715272165, "ha": 0.05948795711131318, "total": 0.1370764197310725, "period": 0.09179038290260261, "than": 0.02737417844306307, "three": 0.057502545983300575, "year": 0.04240122723985791, "exercis": 1.7542686735191095, "whe": 2.6145879064019995, "ther": 2.0637210806598123, "continu": 0.051516483764662786, "power": 0.07967367372366925, "code": 1.8930720008637199, "crimin": 0.6769874487224034, "procedur": 0.6837496786947763, "act": 0.08569354655571891, "hereinaft": 3.1764928979315563, "chapter": 1.105779172648211, "refer": 0.09448481196688957, "red": 0.9656947867345186, "ani": 0.12591316921657858, "one": 0.05244906199062159, "more": 0.07478537468574624, "follow": 0.0819973640048134, "name": 0.01892374560533286, "session": 0.671455018699596, "addit": 0.5309387764035576, "district": 0.734824538429289, "magistr": 5.877268123076732, "difficulti": 0.30865476584280316, "be": 0.12946952870654937, "face": 0.20923712481852327, "provinci": 0.26657778628123174, "find": 0.09276933550158675, "suitabl": 1.735022389281636, "have": 0.45344114557950665, "qualif": 3.2348042316589347, "claus": 7.336573579945289, "chang": 0.1689572543968165, "ing": 1.8386159992534301, "respect": 0.03266337095077686, "say": 0.07985773172625708, "should": 0.10093166315885319, "other": 0.04044096287969942, "exist": 0.2818461429604948, "provis": 0.2256013784927382, "can": 0.016132733676276195, "who": 0.04230566878181092, "been": 0.050352598611208, "addion": 7.021307153666252, "subsect": 1.6437166062237079, "word": 0.3824848336655211, "bracket": 2.6582085288778896, "letter": 0.3932657774867194, "figur": 0.2867154936933043, "sub": 1.4866338798214127, "virtu": 1.7068704052383326, "exclus": 1.2871571423936552, "those": 0.03285032790678536, "specifi": 0.8857422625845136, "tudg": 8.407601514786142, "assembl": 0.005802923804918838, "june": 5.182258980471065, "onli": 0.05935360699233021, "purpos": 0.6117784204508494, "facilit": 0.6884716738794109, "certain": 3.2448150850016493, "poss": 3.5172523865643894, "otherwis": 0.1714458531030179, "far": 0.037517188408117845, "concern": 0.09272125028758406, "retain": 1.4406343761721598, "will": 0.02680966262594928, "enlarg": 2.4887076605129965, "scope": 0.7334485935044679, "give": 0.04315650956884979, "facil": 0.6885721528096083, "tri": 0.04870090236449897, "bunal": 4.9110939533196625, "think": 0.028521625499539915, "hous": 0.008037508906597147, "now": 0.05497643179511612, "take": 0.026224530995310795, "there": 0.04833307655628427, "stand": 0.14146015366645942, "part": 0.13434437218493406, "short": 0.3684852306137691, "titl": 1.5954786277451776, "preambl": 2.757027901272962, "pass": 0.3016538772488775, "oppos": 2.7724796735490513, "befor": 0.01869634367143656, "adjourn": 0.8617992788826462, "meet": 0.039084110753448933, "tomorrow": 1.09661135784858, "five": 0.09833923150969437, "clock": 0.660929752495378, "afternoon": 3.5419964888785618, "friday": 2.9711429180016315, "law": 0.29397033855699173, "minist": 0.12242242937740012, "duct": 16.594166663088174, "cor": 2.263415880660497, "dispers": 2.1990114886895142, "amendmen": 4.3822498240509935, "legal": 8.750259270227447, "tender": 32.51188910975747, "inscrib": 88.72870603355271, "note": 11.255761779519988, "provid": 0.6752537198886189, "bank": 5.880181295736013, "ceas": 22.157374220088645, "four": 0.053162574671331446, "put": 0.03728551923066561, "want": 0.03648338975958081, "ahmad": 0.09448481196688957, "wahe": 1.7419177970037345, "akhtar": 0.7395078057037373, "wala": 0.5851567852968248, "becaus": 0.08115697689770275, "opposit": 0.395638391788981, "made": 0.038405914751917195, "speech": 0.1128021557935694, "posit": 0.050811844862929494, "roll": 0.8620122109391328, "request": 0.13565093266805894, "yesterday": 0.21863465113726777, "such": 0.11338830599743777, "present": 0.015971546345251417, "would": 0.10759991392848922, "upset": 0.8728388577486057, "had": 0.018468993437423205, "agreement": 1.227333086857648, "sens": 0.6203504323778594, "their": 0.038082621377233436, "point": 0.05404334392515474, "order": 0.021088249219772592, "yell": 5.316559061427827, "valid": 0.9237948271203079, "abdul": 0.5135905953589841, "hafeez": 1.6635423284747957, "pirzada": 1.010652912165129, "parliamentari": 0.234116028026806, "affair": 0.14770101566512647, "gard": 3.1346019562223963, "use": 0.21091186581530108, "saturday": 2.9097457403225495, "friend": 0.23010600162076517, "usual": 0.7036913051698316, "budget": 0.2743076535635095, "they": 0.03895681434424597, "dont": 0.17118098752075178, "therefor": 0.06285876036859717, "held": 0.12841173759113925, "even": 0.021428585808309624, "nuclear": 3.842132117662005, "reprocess": 23.470147240409176, "plant": 2.397779569556831, "late": 0.36683252041856385, "new": 0.03728551923066561, "york": 1.7393732663687398, "time": 0.035866637976163074, "again": 0.02508322669650723, "editori": 5.128114195509567, "call": 0.068557387579215, "cancel": 1.9455072791482868, "ageement": 7.308989226118033, "common": 0.25223939445800864, "polit": 0.5978938170907433, "struggl": 0.8622117651743194, "accentu": 4.188093809610036, "danger": 0.49298380574546397, "explos": 1.7716549590994968, "techno": 3.0369634866584803, "logi": 2.727428905769076, "unstabl": 3.6714030663916475, "permit": 0.5799619684197207, "support": 0.061908641532276945, "like": 0.027413079428798337, "few": 0.0757745103500855, "later": 0.15411348644023817, "may": 0.03976246010625425, "repli": 0.25569164184523807, "foreign": 0.10906196941126327, "today": 0.05062417166941412, "object": 0.3070940558806529, "discuss": 0.12714388475818925, "raja": 2.464314782541644, "aziz": 3.988593356132365, "bhatti": 5.495293586234763, "suggest": 0.25834651117414414, "fix": 0.15411348644023817, "right": 0.06633844310200183, "explain": 0.2456898431914161, "reserv": 0.7246675963566794, "bbatti": 7.308989226118033, "agre": 0.09694060887891849, "two": 0.04044096287969942, "hour": 0.10483993408209395, "six": 0.21513960601313567, "oclock": 1.192066050881927, "benefit": 0.29266672841698993, "them": 0.037668439808430806, "openli": 1.079164161890981, "how": 0.0741078074227809, "much": 0.029670390703413315, "your": 0.07024043612155706, "leg": 1.4164246276649337, "work": 0.06086773267327707,