{"govern": 0.012801971583972397, "go": 0.04239468036778725, "countx": 8.407601514786142, "quorum": 10.267224792220269, "count": 3.48216367819999, "control": 0.12259261933626443, "speaker": 0.37526793825318605, "hous": 0.0044652827258873035, "adjourn": 0.17235985577652924, "meet": 0.039084110753448933, "again": 0.0752496800895217, "thursday": 1.6836164647152574, "august": 0.9883330692345518, "wa": 0.005810709194103485, "gift": 1.2086702740979693, "member": 0.017457524643700213, "proceed": 0.234872409920671, "are": 0.008044697558074371, "suspend": 1.166311167817048, "till": 0.1645909700671225, "complet": 0.14048472792362143, "sheikh": 0.3568981333158445, "will": 0.0223413855216244, "continu": 0.051516483764662786, "respond": 0.39558327562708195, "diseas": 0.8037035462642621, "better": 0.07337008505128344, "point": 0.12610113582536106, "out": 0.08631301913769958, "too": 0.15058632513405007, "home": 0.3658039056378171, "even": 0.021428585808309624, "though": 0.26379353801465827, "your": 0.052680327091167795, "time": 0.017933318988081537, "get": 0.05934078140682663, "bad": 0.21281987634278426, "well": 0.025998977676253796, "made": 0.025603943167944794, "doctor": 0.6189754491611112, "sir": 0.061166022066383406, "sinc": 0.037980687837041345, "ha": 0.012747419380995682, "becom": 0.04030141294452259, "been": 0.011189466358046221, "post": 0.26089246258282445, "occas": 0.4517621193160701, "can": 0.008066366838138097, "attribut": 1.1118664420368611, "honor": 0.27695354662555904, "come": 0.053016613475005664, "drink": 0.7617256896013296, "defer": 0.6831548691526056, "question": 0.23833441500061525, "proced": 1.7056411487836027, "were": 0.009191859359872549, "chair": 0.003573822706589759, "befor": 0.01869634367143656, "hold": 0.17915763178210917, "would": 0.008966659494040768, "like": 0.013706539714399169, "say": 0.031943092690502835, "today": 0.05062417166941412, "relat": 0.05882697499486884, "doe": 0.04833662709885984, "then": 0.030955860127389403, "there": 0.005370341839587141, "case": 0.0308204770866506, "appli": 0.14892001852190676, "these": 0.019735526814467108, "tomorrow": 0.274152839462145, "understood": 0.5451043175555982, "what": 0.03103626882549995, "said": 0.03739268734287312, "all": 0.012536418928881275, "cant": 0.38175817063523954, "ask": 0.034971774561258294, "pleas": 0.03589663011851132, "read": 0.05434001505226932, "rule": 0.029670390703413315, "dont": 0.17118098752075178, "tri": 0.04870090236449897, "impos": 0.22784102108624305, "nation": 0.02776855850342853, "assembl": 0.0013391362626735779, "pakistan": 0.0006695681313367889, "debat": 0.026056073835632625, "wednesday": 1.8953734970900762, "met": 0.0035770214755437148, "hall": 0.43306867065591476, "parliament": 0.14607506638967535, "islamabad": 0.1658983550563245, "clock": 0.330464876247689, "morn": 0.20156375200732868, "sardar": 0.1533327446959599, "ayaz": 1.260829335333506, "sadiq": 0.868574458962148, "recit": 0.4223348201397539, "holi": 0.15878404607482133, "quran": 0.1816247754292517, "seek": 0.35817445767544936, "refug": 2.0023730567553018, "devil": 2.058462523406345, "allah": 0.36259105354126986, "begin": 0.220302244630996, "name": 0.03784749121066572, "which": 0.0069421396258571326, "most": 0.03013026654504301, "merci": 0.4200770349373762, "translat": 0.17675795058790786, "whatev": 0.10112935468555817, "end": 0.10962275932303062, "god": 0.2326113257614729, "left": 0.11305199964246423, "never": 0.1327346941008894, "those": 0.01642516395339268, "who": 0.006043666968830131, "patient": 0.7645978792254253, "give": 0.014385503189616596, "them": 0.018834219904215403, "great": 0.06809554714303293, "reward": 3.257255402993361, "deed": 3.932640408874148, "whoever": 0.7674783420907794, "good": 0.10491218604976142, "man": 0.06977425233822773, "woman": 0.9751177068690239, "believ": 0.09964896951512389, "keep": 0.04799824394467654, "him": 0.05566599856315583, "aliv": 1.0267224792220269, "world": 0.051281548957990586, "hereaft": 2.065480096064992, "alina": 3.654011323679778, "balagh": 3.744162420674076, "naat": 3.6456202448008534, "order": 0.021088249219772592, "reg": 2.411370394509032, "star": 0.4035700069334441, "answer": 0.15878404607482133, "laid": 0.7067932354434723, "tabl": 0.7156450945764015, "unstar": 1.0094274218156778, "content": 0.37816867420490013, "red": 0.9656947867345186, "beauti": 0.9032099556249045, "prophet": 0.6136024252821476, "amina": 3.7162536325569993, "kalal": 6.105016421792097, "break": 0.41263199208826556, "moon": 2.004027316851328, "joint": 0.43893581431990786, "perfect": 1.5354734134471573, "parveen": 1.831131945737919, "masood": 1.3626963976567723, "bhatti": 1.0990587172469526, "sahib": 0.11230265528368341, "abdul": 0.2201102551538503, "sattar": 2.390246173172678, "bachhani": 5.1397421352404065, "stood": 0.5237782998939902, "speak": 0.08035890732835123, "seat": 0.14195134920581332, "open": 0.14770101566512647, "mike": 4.263105166139148, "bachani": 4.438674783407106, "ye": 0.03174149948654943, "fed": 1.5354734134471573, "none": 0.6884716738794109, "now": 0.010995286359023224, "everyon": 0.2702056847294921}